2025-05-03 13:16:30 - Executing Button_01 : To validate button1 short press 

2025-05-03 13:16:39 - Executing Location_01 : To validate Location packet 
 
2025-05-10 16:44:28 - Executing Button_01 : To validate button1 short press 

2025-05-10 16:44:31 - tag1skey1
2025-05-10 16:44:38 - Executing Location_01 : To validate Location packet 
 
2025-05-10 16:44:41 - servo1.start
2025-05-10 16:44:48 - servo1.stop
2025-05-10 16:44:49 - Executing Battery_01 : To validate battery voltage 
  
2025-05-10 16:44:52 - tag1skey1
2025-05-10 16:44:59 - Executing Version_01 : To validate tag FW version 
  
2025-05-10 16:45:02 - tag1skey1
2025-05-10 16:45:12 - tag1skey2
2025-05-10 16:45:22 - tag1skey3
2025-05-10 16:45:31 - tag1lkey1
2025-05-10 16:45:41 - tag1lkey2
2025-05-10 16:45:51 - tag1lkey3
2025-05-10 16:46:01 - tag1dkey1
2025-05-10 16:46:10 - tag1dkey2
2025-05-10 16:46:20 - tag1multiskey1,2
2025-05-10 16:46:27 - Executing Button_10 : To validate simultaneous short key press on 1,3  
2025-05-10 16:46:30 - tag1multiskey1,3
2025-05-10 16:46:38 - Executing Motion_01 : To validate Resting state to Motion state  
2025-05-10 16:46:41 - servo1.start
2025-05-10 16:46:52 - servo1.start
2025-05-10 16:46:55 - servo1.stop
2025-05-10 16:47:36 - servo1.start
2025-05-10 16:50:08 - servo1.stop
2025-05-10 16:50:14 - servo1.start
2025-05-10 16:50:17 - servo1.stop
2025-05-10 16:51:05 - Executing Button_01 : To validate button1 short press 

2025-05-10 16:51:08 - tag1skey1
2025-05-10 16:51:15 - Executing Location_01 : To validate Location packet 
 
2025-05-10 16:51:18 - servo1.start
2025-05-10 16:51:25 - servo1.stop
2025-05-10 16:51:26 - Executing Battery_01 : To validate battery voltage 
  
2025-05-10 16:51:29 - tag1skey1
2025-05-10 16:51:36 - Executing Version_01 : To validate tag FW version 
  
2025-05-10 16:51:39 - tag1skey1
2025-05-10 16:51:48 - tag1skey2
2025-05-10 16:51:58 - tag1skey3
2025-05-10 16:52:08 - tag1lkey1
2025-05-10 16:54:32 - Executing Button_01 : To validate button1 short press 

2025-05-10 16:54:35 - tag1skey1
2025-05-10 16:54:41 - Executing Location_01 : To validate Location packet 
 
2025-05-10 16:54:44 - servo1.start
2025-05-10 16:54:51 - servo1.stop
2025-05-10 16:54:52 - Executing Battery_01 : To validate battery voltage 
  
2025-05-10 16:54:55 - tag1skey1
2025-05-10 16:55:02 - Executing Version_01 : To validate tag FW version 
  
2025-05-10 16:55:05 - tag1skey1
2025-05-10 16:55:15 - tag1skey2
2025-05-10 16:55:25 - tag1skey3
2025-05-10 16:55:35 - tag1lkey1
2025-05-10 16:55:45 - tag1lkey2
2025-05-10 16:55:54 - tag1lkey3
2025-05-10 16:56:04 - tag1dkey1
2025-05-10 16:56:14 - tag1dkey2
2025-05-10 16:56:24 - tag1multiskey1,2
2025-05-10 16:56:30 - Executing Button_10 : To validate simultaneous short key press on 1,3  
2025-05-10 16:56:33 - tag1multiskey1,3
2025-05-10 16:56:40 - Executing Motion_01 : To validate Resting state to Motion state  
2025-05-10 16:56:43 - servo1.start
2025-05-10 16:56:55 - servo1.start
2025-05-10 16:56:58 - servo1.stop
2025-05-10 16:57:39 - servo1.start
2025-05-10 17:00:11 - servo1.stop
2025-05-10 17:00:17 - servo1.start
2025-05-10 17:00:20 - servo1.stop
2025-05-10 17:00:48 - Executing Button_01 : To validate button1 short press 

2025-05-10 17:00:51 - tag1skey1
2025-05-10 17:00:58 - Executing Location_01 : To validate Location packet 
 
2025-05-10 17:01:01 - servo1.start
2025-05-10 17:01:08 - servo1.stop
2025-05-10 17:01:09 - Executing Battery_01 : To validate battery voltage 
  
2025-05-10 17:01:12 - tag1skey1
2025-05-10 17:01:19 - Executing Version_01 : To validate tag FW version 
  
2025-05-10 17:01:22 - tag1skey1
2025-05-10 17:01:32 - tag1skey2
2025-05-10 17:01:42 - tag1skey3
2025-05-10 17:01:52 - tag1lkey1
2025-05-10 17:02:01 - tag1lkey2
2025-05-10 17:02:11 - tag1lkey3
2025-05-10 17:02:21 - tag1dkey1
2025-05-10 17:02:31 - tag1dkey2
2025-05-10 17:02:40 - tag1multiskey1,2
2025-05-10 17:10:28 - Executing Button_01 : To validate button1 short press 

2025-05-10 17:10:37 - Executing Location_01 : To validate Location packet 
 
2025-05-10 17:10:46 - Executing Battery_01 : To validate battery voltage 
  
2025-05-10 17:10:55 - Executing Version_01 : To validate tag FW version 
  
2025-05-10 19:50:04 - Executing Button_01 : To validate button1 short press 

2025-05-10 19:50:07 - tag1skey1
2025-05-10 19:50:14 - Executing Location_01 : To validate Location packet 
 
2025-05-10 19:50:17 - servo1.start
2025-05-10 19:50:24 - servo1.stop
2025-05-10 19:50:25 - Executing Battery_01 : To validate battery voltage 
  
2025-05-10 19:50:28 - tag1skey1
2025-05-10 19:50:35 - Executing Version_01 : To validate tag FW version 
  
2025-05-10 19:50:38 - tag1skey1
2025-05-10 19:50:48 - tag1skey2
2025-05-10 19:50:58 - tag1skey3
2025-05-10 19:51:07 - tag1lkey1
2025-05-10 19:51:17 - tag1lkey2
2025-05-10 19:51:27 - tag1lkey3
2025-05-10 19:51:37 - tag1dkey1
2025-05-10 19:51:47 - tag1dkey2
2025-05-10 19:51:56 - tag1multiskey1,2
2025-05-10 19:52:03 - Executing Button_10 : To validate simultaneous short key press on 1,3  
2025-05-10 19:53:12 - Executing Button_01 : To validate button1 short press 

2025-05-10 19:53:15 - tag1skey1
2025-05-10 19:53:22 - Executing Location_01 : To validate Location packet 
 
2025-05-10 19:53:25 - servo1.start
2025-05-10 19:53:31 - servo1.stop
2025-05-10 19:53:32 - Executing Battery_01 : To validate battery voltage 
  
2025-05-10 19:53:35 - tag1skey1
2025-05-10 19:53:42 - Executing Version_01 : To validate tag FW version 
  
2025-05-10 19:53:45 - tag1skey1
2025-05-10 19:53:55 - tag1skey2
2025-05-10 19:54:04 - tag1skey3
2025-05-10 19:54:14 - tag1lkey1
2025-05-10 19:54:24 - tag1lkey2
2025-05-10 19:54:34 - tag1lkey3
2025-05-10 19:54:44 - tag1dkey1
2025-05-10 19:54:53 - tag1dkey2
2025-05-10 19:55:03 - tag1multiskey1,2
2025-05-10 19:55:10 - Executing Button_10 : To validate simultaneous short key press on 1,3  
2025-05-10 19:55:13 - tag1multiskey1,3
2025-05-10 19:55:20 - Executing Motion_01 : To validate Resting state to Motion state  
2025-05-10 19:55:23 - servo1.start
2025-05-10 19:55:34 - servo1.start
2025-05-10 19:55:37 - servo1.stop
2025-05-10 19:56:18 - servo1.start
2025-05-10 22:22:06 - Executing Button_01 : To validate button1 short press 

2025-05-10 22:22:09 - tag1skey1
2025-05-10 22:22:16 - Executing Location_01 : To validate Location packet 
 
2025-05-10 22:22:19 - servo1.start
2025-05-10 22:22:25 - servo1.stop
2025-05-10 22:22:27 - Executing Battery_01 : To validate battery voltage 
  
2025-05-10 22:22:30 - tag1skey1
2025-05-10 22:22:36 - Executing Version_01 : To validate tag FW version 
  
2025-05-10 22:22:39 - tag1skey1
2025-05-10 22:22:49 - tag1skey2
2025-05-10 22:22:59 - tag1skey3
2025-05-10 22:23:09 - tag1lkey1
2025-05-10 22:23:18 - tag1lkey2
2025-05-10 22:23:28 - tag1lkey3
2025-05-10 22:23:38 - tag1dkey1
2025-05-10 22:23:48 - tag1dkey2
2025-05-10 22:23:57 - tag1multiskey1,2
2025-05-10 22:24:04 - Executing Button_10 : To validate simultaneous short key press on 1,3  
2025-05-10 22:24:07 - tag1multiskey1,3
2025-05-10 22:24:14 - Executing Motion_01 : To validate Resting state to Motion state  
2025-05-10 22:24:17 - servo1.start
2025-05-10 22:24:29 - servo1.start
2025-05-10 22:24:32 - servo1.stop
2025-05-10 22:25:13 - servo1.start
2025-05-10 22:27:44 - servo1.stop
2025-05-10 22:27:50 - servo1.start
2025-05-10 22:27:53 - servo1.stop
2025-05-10 22:28:34 - servo1.start
2025-05-10 22:29:20 - Executing Button_01 : To validate button1 short press 

2025-05-10 22:29:23 - tag1skey1
2025-05-10 22:29:30 - Executing Location_01 : To validate Location packet 
 
2025-05-10 22:29:33 - servo1.start
2025-05-10 22:29:40 - servo1.stop
2025-05-10 22:29:41 - Executing Battery_01 : To validate battery voltage 
  
2025-05-10 22:29:44 - tag1skey1
2025-05-10 22:29:51 - Executing Version_01 : To validate tag FW version 
  
2025-05-10 22:29:54 - tag1skey1
2025-05-10 22:30:03 - tag1skey2
2025-05-10 22:30:13 - tag1skey3
2025-05-10 22:30:23 - tag1lkey1
2025-05-10 22:30:33 - tag1lkey2
2025-05-10 22:30:43 - tag1lkey3
2025-05-10 22:30:52 - tag1dkey1
2025-05-10 22:31:02 - tag1dkey2
2025-05-10 22:31:12 - tag1multiskey1,2
2025-05-10 22:31:19 - Executing Button_10 : To validate simultaneous short key press on 1,3  
2025-05-10 22:31:22 - tag1multiskey1,3
2025-05-10 22:31:29 - Executing Motion_01 : To validate Resting state to Motion state  
2025-05-10 22:31:32 - servo1.start
2025-05-10 22:31:44 - servo1.start
2025-05-10 22:31:47 - servo1.stop
2025-05-10 22:32:28 - servo1.start
2025-05-12 14:54:19 - Executing Button_01 : To validate button1 short press 

2025-05-12 14:54:22 - tag1skey1
2025-05-12 14:54:29 - Executing Location_01 : To validate Location packet 
 
2025-05-12 14:54:32 - servo1.start
2025-05-12 14:54:39 - servo1.stop
2025-05-12 14:54:40 - Executing Battery_01 : To validate battery voltage 
  
2025-05-12 14:54:43 - tag1skey1
2025-05-12 14:54:50 - Executing Version_01 : To validate tag FW version 
  
2025-05-12 14:54:53 - tag1skey1
2025-05-12 14:55:03 - tag1skey2
2025-05-12 14:55:12 - tag1skey3
2025-05-12 14:55:22 - tag1lkey1
2025-05-12 14:55:32 - tag1lkey2
2025-05-12 14:55:42 - tag1lkey3
2025-05-12 14:55:51 - tag1dkey1
2025-05-12 14:56:01 - tag1dkey2
2025-05-12 14:56:11 - tag1multiskey1,2
2025-05-12 14:56:18 - Executing Button_10 : To validate simultaneous short key press on 1,3  
2025-05-12 14:56:21 - tag1multiskey1,3
2025-05-12 14:56:27 - Executing Motion_01 : To validate Resting state to Motion state  
2025-05-12 14:56:30 - servo1.start
2025-05-12 14:56:42 - servo1.start
2025-05-12 14:56:45 - servo1.stop
2025-05-12 14:57:26 - servo1.start
2025-05-12 14:59:57 - servo1.stop
2025-05-12 15:00:03 - servo1.start
2025-05-12 15:00:06 - servo1.stop
2025-05-12 15:00:47 - servo1.start
2025-05-12 15:17:36 - Executing Button_01 : To validate button1 short press 

2025-05-12 15:17:44 - Executing Location_01 : To validate Location packet 
 
2025-05-12 15:40:22 - Executing Button_01 : To validate button1 short press 

2025-05-12 15:40:30 - Executing Location_01 : To validate Location packet 
 
2025-05-12 15:40:39 - Executing Battery_01 : To validate battery voltage 
  
2025-05-12 15:41:27 - tag1skey3
2025-05-12 15:45:50 - tag1skey3
2025-05-12 15:46:33 - tag1skey3
2025-05-12 15:47:04 - tag1skey3
2025-05-12 15:47:53 - tag1skey3
2025-05-12 15:52:59 - tag1skey3
2025-05-12 17:23:28 - tag1skey3
2025-05-12 18:22:35 - tag1skey3
2025-05-12 18:24:18 - tag1skey2
2025-05-12 18:56:46 - tag1skey3
2025-05-12 19:57:23 - tag1skey3
2025-05-12 19:58:18 - tag1skey3
2025-05-12 20:27:37 - tag1skey3
2025-05-12 20:27:47 - {"Device Type": "Tag", "Tag ID": 17686523, "RSSI": "-55.00 dBm", "Monitor ID": 8449603, "CMD": 0, "Status Byte": "00000010", "Button 4": "0", "Button 3": "0", "Button 2": "0", "Button 1": "0", "Motion Flag": "0", "Retry Count": 1, "Reserved": "0", "IR ID": 501, "Version": 109, "Astar ID": 1, "LBI": 3008, "CMD3": "c00b07", "Timestamp": "2025-05-12 14:57:42", "EKEY": 0, "LF Flag": 3}
2025-05-12 20:27:47 - Mismatch for 'Button 3': Expected 1, Got 0
2025-05-12 20:27:47 - Validation failed with mismatches:
2025-05-12 20:27:47 - Key: Button 3, Expected: 1, Actual: 0
2025-05-12 20:27:47 - {"Device Type": "Monitor", "Tag ID": 232479233, "RSSI": "-71.50 dBm", "Monitor ID": 15614752, "CMD": 128, "Status Byte": "00000000", "Button 4": "0", "Button 3": "0", "Button 2": "0", "Button 1": "0", "Motion Flag": "0", "Retry Count": 0, "Reserved": "0", "IR ID": 62722, "Version": 1, "Astar ID": 271, "LBI": 34304, "CMD3": "0b1e00", "Timestamp": "1988-02-07 13:11:48", "EKEY": 104, "LF Flag": 0}
2025-05-12 20:27:47 - Mismatch for 'Tag ID': Expected 17686523, Got 232479233
2025-05-12 20:27:47 - Mismatch for 'Button 3': Expected 1, Got 0
2025-05-12 20:27:47 - Validation failed with mismatches:
2025-05-12 20:27:47 - Key: Tag ID, Expected: 17686523, Actual: 232479233
2025-05-12 20:27:47 - Key: Button 3, Expected: 1, Actual: 0
2025-05-12 20:27:47 - {"Device Type": "Monitor", "Tag ID": 268108063, "RSSI": "-94.50 dBm", "Monitor ID": 4402701, "CMD": 238, "Status Byte": "10000000", "Button 4": "1", "Button 3": "0", "Button 2": "0", "Button 1": "0", "Motion Flag": "0", "Retry Count": 0, "Reserved": "0", "IR ID": 16896, "Version": 245, "Astar ID": 27905, "LBI": 1, "CMD3": "c00b1c", "Timestamp": "1976-08-04 14:19:44", "EKEY": 34, "LF Flag": 104}
2025-05-12 20:27:47 - Mismatch for 'Tag ID': Expected 17686523, Got 268108063
2025-05-12 20:27:47 - Mismatch for 'Button 4': Expected 0, Got 1
2025-05-12 20:27:47 - Mismatch for 'Button 3': Expected 1, Got 0
2025-05-12 20:27:47 - Validation failed with mismatches:
2025-05-12 20:27:47 - Key: Tag ID, Expected: 17686523, Actual: 268108063
2025-05-12 20:27:47 - Key: Button 4, Expected: 0, Actual: 1
2025-05-12 20:27:47 - Key: Button 3, Expected: 1, Actual: 0
2025-05-12 20:28:35 - tag1skey3
2025-05-12 20:28:42 - {"Device Type": "Tag", "Tag ID": 17684585, "RSSI": "-74.00 dBm", "Monitor ID": 0, "CMD": 0, "Status Byte": "00000010", "Button 4": "0", "Button 3": "0", "Button 2": "0", "Button 1": "0", "Motion Flag": "0", "Retry Count": 1, "Reserved": "0", "IR ID": 0, "Version": 2, "Astar ID": 1, "LBI": 2954, "CMD3": "190014", "Timestamp": "2025-05-12 14:58:38", "EKEY": 0, "LF Flag": 2}
2025-05-12 20:28:42 - Mismatch for 'Tag ID': Expected 17686523, Got 17684585
2025-05-12 20:28:42 - Mismatch for 'Button 3': Expected 1, Got 0
2025-05-12 20:28:42 - Validation failed with mismatches:
2025-05-12 20:28:42 - Key: Tag ID, Expected: 17686523, Actual: 17684585
2025-05-12 20:28:42 - Key: Button 3, Expected: 1, Actual: 0
2025-05-12 20:28:42 - {"Device Type": "Monitor", "Tag ID": 232782593, "RSSI": "-71.50 dBm", "Monitor ID": 15614766, "CMD": 128, "Status Byte": "00000000", "Button 4": "0", "Button 3": "0", "Button 2": "0", "Button 1": "0", "Motion Flag": "0", "Retry Count": 0, "Reserved": "0", "IR ID": 62722, "Version": 1, "Astar ID": 365, "LBI": 49152, "CMD3": "0bc00b", "Timestamp": "1988-02-07 17:10:31", "EKEY": 104, "LF Flag": 0}
2025-05-12 20:28:42 - Mismatch for 'Tag ID': Expected 17686523, Got 232782593
2025-05-12 20:28:42 - Mismatch for 'Button 3': Expected 1, Got 0
2025-05-12 20:28:42 - Validation failed with mismatches:
2025-05-12 20:28:42 - Key: Tag ID, Expected: 17686523, Actual: 232782593
2025-05-12 20:28:42 - Key: Button 3, Expected: 1, Actual: 0
2025-05-12 20:37:26 - tag1skey3
2025-05-12 20:37:37 - {"Device Type": "Tag", "Tag ID": 17686523, "RSSI": "-53.00 dBm", "Monitor ID": 8449603, "CMD": 0, "Status Byte": "01000010", "Button 4": "0", "Button 3": "1", "Button 2": "0", "Button 1": "0", "Motion Flag": "0", "Retry Count": 1, "Reserved": "0", "IR ID": 501, "Version": 28, "Astar ID": 1, "LBI": 3008, "CMD3": "c00b07", "Timestamp": "2025-05-12 15:07:30", "EKEY": 4, "LF Flag": 3}
2025-05-12 20:37:37 - Validation successful!
2025-05-16 17:59:52 - tag1skey3
2025-05-16 17:59:59 - {"Device Type": "Tag", "Tag ID": 8477407, "RSSI": "-48.00 dBm", "Monitor ID": 0, "CMD": 0, "Status Byte": "10000010", "Button 4": "1", "Button 3": "0", "Button 2": "0", "Button 1": "0", "Motion Flag": "0", "Retry Count": 1, "Reserved": "0", "IR ID": 0, "Version": 0, "Astar ID": 100, "LBI": 2415, "CMD3": "6f0907", "Timestamp": "2025-05-16 12:29:54", "EKEY": 0, "LF Flag": 138}
2025-05-16 17:59:59 - Mismatch for 'Tag ID': Expected 17686523, Got 8477407
2025-05-16 17:59:59 - Mismatch for 'Button 4': Expected 0, Got 1
2025-05-16 17:59:59 - Mismatch for 'Button 3': Expected 1, Got 0
2025-05-16 17:59:59 - Validation failed with mismatches:
2025-05-16 17:59:59 - Key: Tag ID, Expected: 17686523, Actual: 8477407
2025-05-16 17:59:59 - Key: Button 4, Expected: 0, Actual: 1
2025-05-16 17:59:59 - Key: Button 3, Expected: 1, Actual: 0
2025-05-16 17:59:59 - {"Device Type": "Tag", "Tag ID": 17659951, "RSSI": "-76.00 dBm", "Monitor ID": 0, "CMD": 0, "Status Byte": "00000000", "Button 4": "0", "Button 3": "0", "Button 2": "0", "Button 1": "0", "Motion Flag": "0", "Retry Count": 0, "Reserved": "0", "IR ID": 0, "Version": 28, "Astar ID": 900, "LBI": 2732, "CMD3": "ac0a07", "Timestamp": "2025-05-16 12:29:54", "EKEY": 0, "LF Flag": 146}
2025-05-16 17:59:59 - Mismatch for 'Tag ID': Expected 17686523, Got 17659951
2025-05-16 17:59:59 - Mismatch for 'Button 3': Expected 1, Got 0
2025-05-16 17:59:59 - Validation failed with mismatches:
2025-05-16 17:59:59 - Key: Tag ID, Expected: 17686523, Actual: 17659951
2025-05-16 17:59:59 - Key: Button 3, Expected: 1, Actual: 0
2025-05-16 17:59:59 - {"Device Type": "Tag", "Tag ID": 17655985, "RSSI": "-87.00 dBm", "Monitor ID": 0, "CMD": 0, "Status Byte": "00000000", "Button 4": "0", "Button 3": "0", "Button 2": "0", "Button 1": "0", "Motion Flag": "0", "Retry Count": 0, "Reserved": "0", "IR ID": 0, "Version": 20, "Astar ID": 900, "LBI": 2828, "CMD3": "0c0b07", "Timestamp": "2025-05-16 12:29:54", "EKEY": 0, "LF Flag": 146}
2025-05-16 17:59:59 - Mismatch for 'Tag ID': Expected 17686523, Got 17655985
2025-05-16 17:59:59 - Mismatch for 'Button 3': Expected 1, Got 0
2025-05-16 17:59:59 - Validation failed with mismatches:
2025-05-16 17:59:59 - Key: Tag ID, Expected: 17686523, Actual: 17655985
2025-05-16 17:59:59 - Key: Button 3, Expected: 1, Actual: 0
2025-05-16 17:59:59 - {"Device Type": "Tag", "Tag ID": 17655985, "RSSI": "-77.00 dBm", "Monitor ID": 0, "CMD": 0, "Status Byte": "00000000", "Button 4": "0", "Button 3": "0", "Button 2": "0", "Button 1": "0", "Motion Flag": "0", "Retry Count": 0, "Reserved": "0", "IR ID": 0, "Version": 20, "Astar ID": 900, "LBI": 2828, "CMD3": "0c0b07", "Timestamp": "2025-05-16 12:29:54", "EKEY": 0, "LF Flag": 146}
2025-05-16 17:59:59 - Mismatch for 'Tag ID': Expected 17686523, Got 17655985
2025-05-16 17:59:59 - Mismatch for 'Button 3': Expected 1, Got 0
2025-05-16 17:59:59 - Validation failed with mismatches:
2025-05-16 17:59:59 - Key: Tag ID, Expected: 17686523, Actual: 17655985
2025-05-16 17:59:59 - Key: Button 3, Expected: 1, Actual: 0
2025-05-16 17:59:59 - {"Device Type": "Tag", "Tag ID": 4213228, "RSSI": "-94.00 dBm", "Monitor ID": 0, "CMD": 0, "Status Byte": "00000000", "Button 4": "0", "Button 3": "0", "Button 2": "0", "Button 1": "0", "Motion Flag": "0", "Retry Count": 0, "Reserved": "0", "IR ID": 0, "Version": 28, "Astar ID": 900, "LBI": 2926, "CMD3": "6e0b07", "Timestamp": "2025-05-16 12:29:54", "EKEY": 0, "LF Flag": 146}
2025-05-16 17:59:59 - Mismatch for 'Tag ID': Expected 17686523, Got 4213228
2025-05-16 17:59:59 - Mismatch for 'Button 3': Expected 1, Got 0
2025-05-16 17:59:59 - Validation failed with mismatches:
2025-05-16 17:59:59 - Key: Tag ID, Expected: 17686523, Actual: 4213228
2025-05-16 17:59:59 - Key: Button 3, Expected: 1, Actual: 0
2025-05-16 17:59:59 - {"Device Type": "Tag", "Tag ID": 11018244, "RSSI": "-78.00 dBm", "Monitor ID": 0, "CMD": 85, "Status Byte": "10000110", "Button 4": "1", "Button 3": "0", "Button 2": "0", "Button 1": "0", "Motion Flag": "0", "Retry Count": 3, "Reserved": "0", "IR ID": 0, "Version": 42, "Astar ID": 100, "LBI": 3786, "CMD3": "255100", "Timestamp": "2025-05-16 12:29:54", "EKEY": 0, "LF Flag": 138}
2025-05-16 17:59:59 - Mismatch for 'Tag ID': Expected 17686523, Got 11018244
2025-05-16 17:59:59 - Mismatch for 'Button 4': Expected 0, Got 1
2025-05-16 17:59:59 - Mismatch for 'Button 3': Expected 1, Got 0
2025-05-16 17:59:59 - Validation failed with mismatches:
2025-05-16 17:59:59 - Key: Tag ID, Expected: 17686523, Actual: 11018244
2025-05-16 17:59:59 - Key: Button 4, Expected: 0, Actual: 1
2025-05-16 17:59:59 - Key: Button 3, Expected: 1, Actual: 0
2025-05-16 17:59:59 - {"Device Type": "Tag", "Tag ID": 4213846, "RSSI": "-88.00 dBm", "Monitor ID": 0, "CMD": 0, "Status Byte": "00000000", "Button 4": "0", "Button 3": "0", "Button 2": "0", "Button 1": "0", "Motion Flag": "0", "Retry Count": 0, "Reserved": "0", "IR ID": 0, "Version": 28, "Astar ID": 900, "LBI": 2916, "CMD3": "640b07", "Timestamp": "2025-05-16 12:29:54", "EKEY": 0, "LF Flag": 146}
2025-05-16 17:59:59 - Mismatch for 'Tag ID': Expected 17686523, Got 4213846
2025-05-16 17:59:59 - Mismatch for 'Button 3': Expected 1, Got 0
2025-05-16 17:59:59 - Validation failed with mismatches:
2025-05-16 17:59:59 - Key: Tag ID, Expected: 17686523, Actual: 4213846
2025-05-16 17:59:59 - Key: Button 3, Expected: 1, Actual: 0
2025-05-16 17:59:59 - {"Device Type": "Tag", "Tag ID": 17655867, "RSSI": "-86.00 dBm", "Monitor ID": 0, "CMD": 0, "Status Byte": "00000000", "Button 4": "0", "Button 3": "0", "Button 2": "0", "Button 1": "0", "Motion Flag": "0", "Retry Count": 0, "Reserved": "0", "IR ID": 0, "Version": 20, "Astar ID": 900, "LBI": 2738, "CMD3": "b20a07", "Timestamp": "2025-05-16 12:29:54", "EKEY": 0, "LF Flag": 146}
2025-05-16 17:59:59 - Mismatch for 'Tag ID': Expected 17686523, Got 17655867
2025-05-16 17:59:59 - Mismatch for 'Button 3': Expected 1, Got 0
2025-05-16 17:59:59 - Validation failed with mismatches:
2025-05-16 17:59:59 - Key: Tag ID, Expected: 17686523, Actual: 17655867
2025-05-16 17:59:59 - Key: Button 3, Expected: 1, Actual: 0
2025-05-16 17:59:59 - {"Device Type": "Tag", "Tag ID": 4202390, "RSSI": "-75.00 dBm", "Monitor ID": 0, "CMD": 0, "Status Byte": "00000000", "Button 4": "0", "Button 3": "0", "Button 2": "0", "Button 1": "0", "Motion Flag": "0", "Retry Count": 0, "Reserved": "0", "IR ID": 0, "Version": 28, "Astar ID": 900, "LBI": 2745, "CMD3": "b90a07", "Timestamp": "2025-05-16 12:29:54", "EKEY": 0, "LF Flag": 146}
2025-05-16 17:59:59 - Mismatch for 'Tag ID': Expected 17686523, Got 4202390
2025-05-16 17:59:59 - Mismatch for 'Button 3': Expected 1, Got 0
2025-05-16 17:59:59 - Validation failed with mismatches:
2025-05-16 17:59:59 - Key: Tag ID, Expected: 17686523, Actual: 4202390
2025-05-16 17:59:59 - Key: Button 3, Expected: 1, Actual: 0
2025-05-16 17:59:59 - {"Device Type": "Tag", "Tag ID": 8447206, "RSSI": "-58.00 dBm", "Monitor ID": 0, "CMD": 0, "Status Byte": "00000010", "Button 4": "0", "Button 3": "0", "Button 2": "0", "Button 1": "0", "Motion Flag": "0", "Retry Count": 1, "Reserved": "0", "IR ID": 0, "Version": 21, "Astar ID": 100, "LBI": 3050, "CMD3": "150006", "Timestamp": "2025-05-16 12:29:54", "EKEY": 0, "LF Flag": 138}
2025-05-16 17:59:59 - Mismatch for 'Tag ID': Expected 17686523, Got 8447206
2025-05-16 17:59:59 - Mismatch for 'Button 3': Expected 1, Got 0
2025-05-16 17:59:59 - Validation failed with mismatches:
2025-05-16 17:59:59 - Key: Tag ID, Expected: 17686523, Actual: 8447206
2025-05-16 17:59:59 - Key: Button 3, Expected: 1, Actual: 0
2025-05-16 17:59:59 - {"Device Type": "Tag", "Tag ID": 4202390, "RSSI": "-75.00 dBm", "Monitor ID": 0, "CMD": 0, "Status Byte": "00000000", "Button 4": "0", "Button 3": "0", "Button 2": "0", "Button 1": "0", "Motion Flag": "0", "Retry Count": 0, "Reserved": "0", "IR ID": 0, "Version": 28, "Astar ID": 900, "LBI": 2745, "CMD3": "b90a07", "Timestamp": "2025-05-16 12:29:54", "EKEY": 0, "LF Flag": 146}
2025-05-16 17:59:59 - Mismatch for 'Tag ID': Expected 17686523, Got 4202390
2025-05-16 17:59:59 - Mismatch for 'Button 3': Expected 1, Got 0
2025-05-16 17:59:59 - Validation failed with mismatches:
2025-05-16 17:59:59 - Key: Tag ID, Expected: 17686523, Actual: 4202390
2025-05-16 17:59:59 - Key: Button 3, Expected: 1, Actual: 0
2025-05-16 17:59:59 - {"Device Type": "Tag", "Tag ID": 17655867, "RSSI": "-82.00 dBm", "Monitor ID": 0, "CMD": 0, "Status Byte": "00000000", "Button 4": "0", "Button 3": "0", "Button 2": "0", "Button 1": "0", "Motion Flag": "0", "Retry Count": 0, "Reserved": "0", "IR ID": 0, "Version": 20, "Astar ID": 900, "LBI": 2738, "CMD3": "b20a07", "Timestamp": "2025-05-16 12:29:54", "EKEY": 0, "LF Flag": 146}
2025-05-16 17:59:59 - Mismatch for 'Tag ID': Expected 17686523, Got 17655867
2025-05-16 17:59:59 - Mismatch for 'Button 3': Expected 1, Got 0
2025-05-16 17:59:59 - Validation failed with mismatches:
2025-05-16 17:59:59 - Key: Tag ID, Expected: 17686523, Actual: 17655867
2025-05-16 17:59:59 - Key: Button 3, Expected: 1, Actual: 0
2025-05-16 17:59:59 - {"Device Type": "Tag", "Tag ID": 4202390, "RSSI": "-75.00 dBm", "Monitor ID": 0, "CMD": 0, "Status Byte": "00000000", "Button 4": "0", "Button 3": "0", "Button 2": "0", "Button 1": "0", "Motion Flag": "0", "Retry Count": 0, "Reserved": "0", "IR ID": 0, "Version": 28, "Astar ID": 900, "LBI": 2745, "CMD3": "b90a07", "Timestamp": "2025-05-16 12:29:54", "EKEY": 0, "LF Flag": 146}
2025-05-16 17:59:59 - Mismatch for 'Tag ID': Expected 17686523, Got 4202390
2025-05-16 17:59:59 - Mismatch for 'Button 3': Expected 1, Got 0
2025-05-16 17:59:59 - Validation failed with mismatches:
2025-05-16 17:59:59 - Key: Tag ID, Expected: 17686523, Actual: 4202390
2025-05-16 17:59:59 - Key: Button 3, Expected: 1, Actual: 0
2025-05-16 17:59:59 - {"Device Type": "Tag", "Tag ID": 17655418, "RSSI": "-78.00 dBm", "Monitor ID": 0, "CMD": 0, "Status Byte": "00000000", "Button 4": "0", "Button 3": "0", "Button 2": "0", "Button 1": "0", "Motion Flag": "0", "Retry Count": 0, "Reserved": "0", "IR ID": 0, "Version": 20, "Astar ID": 900, "LBI": 2894, "CMD3": "4e0b07", "Timestamp": "2025-05-16 12:29:54", "EKEY": 0, "LF Flag": 146}
2025-05-16 17:59:59 - Mismatch for 'Tag ID': Expected 17686523, Got 17655418
2025-05-16 17:59:59 - Mismatch for 'Button 3': Expected 1, Got 0
2025-05-16 17:59:59 - Validation failed with mismatches:
2025-05-16 17:59:59 - Key: Tag ID, Expected: 17686523, Actual: 17655418
2025-05-16 17:59:59 - Key: Button 3, Expected: 1, Actual: 0
2025-05-16 17:59:59 - {"Device Type": "Tag", "Tag ID": 17655418, "RSSI": "-78.00 dBm", "Monitor ID": 0, "CMD": 0, "Status Byte": "00000000", "Button 4": "0", "Button 3": "0", "Button 2": "0", "Button 1": "0", "Motion Flag": "0", "Retry Count": 0, "Reserved": "0", "IR ID": 0, "Version": 20, "Astar ID": 900, "LBI": 2894, "CMD3": "4e0b07", "Timestamp": "2025-05-16 12:29:54", "EKEY": 0, "LF Flag": 146}
2025-05-16 17:59:59 - Mismatch for 'Tag ID': Expected 17686523, Got 17655418
2025-05-16 17:59:59 - Mismatch for 'Button 3': Expected 1, Got 0
2025-05-16 17:59:59 - Validation failed with mismatches:
2025-05-16 17:59:59 - Key: Tag ID, Expected: 17686523, Actual: 17655418
2025-05-16 17:59:59 - Key: Button 3, Expected: 1, Actual: 0
2025-05-16 17:59:59 - {"Device Type": "Tag", "Tag ID": 17654761, "RSSI": "-84.00 dBm", "Monitor ID": 0, "CMD": 0, "Status Byte": "00000000", "Button 4": "0", "Button 3": "0", "Button 2": "0", "Button 1": "0", "Motion Flag": "0", "Retry Count": 0, "Reserved": "0", "IR ID": 0, "Version": 20, "Astar ID": 900, "LBI": 2828, "CMD3": "0c0b07", "Timestamp": "2025-05-16 12:29:54", "EKEY": 0, "LF Flag": 146}
2025-05-16 17:59:59 - Mismatch for 'Tag ID': Expected 17686523, Got 17654761
2025-05-16 17:59:59 - Mismatch for 'Button 3': Expected 1, Got 0
2025-05-16 17:59:59 - Validation failed with mismatches:
2025-05-16 17:59:59 - Key: Tag ID, Expected: 17686523, Actual: 17654761
2025-05-16 17:59:59 - Key: Button 3, Expected: 1, Actual: 0
2025-05-16 17:59:59 - {"Device Type": "Tag", "Tag ID": 4203966, "RSSI": "-74.00 dBm", "Monitor ID": 0, "CMD": 0, "Status Byte": "00000000", "Button 4": "0", "Button 3": "0", "Button 2": "0", "Button 1": "0", "Motion Flag": "0", "Retry Count": 0, "Reserved": "0", "IR ID": 0, "Version": 25, "Astar ID": 900, "LBI": 3003, "CMD3": "bb0b07", "Timestamp": "2025-05-16 12:29:54", "EKEY": 0, "LF Flag": 146}
2025-05-16 17:59:59 - Mismatch for 'Tag ID': Expected 17686523, Got 4203966
2025-05-16 17:59:59 - Mismatch for 'Button 3': Expected 1, Got 0
2025-05-16 17:59:59 - Validation failed with mismatches:
2025-05-16 17:59:59 - Key: Tag ID, Expected: 17686523, Actual: 4203966
2025-05-16 17:59:59 - Key: Button 3, Expected: 1, Actual: 0
2025-05-16 17:59:59 - {"Device Type": "Tag", "Tag ID": 17654761, "RSSI": "-81.00 dBm", "Monitor ID": 0, "CMD": 0, "Status Byte": "00000000", "Button 4": "0", "Button 3": "0", "Button 2": "0", "Button 1": "0", "Motion Flag": "0", "Retry Count": 0, "Reserved": "0", "IR ID": 0, "Version": 20, "Astar ID": 900, "LBI": 2828, "CMD3": "0c0b07", "Timestamp": "2025-05-16 12:29:54", "EKEY": 0, "LF Flag": 146}
2025-05-16 17:59:59 - Mismatch for 'Tag ID': Expected 17686523, Got 17654761
2025-05-16 17:59:59 - Mismatch for 'Button 3': Expected 1, Got 0
2025-05-16 17:59:59 - Validation failed with mismatches:
2025-05-16 17:59:59 - Key: Tag ID, Expected: 17686523, Actual: 17654761
2025-05-16 17:59:59 - Key: Button 3, Expected: 1, Actual: 0
2025-05-16 17:59:59 - {"Device Type": "Tag", "Tag ID": 17655418, "RSSI": "-78.00 dBm", "Monitor ID": 0, "CMD": 0, "Status Byte": "00000000", "Button 4": "0", "Button 3": "0", "Button 2": "0", "Button 1": "0", "Motion Flag": "0", "Retry Count": 0, "Reserved": "0", "IR ID": 0, "Version": 20, "Astar ID": 900, "LBI": 2894, "CMD3": "4e0b07", "Timestamp": "2025-05-16 12:29:54", "EKEY": 0, "LF Flag": 146}
2025-05-16 17:59:59 - Mismatch for 'Tag ID': Expected 17686523, Got 17655418
2025-05-16 17:59:59 - Mismatch for 'Button 3': Expected 1, Got 0
2025-05-16 17:59:59 - Validation failed with mismatches:
2025-05-16 17:59:59 - Key: Tag ID, Expected: 17686523, Actual: 17655418
2025-05-16 17:59:59 - Key: Button 3, Expected: 1, Actual: 0
2025-05-16 17:59:59 - {"Device Type": "Tag", "Tag ID": 4213178, "RSSI": "-92.00 dBm", "Monitor ID": 0, "CMD": 0, "Status Byte": "00000000", "Button 4": "0", "Button 3": "0", "Button 2": "0", "Button 1": "0", "Motion Flag": "0", "Retry Count": 0, "Reserved": "0", "IR ID": 0, "Version": 28, "Astar ID": 900, "LBI": 2933, "CMD3": "750b07", "Timestamp": "2025-05-16 12:29:55", "EKEY": 0, "LF Flag": 146}
2025-05-16 17:59:59 - Mismatch for 'Tag ID': Expected 17686523, Got 4213178
2025-05-16 17:59:59 - Mismatch for 'Button 3': Expected 1, Got 0
2025-05-16 17:59:59 - Validation failed with mismatches:
2025-05-16 17:59:59 - Key: Tag ID, Expected: 17686523, Actual: 4213178
2025-05-16 17:59:59 - Key: Button 3, Expected: 1, Actual: 0
2025-05-16 17:59:59 - {"Device Type": "Tag", "Tag ID": 17655201, "RSSI": "-78.00 dBm", "Monitor ID": 0, "CMD": 0, "Status Byte": "00000000", "Button 4": "0", "Button 3": "0", "Button 2": "0", "Button 1": "0", "Motion Flag": "0", "Retry Count": 0, "Reserved": "0", "IR ID": 0, "Version": 20, "Astar ID": 900, "LBI": 2828, "CMD3": "0c0b07", "Timestamp": "2025-05-16 12:29:55", "EKEY": 0, "LF Flag": 146}
2025-05-16 17:59:59 - Mismatch for 'Tag ID': Expected 17686523, Got 17655201
2025-05-16 17:59:59 - Mismatch for 'Button 3': Expected 1, Got 0
2025-05-16 17:59:59 - Validation failed with mismatches:
2025-05-16 17:59:59 - Key: Tag ID, Expected: 17686523, Actual: 17655201
2025-05-16 17:59:59 - Key: Button 3, Expected: 1, Actual: 0
2025-05-16 17:59:59 - {"Device Type": "Tag", "Tag ID": 17655201, "RSSI": "-78.00 dBm", "Monitor ID": 0, "CMD": 0, "Status Byte": "00000000", "Button 4": "0", "Button 3": "0", "Button 2": "0", "Button 1": "0", "Motion Flag": "0", "Retry Count": 0, "Reserved": "0", "IR ID": 0, "Version": 20, "Astar ID": 900, "LBI": 2828, "CMD3": "0c0b07", "Timestamp": "2025-05-16 12:29:55", "EKEY": 0, "LF Flag": 146}
2025-05-16 17:59:59 - Mismatch for 'Tag ID': Expected 17686523, Got 17655201
2025-05-16 17:59:59 - Mismatch for 'Button 3': Expected 1, Got 0
2025-05-16 17:59:59 - Validation failed with mismatches:
2025-05-16 17:59:59 - Key: Tag ID, Expected: 17686523, Actual: 17655201
2025-05-16 17:59:59 - Key: Button 3, Expected: 1, Actual: 0
2025-05-16 17:59:59 - {"Device Type": "Tag", "Tag ID": 17655687, "RSSI": "-86.00 dBm", "Monitor ID": 0, "CMD": 0, "Status Byte": "00000000", "Button 4": "0", "Button 3": "0", "Button 2": "0", "Button 1": "0", "Motion Flag": "0", "Retry Count": 0, "Reserved": "0", "IR ID": 0, "Version": 20, "Astar ID": 900, "LBI": 2882, "CMD3": "420b07", "Timestamp": "2025-05-16 12:29:55", "EKEY": 0, "LF Flag": 146}
2025-05-16 17:59:59 - Mismatch for 'Tag ID': Expected 17686523, Got 17655687
2025-05-16 17:59:59 - Mismatch for 'Button 3': Expected 1, Got 0
2025-05-16 17:59:59 - Validation failed with mismatches:
2025-05-16 17:59:59 - Key: Tag ID, Expected: 17686523, Actual: 17655687
2025-05-16 17:59:59 - Key: Button 3, Expected: 1, Actual: 0
2025-05-16 17:59:59 - {"Device Type": "Tag", "Tag ID": 17654908, "RSSI": "-67.00 dBm", "Monitor ID": 0, "CMD": 0, "Status Byte": "00000000", "Button 4": "0", "Button 3": "0", "Button 2": "0", "Button 1": "0", "Motion Flag": "0", "Retry Count": 0, "Reserved": "0", "IR ID": 0, "Version": 26, "Astar ID": 900, "LBI": 2555, "CMD3": "fb0907", "Timestamp": "2025-05-16 12:29:55", "EKEY": 0, "LF Flag": 146}
2025-05-16 17:59:59 - Mismatch for 'Tag ID': Expected 17686523, Got 17654908
2025-05-16 17:59:59 - Mismatch for 'Button 3': Expected 1, Got 0
2025-05-16 17:59:59 - Validation failed with mismatches:
2025-05-16 17:59:59 - Key: Tag ID, Expected: 17686523, Actual: 17654908
2025-05-16 17:59:59 - Key: Button 3, Expected: 1, Actual: 0
2025-05-16 17:59:59 - {"Device Type": "Tag", "Tag ID": 17656481, "RSSI": "-81.00 dBm", "Monitor ID": 0, "CMD": 0, "Status Byte": "00000000", "Button 4": "0", "Button 3": "0", "Button 2": "0", "Button 1": "0", "Motion Flag": "0", "Retry Count": 0, "Reserved": "0", "IR ID": 0, "Version": 23, "Astar ID": 900, "LBI": 2851, "CMD3": "230b07", "Timestamp": "2025-05-16 12:29:55", "EKEY": 0, "LF Flag": 146}
2025-05-16 17:59:59 - Mismatch for 'Tag ID': Expected 17686523, Got 17656481
2025-05-16 17:59:59 - Mismatch for 'Button 3': Expected 1, Got 0
2025-05-16 17:59:59 - Validation failed with mismatches:
2025-05-16 17:59:59 - Key: Tag ID, Expected: 17686523, Actual: 17656481
2025-05-16 17:59:59 - Key: Button 3, Expected: 1, Actual: 0
2025-05-16 17:59:59 - {"Device Type": "Tag", "Tag ID": 17654820, "RSSI": "-83.00 dBm", "Monitor ID": 0, "CMD": 0, "Status Byte": "00000000", "Button 4": "0", "Button 3": "0", "Button 2": "0", "Button 1": "0", "Motion Flag": "0", "Retry Count": 0, "Reserved": "0", "IR ID": 0, "Version": 22, "Astar ID": 900, "LBI": 2894, "CMD3": "4e0b07", "Timestamp": "2025-05-16 12:29:55", "EKEY": 0, "LF Flag": 146}
2025-05-16 17:59:59 - Mismatch for 'Tag ID': Expected 17686523, Got 17654820
2025-05-16 17:59:59 - Mismatch for 'Button 3': Expected 1, Got 0
2025-05-16 17:59:59 - Validation failed with mismatches:
2025-05-16 17:59:59 - Key: Tag ID, Expected: 17686523, Actual: 17654820
2025-05-16 17:59:59 - Key: Button 3, Expected: 1, Actual: 0
2025-05-16 17:59:59 - {"Device Type": "Tag", "Tag ID": 8446833, "RSSI": "-65.00 dBm", "Monitor ID": 0, "CMD": 0, "Status Byte": "00000010", "Button 4": "0", "Button 3": "0", "Button 2": "0", "Button 1": "0", "Motion Flag": "0", "Retry Count": 1, "Reserved": "0", "IR ID": 0, "Version": 0, "Astar ID": 100, "LBI": 3588, "CMD3": "040e07", "Timestamp": "2025-05-16 12:29:55", "EKEY": 0, "LF Flag": 138}
2025-05-16 17:59:59 - Mismatch for 'Tag ID': Expected 17686523, Got 8446833
2025-05-16 17:59:59 - Mismatch for 'Button 3': Expected 1, Got 0
2025-05-16 17:59:59 - Validation failed with mismatches:
2025-05-16 17:59:59 - Key: Tag ID, Expected: 17686523, Actual: 8446833
2025-05-16 17:59:59 - Key: Button 3, Expected: 1, Actual: 0
2025-05-16 17:59:59 - {"Device Type": "Tag", "Tag ID": 17654341, "RSSI": "-70.00 dBm", "Monitor ID": 0, "CMD": 0, "Status Byte": "00000000", "Button 4": "0", "Button 3": "0", "Button 2": "0", "Button 1": "0", "Motion Flag": "0", "Retry Count": 0, "Reserved": "0", "IR ID": 0, "Version": 27, "Astar ID": 900, "LBI": 2232, "CMD3": "b80807", "Timestamp": "2025-05-16 12:29:55", "EKEY": 0, "LF Flag": 146}
2025-05-16 17:59:59 - Mismatch for 'Tag ID': Expected 17686523, Got 17654341
2025-05-16 17:59:59 - Mismatch for 'Button 3': Expected 1, Got 0
2025-05-16 17:59:59 - Validation failed with mismatches:
2025-05-16 17:59:59 - Key: Tag ID, Expected: 17686523, Actual: 17654341
2025-05-16 17:59:59 - Key: Button 3, Expected: 1, Actual: 0
2025-05-16 17:59:59 - {"Device Type": "Tag", "Tag ID": 17654341, "RSSI": "-70.00 dBm", "Monitor ID": 0, "CMD": 0, "Status Byte": "00000000", "Button 4": "0", "Button 3": "0", "Button 2": "0", "Button 1": "0", "Motion Flag": "0", "Retry Count": 0, "Reserved": "0", "IR ID": 0, "Version": 27, "Astar ID": 900, "LBI": 2232, "CMD3": "b80807", "Timestamp": "2025-05-16 12:29:55", "EKEY": 0, "LF Flag": 146}
2025-05-16 17:59:59 - Mismatch for 'Tag ID': Expected 17686523, Got 17654341
2025-05-16 17:59:59 - Mismatch for 'Button 3': Expected 1, Got 0
2025-05-16 17:59:59 - Validation failed with mismatches:
2025-05-16 17:59:59 - Key: Tag ID, Expected: 17686523, Actual: 17654341
2025-05-16 17:59:59 - Key: Button 3, Expected: 1, Actual: 0
2025-05-16 17:59:59 - {"Device Type": "Tag", "Tag ID": 4205515, "RSSI": "-68.00 dBm", "Monitor ID": 0, "CMD": 0, "Status Byte": "00000000", "Button 4": "0", "Button 3": "0", "Button 2": "0", "Button 1": "0", "Motion Flag": "0", "Retry Count": 0, "Reserved": "0", "IR ID": 0, "Version": 28, "Astar ID": 900, "LBI": 2858, "CMD3": "2a0b07", "Timestamp": "2025-05-16 12:29:55", "EKEY": 0, "LF Flag": 146}
2025-05-16 17:59:59 - Mismatch for 'Tag ID': Expected 17686523, Got 4205515
2025-05-16 17:59:59 - Mismatch for 'Button 3': Expected 1, Got 0
2025-05-16 17:59:59 - Validation failed with mismatches:
2025-05-16 17:59:59 - Key: Tag ID, Expected: 17686523, Actual: 4205515
2025-05-16 17:59:59 - Key: Button 3, Expected: 1, Actual: 0
2025-05-16 17:59:59 - {"Device Type": "Tag", "Tag ID": 17654341, "RSSI": "-70.00 dBm", "Monitor ID": 0, "CMD": 0, "Status Byte": "00000000", "Button 4": "0", "Button 3": "0", "Button 2": "0", "Button 1": "0", "Motion Flag": "0", "Retry Count": 0, "Reserved": "0", "IR ID": 0, "Version": 27, "Astar ID": 900, "LBI": 2232, "CMD3": "b80807", "Timestamp": "2025-05-16 12:29:55", "EKEY": 0, "LF Flag": 146}
2025-05-16 17:59:59 - Mismatch for 'Tag ID': Expected 17686523, Got 17654341
2025-05-16 17:59:59 - Mismatch for 'Button 3': Expected 1, Got 0
2025-05-16 17:59:59 - Validation failed with mismatches:
2025-05-16 17:59:59 - Key: Tag ID, Expected: 17686523, Actual: 17654341
2025-05-16 17:59:59 - Key: Button 3, Expected: 1, Actual: 0
2025-05-16 17:59:59 - {"Device Type": "Tag", "Tag ID": 17655800, "RSSI": "-86.00 dBm", "Monitor ID": 0, "CMD": 0, "Status Byte": "00000000", "Button 4": "0", "Button 3": "0", "Button 2": "0", "Button 1": "0", "Motion Flag": "0", "Retry Count": 0, "Reserved": "0", "IR ID": 0, "Version": 20, "Astar ID": 900, "LBI": 2847, "CMD3": "1f0b07", "Timestamp": "2025-05-16 12:29:55", "EKEY": 0, "LF Flag": 146}
2025-05-16 17:59:59 - Mismatch for 'Tag ID': Expected 17686523, Got 17655800
2025-05-16 17:59:59 - Mismatch for 'Button 3': Expected 1, Got 0
2025-05-16 17:59:59 - Validation failed with mismatches:
2025-05-16 17:59:59 - Key: Tag ID, Expected: 17686523, Actual: 17655800
2025-05-16 17:59:59 - Key: Button 3, Expected: 1, Actual: 0
2025-05-16 17:59:59 - {"Device Type": "Tag", "Tag ID": 4205515, "RSSI": "-58.00 dBm", "Monitor ID": 0, "CMD": 0, "Status Byte": "00000000", "Button 4": "0", "Button 3": "0", "Button 2": "0", "Button 1": "0", "Motion Flag": "0", "Retry Count": 0, "Reserved": "0", "IR ID": 0, "Version": 28, "Astar ID": 900, "LBI": 2858, "CMD3": "2a0b07", "Timestamp": "2025-05-16 12:29:55", "EKEY": 0, "LF Flag": 146}
2025-05-16 17:59:59 - Mismatch for 'Tag ID': Expected 17686523, Got 4205515
2025-05-16 17:59:59 - Mismatch for 'Button 3': Expected 1, Got 0
2025-05-16 17:59:59 - Validation failed with mismatches:
2025-05-16 17:59:59 - Key: Tag ID, Expected: 17686523, Actual: 4205515
2025-05-16 17:59:59 - Key: Button 3, Expected: 1, Actual: 0
2025-05-16 17:59:59 - {"Device Type": "Tag", "Tag ID": 4213231, "RSSI": "-94.00 dBm", "Monitor ID": 0, "CMD": 0, "Status Byte": "00000000", "Button 4": "0", "Button 3": "0", "Button 2": "0", "Button 1": "0", "Motion Flag": "0", "Retry Count": 0, "Reserved": "0", "IR ID": 0, "Version": 28, "Astar ID": 900, "LBI": 2919, "CMD3": "670b07", "Timestamp": "2025-05-16 12:29:55", "EKEY": 0, "LF Flag": 146}
2025-05-16 17:59:59 - Mismatch for 'Tag ID': Expected 17686523, Got 4213231
2025-05-16 17:59:59 - Mismatch for 'Button 3': Expected 1, Got 0
2025-05-16 17:59:59 - Validation failed with mismatches:
2025-05-16 17:59:59 - Key: Tag ID, Expected: 17686523, Actual: 4213231
2025-05-16 17:59:59 - Key: Button 3, Expected: 1, Actual: 0
2025-05-16 17:59:59 - {"Device Type": "Tag", "Tag ID": 17654986, "RSSI": "-78.00 dBm", "Monitor ID": 0, "CMD": 0, "Status Byte": "00000000", "Button 4": "0", "Button 3": "0", "Button 2": "0", "Button 1": "0", "Motion Flag": "0", "Retry Count": 0, "Reserved": "0", "IR ID": 0, "Version": 20, "Astar ID": 900, "LBI": 2871, "CMD3": "370b07", "Timestamp": "2025-05-16 12:29:55", "EKEY": 0, "LF Flag": 146}
2025-05-16 17:59:59 - Mismatch for 'Tag ID': Expected 17686523, Got 17654986
2025-05-16 17:59:59 - Mismatch for 'Button 3': Expected 1, Got 0
2025-05-16 17:59:59 - Validation failed with mismatches:
2025-05-16 17:59:59 - Key: Tag ID, Expected: 17686523, Actual: 17654986
2025-05-16 17:59:59 - Key: Button 3, Expected: 1, Actual: 0
2025-05-16 17:59:59 - {"Device Type": "Tag", "Tag ID": 17656819, "RSSI": "-71.00 dBm", "Monitor ID": 0, "CMD": 0, "Status Byte": "00000000", "Button 4": "0", "Button 3": "0", "Button 2": "0", "Button 1": "0", "Motion Flag": "0", "Retry Count": 0, "Reserved": "0", "IR ID": 0, "Version": 28, "Astar ID": 900, "LBI": 2693, "CMD3": "850a07", "Timestamp": "2025-05-16 12:29:55", "EKEY": 0, "LF Flag": 146}
2025-05-16 17:59:59 - Mismatch for 'Tag ID': Expected 17686523, Got 17656819
2025-05-16 17:59:59 - Mismatch for 'Button 3': Expected 1, Got 0
2025-05-16 17:59:59 - Validation failed with mismatches:
2025-05-16 17:59:59 - Key: Tag ID, Expected: 17686523, Actual: 17656819
2025-05-16 17:59:59 - Key: Button 3, Expected: 1, Actual: 0
2025-05-16 17:59:59 - {"Device Type": "Tag", "Tag ID": 4201494, "RSSI": "-78.00 dBm", "Monitor ID": 0, "CMD": 87, "Status Byte": "10000010", "Button 4": "1", "Button 3": "0", "Button 2": "0", "Button 1": "0", "Motion Flag": "0", "Retry Count": 1, "Reserved": "0", "IR ID": 0, "Version": 212, "Astar ID": 100, "LBI": 2264, "CMD3": "275100", "Timestamp": "2025-05-16 12:29:55", "EKEY": 0, "LF Flag": 138}
2025-05-16 17:59:59 - Mismatch for 'Tag ID': Expected 17686523, Got 4201494
2025-05-16 17:59:59 - Mismatch for 'Button 4': Expected 0, Got 1
2025-05-16 17:59:59 - Mismatch for 'Button 3': Expected 1, Got 0
2025-05-16 17:59:59 - Validation failed with mismatches:
2025-05-16 17:59:59 - Key: Tag ID, Expected: 17686523, Actual: 4201494
2025-05-16 17:59:59 - Key: Button 4, Expected: 0, Actual: 1
2025-05-16 17:59:59 - Key: Button 3, Expected: 1, Actual: 0
2025-05-16 17:59:59 - {"Device Type": "Tag", "Tag ID": 4212092, "RSSI": "-95.00 dBm", "Monitor ID": 0, "CMD": 0, "Status Byte": "00000000", "Button 4": "0", "Button 3": "0", "Button 2": "0", "Button 1": "0", "Motion Flag": "0", "Retry Count": 0, "Reserved": "0", "IR ID": 0, "Version": 28, "Astar ID": 900, "LBI": 2937, "CMD3": "790b07", "Timestamp": "2025-05-16 12:29:55", "EKEY": 0, "LF Flag": 146}
2025-05-16 17:59:59 - Mismatch for 'Tag ID': Expected 17686523, Got 4212092
2025-05-16 17:59:59 - Mismatch for 'Button 3': Expected 1, Got 0
2025-05-16 17:59:59 - Validation failed with mismatches:
2025-05-16 17:59:59 - Key: Tag ID, Expected: 17686523, Actual: 4212092
2025-05-16 17:59:59 - Key: Button 3, Expected: 1, Actual: 0
2025-05-16 17:59:59 - {"Device Type": "Tag", "Tag ID": 17656013, "RSSI": "-72.00 dBm", "Monitor ID": 0, "CMD": 0, "Status Byte": "00000000", "Button 4": "0", "Button 3": "0", "Button 2": "0", "Button 1": "0", "Motion Flag": "0", "Retry Count": 0, "Reserved": "0", "IR ID": 0, "Version": 20, "Astar ID": 900, "LBI": 2859, "CMD3": "2b0b07", "Timestamp": "2025-05-16 12:29:55", "EKEY": 0, "LF Flag": 146}
2025-05-16 17:59:59 - Mismatch for 'Tag ID': Expected 17686523, Got 17656013
2025-05-16 17:59:59 - Mismatch for 'Button 3': Expected 1, Got 0
2025-05-16 17:59:59 - Validation failed with mismatches:
2025-05-16 17:59:59 - Key: Tag ID, Expected: 17686523, Actual: 17656013
2025-05-16 17:59:59 - Key: Button 3, Expected: 1, Actual: 0
2025-05-16 17:59:59 - {"Device Type": "Tag", "Tag ID": 17656013, "RSSI": "-71.00 dBm", "Monitor ID": 0, "CMD": 0, "Status Byte": "00000000", "Button 4": "0", "Button 3": "0", "Button 2": "0", "Button 1": "0", "Motion Flag": "0", "Retry Count": 0, "Reserved": "0", "IR ID": 0, "Version": 20, "Astar ID": 900, "LBI": 2859, "CMD3": "2b0b07", "Timestamp": "2025-05-16 12:29:55", "EKEY": 0, "LF Flag": 146}
2025-05-16 17:59:59 - Mismatch for 'Tag ID': Expected 17686523, Got 17656013
2025-05-16 17:59:59 - Mismatch for 'Button 3': Expected 1, Got 0
2025-05-16 17:59:59 - Validation failed with mismatches:
2025-05-16 17:59:59 - Key: Tag ID, Expected: 17686523, Actual: 17656013
2025-05-16 17:59:59 - Key: Button 3, Expected: 1, Actual: 0
2025-05-16 17:59:59 - {"Device Type": "Tag", "Tag ID": 4214130, "RSSI": "-88.00 dBm", "Monitor ID": 0, "CMD": 0, "Status Byte": "00000000", "Button 4": "0", "Button 3": "0", "Button 2": "0", "Button 1": "0", "Motion Flag": "0", "Retry Count": 0, "Reserved": "0", "IR ID": 0, "Version": 28, "Astar ID": 900, "LBI": 2925, "CMD3": "6d0b07", "Timestamp": "2025-05-16 12:29:55", "EKEY": 0, "LF Flag": 146}
2025-05-16 17:59:59 - Mismatch for 'Tag ID': Expected 17686523, Got 4214130
2025-05-16 17:59:59 - Mismatch for 'Button 3': Expected 1, Got 0
2025-05-16 17:59:59 - Validation failed with mismatches:
2025-05-16 17:59:59 - Key: Tag ID, Expected: 17686523, Actual: 4214130
2025-05-16 17:59:59 - Key: Button 3, Expected: 1, Actual: 0
2025-05-16 17:59:59 - {"Device Type": "Tag", "Tag ID": 4211409, "RSSI": "-86.00 dBm", "Monitor ID": 0, "CMD": 0, "Status Byte": "00000000", "Button 4": "0", "Button 3": "0", "Button 2": "0", "Button 1": "0", "Motion Flag": "0", "Retry Count": 0, "Reserved": "0", "IR ID": 0, "Version": 28, "Astar ID": 900, "LBI": 2934, "CMD3": "760b07", "Timestamp": "2025-05-16 12:29:55", "EKEY": 0, "LF Flag": 146}
2025-05-16 17:59:59 - Mismatch for 'Tag ID': Expected 17686523, Got 4211409
2025-05-16 17:59:59 - Mismatch for 'Button 3': Expected 1, Got 0
2025-05-16 17:59:59 - Validation failed with mismatches:
2025-05-16 17:59:59 - Key: Tag ID, Expected: 17686523, Actual: 4211409
2025-05-16 17:59:59 - Key: Button 3, Expected: 1, Actual: 0
2025-05-16 17:59:59 - {"Device Type": "Tag", "Tag ID": 17656419, "RSSI": "-73.00 dBm", "Monitor ID": 0, "CMD": 0, "Status Byte": "00000000", "Button 4": "0", "Button 3": "0", "Button 2": "0", "Button 1": "0", "Motion Flag": "0", "Retry Count": 0, "Reserved": "0", "IR ID": 0, "Version": 26, "Astar ID": 900, "LBI": 2817, "CMD3": "010b07", "Timestamp": "2025-05-16 12:29:55", "EKEY": 0, "LF Flag": 146}
2025-05-16 17:59:59 - Mismatch for 'Tag ID': Expected 17686523, Got 17656419
2025-05-16 17:59:59 - Mismatch for 'Button 3': Expected 1, Got 0
2025-05-16 17:59:59 - Validation failed with mismatches:
2025-05-16 17:59:59 - Key: Tag ID, Expected: 17686523, Actual: 17656419
2025-05-16 17:59:59 - Key: Button 3, Expected: 1, Actual: 0
2025-05-16 17:59:59 - {"Device Type": "Tag", "Tag ID": 17656419, "RSSI": "-73.00 dBm", "Monitor ID": 0, "CMD": 0, "Status Byte": "00000000", "Button 4": "0", "Button 3": "0", "Button 2": "0", "Button 1": "0", "Motion Flag": "0", "Retry Count": 0, "Reserved": "0", "IR ID": 0, "Version": 26, "Astar ID": 900, "LBI": 2817, "CMD3": "010b07", "Timestamp": "2025-05-16 12:29:55", "EKEY": 0, "LF Flag": 146}
2025-05-16 17:59:59 - Mismatch for 'Tag ID': Expected 17686523, Got 17656419
2025-05-16 17:59:59 - Mismatch for 'Button 3': Expected 1, Got 0
2025-05-16 17:59:59 - Validation failed with mismatches:
2025-05-16 17:59:59 - Key: Tag ID, Expected: 17686523, Actual: 17656419
2025-05-16 17:59:59 - Key: Button 3, Expected: 1, Actual: 0
2025-05-16 17:59:59 - {"Device Type": "Tag", "Tag ID": 17656419, "RSSI": "-73.00 dBm", "Monitor ID": 0, "CMD": 0, "Status Byte": "00000000", "Button 4": "0", "Button 3": "0", "Button 2": "0", "Button 1": "0", "Motion Flag": "0", "Retry Count": 0, "Reserved": "0", "IR ID": 0, "Version": 26, "Astar ID": 900, "LBI": 2817, "CMD3": "010b07", "Timestamp": "2025-05-16 12:29:55", "EKEY": 0, "LF Flag": 146}
2025-05-16 17:59:59 - Mismatch for 'Tag ID': Expected 17686523, Got 17656419
2025-05-16 17:59:59 - Mismatch for 'Button 3': Expected 1, Got 0
2025-05-16 17:59:59 - Validation failed with mismatches:
2025-05-16 17:59:59 - Key: Tag ID, Expected: 17686523, Actual: 17656419
2025-05-16 17:59:59 - Key: Button 3, Expected: 1, Actual: 0
2025-05-16 17:59:59 - {"Device Type": "Tag", "Tag ID": 17658688, "RSSI": "-77.00 dBm", "Monitor ID": 0, "CMD": 0, "Status Byte": "00000000", "Button 4": "0", "Button 3": "0", "Button 2": "0", "Button 1": "0", "Motion Flag": "0", "Retry Count": 0, "Reserved": "0", "IR ID": 0, "Version": 28, "Astar ID": 900, "LBI": 2543, "CMD3": "ef0907", "Timestamp": "2025-05-16 12:29:55", "EKEY": 0, "LF Flag": 146}
2025-05-16 17:59:59 - Mismatch for 'Tag ID': Expected 17686523, Got 17658688
2025-05-16 17:59:59 - Mismatch for 'Button 3': Expected 1, Got 0
2025-05-16 17:59:59 - Validation failed with mismatches:
2025-05-16 17:59:59 - Key: Tag ID, Expected: 17686523, Actual: 17658688
2025-05-16 17:59:59 - Key: Button 3, Expected: 1, Actual: 0
2025-05-16 17:59:59 - {"Device Type": "Tag", "Tag ID": 17658688, "RSSI": "-78.00 dBm", "Monitor ID": 0, "CMD": 0, "Status Byte": "00000000", "Button 4": "0", "Button 3": "0", "Button 2": "0", "Button 1": "0", "Motion Flag": "0", "Retry Count": 0, "Reserved": "0", "IR ID": 0, "Version": 28, "Astar ID": 900, "LBI": 2543, "CMD3": "ef0907", "Timestamp": "2025-05-16 12:29:55", "EKEY": 0, "LF Flag": 146}
2025-05-16 17:59:59 - Mismatch for 'Tag ID': Expected 17686523, Got 17658688
2025-05-16 17:59:59 - Mismatch for 'Button 3': Expected 1, Got 0
2025-05-16 17:59:59 - Validation failed with mismatches:
2025-05-16 17:59:59 - Key: Tag ID, Expected: 17686523, Actual: 17658688
2025-05-16 17:59:59 - Key: Button 3, Expected: 1, Actual: 0
2025-05-16 17:59:59 - {"Device Type": "Tag", "Tag ID": 17655831, "RSSI": "-75.00 dBm", "Monitor ID": 0, "CMD": 0, "Status Byte": "00000000", "Button 4": "0", "Button 3": "0", "Button 2": "0", "Button 1": "0", "Motion Flag": "0", "Retry Count": 0, "Reserved": "0", "IR ID": 0, "Version": 25, "Astar ID": 900, "LBI": 2945, "CMD3": "810b07", "Timestamp": "2025-05-16 12:29:55", "EKEY": 0, "LF Flag": 146}
2025-05-16 17:59:59 - Mismatch for 'Tag ID': Expected 17686523, Got 17655831
2025-05-16 17:59:59 - Mismatch for 'Button 3': Expected 1, Got 0
2025-05-16 17:59:59 - Validation failed with mismatches:
2025-05-16 17:59:59 - Key: Tag ID, Expected: 17686523, Actual: 17655831
2025-05-16 17:59:59 - Key: Button 3, Expected: 1, Actual: 0
2025-05-16 17:59:59 - {"Device Type": "Tag", "Tag ID": 17656419, "RSSI": "-73.00 dBm", "Monitor ID": 0, "CMD": 0, "Status Byte": "00000000", "Button 4": "0", "Button 3": "0", "Button 2": "0", "Button 1": "0", "Motion Flag": "0", "Retry Count": 0, "Reserved": "0", "IR ID": 0, "Version": 26, "Astar ID": 900, "LBI": 2817, "CMD3": "010b07", "Timestamp": "2025-05-16 12:29:55", "EKEY": 0, "LF Flag": 146}
2025-05-16 17:59:59 - Mismatch for 'Tag ID': Expected 17686523, Got 17656419
2025-05-16 17:59:59 - Mismatch for 'Button 3': Expected 1, Got 0
2025-05-16 17:59:59 - Validation failed with mismatches:
2025-05-16 17:59:59 - Key: Tag ID, Expected: 17686523, Actual: 17656419
2025-05-16 17:59:59 - Key: Button 3, Expected: 1, Actual: 0
2025-05-16 17:59:59 - {"Device Type": "Tag", "Tag ID": 17655831, "RSSI": "-75.00 dBm", "Monitor ID": 0, "CMD": 0, "Status Byte": "00000000", "Button 4": "0", "Button 3": "0", "Button 2": "0", "Button 1": "0", "Motion Flag": "0", "Retry Count": 0, "Reserved": "0", "IR ID": 0, "Version": 25, "Astar ID": 900, "LBI": 2945, "CMD3": "810b07", "Timestamp": "2025-05-16 12:29:55", "EKEY": 0, "LF Flag": 146}
2025-05-16 17:59:59 - Mismatch for 'Tag ID': Expected 17686523, Got 17655831
2025-05-16 17:59:59 - Mismatch for 'Button 3': Expected 1, Got 0
2025-05-16 17:59:59 - Validation failed with mismatches:
2025-05-16 17:59:59 - Key: Tag ID, Expected: 17686523, Actual: 17655831
2025-05-16 17:59:59 - Key: Button 3, Expected: 1, Actual: 0
2025-05-16 17:59:59 - {"Device Type": "Tag", "Tag ID": 17656419, "RSSI": "-73.00 dBm", "Monitor ID": 0, "CMD": 0, "Status Byte": "00000000", "Button 4": "0", "Button 3": "0", "Button 2": "0", "Button 1": "0", "Motion Flag": "0", "Retry Count": 0, "Reserved": "0", "IR ID": 0, "Version": 26, "Astar ID": 900, "LBI": 2817, "CMD3": "010b07", "Timestamp": "2025-05-16 12:29:55", "EKEY": 0, "LF Flag": 146}
2025-05-16 17:59:59 - Mismatch for 'Tag ID': Expected 17686523, Got 17656419
2025-05-16 17:59:59 - Mismatch for 'Button 3': Expected 1, Got 0
2025-05-16 17:59:59 - Validation failed with mismatches:
2025-05-16 17:59:59 - Key: Tag ID, Expected: 17686523, Actual: 17656419
2025-05-16 17:59:59 - Key: Button 3, Expected: 1, Actual: 0
2025-05-16 17:59:59 - {"Device Type": "Tag", "Tag ID": 17655831, "RSSI": "-75.00 dBm", "Monitor ID": 0, "CMD": 0, "Status Byte": "00000000", "Button 4": "0", "Button 3": "0", "Button 2": "0", "Button 1": "0", "Motion Flag": "0", "Retry Count": 0, "Reserved": "0", "IR ID": 0, "Version": 25, "Astar ID": 900, "LBI": 2945, "CMD3": "810b07", "Timestamp": "2025-05-16 12:29:55", "EKEY": 0, "LF Flag": 146}
2025-05-16 17:59:59 - Mismatch for 'Tag ID': Expected 17686523, Got 17655831
2025-05-16 17:59:59 - Mismatch for 'Button 3': Expected 1, Got 0
2025-05-16 17:59:59 - Validation failed with mismatches:
2025-05-16 17:59:59 - Key: Tag ID, Expected: 17686523, Actual: 17655831
2025-05-16 17:59:59 - Key: Button 3, Expected: 1, Actual: 0
2025-05-16 17:59:59 - {"Device Type": "Tag", "Tag ID": 17655057, "RSSI": "-78.00 dBm", "Monitor ID": 0, "CMD": 0, "Status Byte": "00000000", "Button 4": "0", "Button 3": "0", "Button 2": "0", "Button 1": "0", "Motion Flag": "0", "Retry Count": 0, "Reserved": "0", "IR ID": 0, "Version": 20, "Astar ID": 900, "LBI": 2718, "CMD3": "9e0a07", "Timestamp": "2025-05-16 12:29:55", "EKEY": 0, "LF Flag": 146}
2025-05-16 17:59:59 - Mismatch for 'Tag ID': Expected 17686523, Got 17655057
2025-05-16 17:59:59 - Mismatch for 'Button 3': Expected 1, Got 0
2025-05-16 17:59:59 - Validation failed with mismatches:
2025-05-16 17:59:59 - Key: Tag ID, Expected: 17686523, Actual: 17655057
2025-05-16 17:59:59 - Key: Button 3, Expected: 1, Actual: 0
2025-05-16 17:59:59 - {"Device Type": "Tag", "Tag ID": 4209449, "RSSI": "-89.00 dBm", "Monitor ID": 0, "CMD": 0, "Status Byte": "00000000", "Button 4": "0", "Button 3": "0", "Button 2": "0", "Button 1": "0", "Motion Flag": "0", "Retry Count": 0, "Reserved": "0", "IR ID": 0, "Version": 28, "Astar ID": 900, "LBI": 2869, "CMD3": "350b07", "Timestamp": "2025-05-16 12:29:55", "EKEY": 0, "LF Flag": 146}
2025-05-16 17:59:59 - Mismatch for 'Tag ID': Expected 17686523, Got 4209449
2025-05-16 17:59:59 - Mismatch for 'Button 3': Expected 1, Got 0
2025-05-16 17:59:59 - Validation failed with mismatches:
2025-05-16 17:59:59 - Key: Tag ID, Expected: 17686523, Actual: 4209449
2025-05-16 17:59:59 - Key: Button 3, Expected: 1, Actual: 0
2025-05-16 17:59:59 - {"Device Type": "Tag", "Tag ID": 17655985, "RSSI": "-77.00 dBm", "Monitor ID": 0, "CMD": 0, "Status Byte": "00000000", "Button 4": "0", "Button 3": "0", "Button 2": "0", "Button 1": "0", "Motion Flag": "0", "Retry Count": 0, "Reserved": "0", "IR ID": 0, "Version": 20, "Astar ID": 900, "LBI": 2828, "CMD3": "0c0b07", "Timestamp": "2025-05-16 12:29:55", "EKEY": 0, "LF Flag": 146}
2025-05-16 17:59:59 - Mismatch for 'Tag ID': Expected 17686523, Got 17655985
2025-05-16 17:59:59 - Mismatch for 'Button 3': Expected 1, Got 0
2025-05-16 17:59:59 - Validation failed with mismatches:
2025-05-16 17:59:59 - Key: Tag ID, Expected: 17686523, Actual: 17655985
2025-05-16 17:59:59 - Key: Button 3, Expected: 1, Actual: 0
2025-05-16 17:59:59 - {"Device Type": "Tag", "Tag ID": 4202390, "RSSI": "-75.00 dBm", "Monitor ID": 0, "CMD": 0, "Status Byte": "00000000", "Button 4": "0", "Button 3": "0", "Button 2": "0", "Button 1": "0", "Motion Flag": "0", "Retry Count": 0, "Reserved": "0", "IR ID": 0, "Version": 28, "Astar ID": 900, "LBI": 2745, "CMD3": "b90a07", "Timestamp": "2025-05-16 12:29:55", "EKEY": 0, "LF Flag": 146}
2025-05-16 17:59:59 - Mismatch for 'Tag ID': Expected 17686523, Got 4202390
2025-05-16 17:59:59 - Mismatch for 'Button 3': Expected 1, Got 0
2025-05-16 17:59:59 - Validation failed with mismatches:
2025-05-16 17:59:59 - Key: Tag ID, Expected: 17686523, Actual: 4202390
2025-05-16 17:59:59 - Key: Button 3, Expected: 1, Actual: 0
2025-05-16 17:59:59 - {"Device Type": "Tag", "Tag ID": 4202390, "RSSI": "-75.00 dBm", "Monitor ID": 0, "CMD": 0, "Status Byte": "00000000", "Button 4": "0", "Button 3": "0", "Button 2": "0", "Button 1": "0", "Motion Flag": "0", "Retry Count": 0, "Reserved": "0", "IR ID": 0, "Version": 28, "Astar ID": 900, "LBI": 2745, "CMD3": "b90a07", "Timestamp": "2025-05-16 12:29:55", "EKEY": 0, "LF Flag": 146}
2025-05-16 17:59:59 - Mismatch for 'Tag ID': Expected 17686523, Got 4202390
2025-05-16 17:59:59 - Mismatch for 'Button 3': Expected 1, Got 0
2025-05-16 17:59:59 - Validation failed with mismatches:
2025-05-16 17:59:59 - Key: Tag ID, Expected: 17686523, Actual: 4202390
2025-05-16 17:59:59 - Key: Button 3, Expected: 1, Actual: 0
2025-05-16 17:59:59 - {"Device Type": "Tag", "Tag ID": 4213816, "RSSI": "-89.00 dBm", "Monitor ID": 0, "CMD": 0, "Status Byte": "00000000", "Button 4": "0", "Button 3": "0", "Button 2": "0", "Button 1": "0", "Motion Flag": "0", "Retry Count": 0, "Reserved": "0", "IR ID": 0, "Version": 28, "Astar ID": 900, "LBI": 2931, "CMD3": "730b07", "Timestamp": "2025-05-16 12:29:55", "EKEY": 0, "LF Flag": 146}
2025-05-16 17:59:59 - Mismatch for 'Tag ID': Expected 17686523, Got 4213816
2025-05-16 17:59:59 - Mismatch for 'Button 3': Expected 1, Got 0
2025-05-16 17:59:59 - Validation failed with mismatches:
2025-05-16 17:59:59 - Key: Tag ID, Expected: 17686523, Actual: 4213816
2025-05-16 17:59:59 - Key: Button 3, Expected: 1, Actual: 0
2025-05-16 17:59:59 - {"Device Type": "Tag", "Tag ID": 17655418, "RSSI": "-78.00 dBm", "Monitor ID": 0, "CMD": 0, "Status Byte": "00000000", "Button 4": "0", "Button 3": "0", "Button 2": "0", "Button 1": "0", "Motion Flag": "0", "Retry Count": 0, "Reserved": "0", "IR ID": 0, "Version": 20, "Astar ID": 900, "LBI": 2894, "CMD3": "4e0b07", "Timestamp": "2025-05-16 12:29:55", "EKEY": 0, "LF Flag": 146}
2025-05-16 17:59:59 - Mismatch for 'Tag ID': Expected 17686523, Got 17655418
2025-05-16 17:59:59 - Mismatch for 'Button 3': Expected 1, Got 0
2025-05-16 17:59:59 - Validation failed with mismatches:
2025-05-16 17:59:59 - Key: Tag ID, Expected: 17686523, Actual: 17655418
2025-05-16 17:59:59 - Key: Button 3, Expected: 1, Actual: 0
2025-05-16 17:59:59 - {"Device Type": "Tag", "Tag ID": 17655418, "RSSI": "-78.00 dBm", "Monitor ID": 0, "CMD": 0, "Status Byte": "00000000", "Button 4": "0", "Button 3": "0", "Button 2": "0", "Button 1": "0", "Motion Flag": "0", "Retry Count": 0, "Reserved": "0", "IR ID": 0, "Version": 20, "Astar ID": 900, "LBI": 2894, "CMD3": "4e0b07", "Timestamp": "2025-05-16 12:29:55", "EKEY": 0, "LF Flag": 146}
2025-05-16 17:59:59 - Mismatch for 'Tag ID': Expected 17686523, Got 17655418
2025-05-16 17:59:59 - Mismatch for 'Button 3': Expected 1, Got 0
2025-05-16 17:59:59 - Validation failed with mismatches:
2025-05-16 17:59:59 - Key: Tag ID, Expected: 17686523, Actual: 17655418
2025-05-16 17:59:59 - Key: Button 3, Expected: 1, Actual: 0
2025-05-16 17:59:59 - {"Device Type": "Tag", "Tag ID": 9335692, "RSSI": "-41.00 dBm", "Monitor ID": 0, "CMD": 0, "Status Byte": "00000000", "Button 4": "0", "Button 3": "0", "Button 2": "0", "Button 1": "0", "Motion Flag": "0", "Retry Count": 0, "Reserved": "0", "IR ID": 0, "Version": 109, "Astar ID": 900, "LBI": 830, "CMD3": "3e0b07", "Timestamp": "2025-05-16 12:29:55", "EKEY": 0, "LF Flag": 144}
2025-05-16 17:59:59 - Mismatch for 'Tag ID': Expected 17686523, Got 9335692
2025-05-16 17:59:59 - Mismatch for 'Button 3': Expected 1, Got 0
2025-05-16 17:59:59 - Validation failed with mismatches:
2025-05-16 17:59:59 - Key: Tag ID, Expected: 17686523, Actual: 9335692
2025-05-16 17:59:59 - Key: Button 3, Expected: 1, Actual: 0
2025-05-16 17:59:59 - {"Device Type": "Tag", "Tag ID": 4214193, "RSSI": "-92.00 dBm", "Monitor ID": 0, "CMD": 0, "Status Byte": "00000000", "Button 4": "0", "Button 3": "0", "Button 2": "0", "Button 1": "0", "Motion Flag": "0", "Retry Count": 0, "Reserved": "0", "IR ID": 0, "Version": 28, "Astar ID": 900, "LBI": 2925, "CMD3": "6d0b07", "Timestamp": "2025-05-16 12:29:55", "EKEY": 0, "LF Flag": 146}
2025-05-16 17:59:59 - Mismatch for 'Tag ID': Expected 17686523, Got 4214193
2025-05-16 17:59:59 - Mismatch for 'Button 3': Expected 1, Got 0
2025-05-16 17:59:59 - Validation failed with mismatches:
2025-05-16 17:59:59 - Key: Tag ID, Expected: 17686523, Actual: 4214193
2025-05-16 17:59:59 - Key: Button 3, Expected: 1, Actual: 0
2025-05-16 17:59:59 - {"Device Type": "Tag", "Tag ID": 9335692, "RSSI": "-41.00 dBm", "Monitor ID": 0, "CMD": 0, "Status Byte": "00000000", "Button 4": "0", "Button 3": "0", "Button 2": "0", "Button 1": "0", "Motion Flag": "0", "Retry Count": 0, "Reserved": "0", "IR ID": 0, "Version": 109, "Astar ID": 900, "LBI": 830, "CMD3": "3e0b07", "Timestamp": "2025-05-16 12:29:55", "EKEY": 0, "LF Flag": 144}
2025-05-16 17:59:59 - Mismatch for 'Tag ID': Expected 17686523, Got 9335692
2025-05-16 17:59:59 - Mismatch for 'Button 3': Expected 1, Got 0
2025-05-16 17:59:59 - Validation failed with mismatches:
2025-05-16 17:59:59 - Key: Tag ID, Expected: 17686523, Actual: 9335692
2025-05-16 17:59:59 - Key: Button 3, Expected: 1, Actual: 0
2025-05-16 17:59:59 - {"Device Type": "Tag", "Tag ID": 17655011, "RSSI": "-81.00 dBm", "Monitor ID": 0, "CMD": 0, "Status Byte": "00000000", "Button 4": "0", "Button 3": "0", "Button 2": "0", "Button 1": "0", "Motion Flag": "0", "Retry Count": 0, "Reserved": "0", "IR ID": 0, "Version": 20, "Astar ID": 900, "LBI": 2804, "CMD3": "f40a07", "Timestamp": "2025-05-16 12:29:55", "EKEY": 0, "LF Flag": 146}
2025-05-16 17:59:59 - Mismatch for 'Tag ID': Expected 17686523, Got 17655011
2025-05-16 17:59:59 - Mismatch for 'Button 3': Expected 1, Got 0
2025-05-16 17:59:59 - Validation failed with mismatches:
2025-05-16 17:59:59 - Key: Tag ID, Expected: 17686523, Actual: 17655011
2025-05-16 17:59:59 - Key: Button 3, Expected: 1, Actual: 0
2025-05-16 17:59:59 - {"Device Type": "Tag", "Tag ID": 4212052, "RSSI": "-92.00 dBm", "Monitor ID": 0, "CMD": 0, "Status Byte": "00000000", "Button 4": "0", "Button 3": "0", "Button 2": "0", "Button 1": "0", "Motion Flag": "0", "Retry Count": 0, "Reserved": "0", "IR ID": 0, "Version": 28, "Astar ID": 900, "LBI": 2934, "CMD3": "760b07", "Timestamp": "2025-05-16 12:29:55", "EKEY": 0, "LF Flag": 146}
2025-05-16 17:59:59 - Mismatch for 'Tag ID': Expected 17686523, Got 4212052
2025-05-16 17:59:59 - Mismatch for 'Button 3': Expected 1, Got 0
2025-05-16 17:59:59 - Validation failed with mismatches:
2025-05-16 17:59:59 - Key: Tag ID, Expected: 17686523, Actual: 4212052
2025-05-16 17:59:59 - Key: Button 3, Expected: 1, Actual: 0
2025-05-16 17:59:59 - {"Device Type": "Tag", "Tag ID": 17656860, "RSSI": "-93.00 dBm", "Monitor ID": 0, "CMD": 0, "Status Byte": "00000000", "Button 4": "0", "Button 3": "0", "Button 2": "0", "Button 1": "0", "Motion Flag": "0", "Retry Count": 0, "Reserved": "0", "IR ID": 0, "Version": 28, "Astar ID": 900, "LBI": 2396, "CMD3": "5c0907", "Timestamp": "2025-05-16 12:29:55", "EKEY": 0, "LF Flag": 146}
2025-05-16 17:59:59 - Mismatch for 'Tag ID': Expected 17686523, Got 17656860
2025-05-16 17:59:59 - Mismatch for 'Button 3': Expected 1, Got 0
2025-05-16 17:59:59 - Validation failed with mismatches:
2025-05-16 17:59:59 - Key: Tag ID, Expected: 17686523, Actual: 17656860
2025-05-16 17:59:59 - Key: Button 3, Expected: 1, Actual: 0
2025-05-16 17:59:59 - {"Device Type": "Tag", "Tag ID": 8446816, "RSSI": "-38.00 dBm", "Monitor ID": 2616210, "CMD": 0, "Status Byte": "00000010", "Button 4": "0", "Button 3": "0", "Button 2": "0", "Button 1": "0", "Motion Flag": "0", "Retry Count": 1, "Reserved": "0", "IR ID": 4095, "Version": 21, "Astar ID": 100, "LBI": 3637, "CMD3": "150006", "Timestamp": "2025-05-16 12:29:55", "EKEY": 0, "LF Flag": 138}
2025-05-16 17:59:59 - Mismatch for 'Tag ID': Expected 17686523, Got 8446816
2025-05-16 17:59:59 - Mismatch for 'Button 3': Expected 1, Got 0
2025-05-16 17:59:59 - Validation failed with mismatches:
2025-05-16 17:59:59 - Key: Tag ID, Expected: 17686523, Actual: 8446816
2025-05-16 17:59:59 - Key: Button 3, Expected: 1, Actual: 0
2025-05-16 17:59:59 - {"Device Type": "Tag", "Tag ID": 17654458, "RSSI": "-76.00 dBm", "Monitor ID": 0, "CMD": 0, "Status Byte": "00000000", "Button 4": "0", "Button 3": "0", "Button 2": "0", "Button 1": "0", "Motion Flag": "0", "Retry Count": 0, "Reserved": "0", "IR ID": 0, "Version": 20, "Astar ID": 900, "LBI": 2894, "CMD3": "4e0b07", "Timestamp": "2025-05-16 12:29:55", "EKEY": 0, "LF Flag": 146}
2025-05-16 17:59:59 - Mismatch for 'Tag ID': Expected 17686523, Got 17654458
2025-05-16 17:59:59 - Mismatch for 'Button 3': Expected 1, Got 0
2025-05-16 17:59:59 - Validation failed with mismatches:
2025-05-16 17:59:59 - Key: Tag ID, Expected: 17686523, Actual: 17654458
2025-05-16 17:59:59 - Key: Button 3, Expected: 1, Actual: 0
2025-05-16 17:59:59 - {"Device Type": "Tag", "Tag ID": 17656217, "RSSI": "-79.00 dBm", "Monitor ID": 0, "CMD": 0, "Status Byte": "00000000", "Button 4": "0", "Button 3": "0", "Button 2": "0", "Button 1": "0", "Motion Flag": "0", "Retry Count": 0, "Reserved": "0", "IR ID": 0, "Version": 20, "Astar ID": 900, "LBI": 2894, "CMD3": "4e0b07", "Timestamp": "2025-05-16 12:29:55", "EKEY": 0, "LF Flag": 146}
2025-05-16 17:59:59 - Mismatch for 'Tag ID': Expected 17686523, Got 17656217
2025-05-16 17:59:59 - Mismatch for 'Button 3': Expected 1, Got 0
2025-05-16 17:59:59 - Validation failed with mismatches:
2025-05-16 17:59:59 - Key: Tag ID, Expected: 17686523, Actual: 17656217
2025-05-16 17:59:59 - Key: Button 3, Expected: 1, Actual: 0
2025-05-16 17:59:59 - {"Device Type": "Tag", "Tag ID": 8477873, "RSSI": "-48.00 dBm", "Monitor ID": 0, "CMD": 0, "Status Byte": "10000010", "Button 4": "1", "Button 3": "0", "Button 2": "0", "Button 1": "0", "Motion Flag": "0", "Retry Count": 1, "Reserved": "0", "IR ID": 0, "Version": 26, "Astar ID": 100, "LBI": 2346, "CMD3": "2a0907", "Timestamp": "2025-05-16 12:29:55", "EKEY": 0, "LF Flag": 138}
2025-05-16 17:59:59 - Mismatch for 'Tag ID': Expected 17686523, Got 8477873
2025-05-16 17:59:59 - Mismatch for 'Button 4': Expected 0, Got 1
2025-05-16 17:59:59 - Mismatch for 'Button 3': Expected 1, Got 0
2025-05-16 17:59:59 - Validation failed with mismatches:
2025-05-16 17:59:59 - Key: Tag ID, Expected: 17686523, Actual: 8477873
2025-05-16 17:59:59 - Key: Button 4, Expected: 0, Actual: 1
2025-05-16 17:59:59 - Key: Button 3, Expected: 1, Actual: 0
2025-05-16 17:59:59 - {"Device Type": "Tag", "Tag ID": 17654458, "RSSI": "-76.00 dBm", "Monitor ID": 0, "CMD": 0, "Status Byte": "00000000", "Button 4": "0", "Button 3": "0", "Button 2": "0", "Button 1": "0", "Motion Flag": "0", "Retry Count": 0, "Reserved": "0", "IR ID": 0, "Version": 20, "Astar ID": 900, "LBI": 2894, "CMD3": "4e0b07", "Timestamp": "2025-05-16 12:29:55", "EKEY": 0, "LF Flag": 146}
2025-05-16 17:59:59 - Mismatch for 'Tag ID': Expected 17686523, Got 17654458
2025-05-16 17:59:59 - Mismatch for 'Button 3': Expected 1, Got 0
2025-05-16 17:59:59 - Validation failed with mismatches:
2025-05-16 17:59:59 - Key: Tag ID, Expected: 17686523, Actual: 17654458
2025-05-16 17:59:59 - Key: Button 3, Expected: 1, Actual: 0
2025-05-16 17:59:59 - {"Device Type": "Tag", "Tag ID": 17654458, "RSSI": "-76.00 dBm", "Monitor ID": 0, "CMD": 0, "Status Byte": "00000000", "Button 4": "0", "Button 3": "0", "Button 2": "0", "Button 1": "0", "Motion Flag": "0", "Retry Count": 0, "Reserved": "0", "IR ID": 0, "Version": 20, "Astar ID": 900, "LBI": 2894, "CMD3": "4e0b07", "Timestamp": "2025-05-16 12:29:55", "EKEY": 0, "LF Flag": 146}
2025-05-16 17:59:59 - Mismatch for 'Tag ID': Expected 17686523, Got 17654458
2025-05-16 17:59:59 - Mismatch for 'Button 3': Expected 1, Got 0
2025-05-16 17:59:59 - Validation failed with mismatches:
2025-05-16 17:59:59 - Key: Tag ID, Expected: 17686523, Actual: 17654458
2025-05-16 17:59:59 - Key: Button 3, Expected: 1, Actual: 0
2025-05-16 17:59:59 - {"Device Type": "Tag", "Tag ID": 17654761, "RSSI": "-90.00 dBm", "Monitor ID": 0, "CMD": 0, "Status Byte": "00000000", "Button 4": "0", "Button 3": "0", "Button 2": "0", "Button 1": "0", "Motion Flag": "0", "Retry Count": 0, "Reserved": "0", "IR ID": 0, "Version": 20, "Astar ID": 900, "LBI": 2828, "CMD3": "0c0b07", "Timestamp": "2025-05-16 12:29:55", "EKEY": 0, "LF Flag": 146}
2025-05-16 17:59:59 - Mismatch for 'Tag ID': Expected 17686523, Got 17654761
2025-05-16 17:59:59 - Mismatch for 'Button 3': Expected 1, Got 0
2025-05-16 17:59:59 - Validation failed with mismatches:
2025-05-16 17:59:59 - Key: Tag ID, Expected: 17686523, Actual: 17654761
2025-05-16 17:59:59 - Key: Button 3, Expected: 1, Actual: 0
2025-05-16 17:59:59 - {"Device Type": "Tag", "Tag ID": 8455779, "RSSI": "-46.00 dBm", "Monitor ID": 0, "CMD": 0, "Status Byte": "00000010", "Button 4": "0", "Button 3": "0", "Button 2": "0", "Button 1": "0", "Motion Flag": "0", "Retry Count": 1, "Reserved": "0", "IR ID": 0, "Version": 15, "Astar ID": 100, "LBI": 3559, "CMD3": "e70d07", "Timestamp": "2025-05-16 12:29:55", "EKEY": 0, "LF Flag": 138}
2025-05-16 17:59:59 - Mismatch for 'Tag ID': Expected 17686523, Got 8455779
2025-05-16 17:59:59 - Mismatch for 'Button 3': Expected 1, Got 0
2025-05-16 17:59:59 - Validation failed with mismatches:
2025-05-16 17:59:59 - Key: Tag ID, Expected: 17686523, Actual: 8455779
2025-05-16 17:59:59 - Key: Button 3, Expected: 1, Actual: 0
2025-05-16 17:59:59 - {"Device Type": "Tag", "Tag ID": 4212060, "RSSI": "-96.00 dBm", "Monitor ID": 0, "CMD": 0, "Status Byte": "00000000", "Button 4": "0", "Button 3": "0", "Button 2": "0", "Button 1": "0", "Motion Flag": "0", "Retry Count": 0, "Reserved": "0", "IR ID": 0, "Version": 28, "Astar ID": 900, "LBI": 2941, "CMD3": "7d0b07", "Timestamp": "2025-05-16 12:29:55", "EKEY": 0, "LF Flag": 146}
2025-05-16 17:59:59 - Mismatch for 'Tag ID': Expected 17686523, Got 4212060
2025-05-16 17:59:59 - Mismatch for 'Button 3': Expected 1, Got 0
2025-05-16 17:59:59 - Validation failed with mismatches:
2025-05-16 17:59:59 - Key: Tag ID, Expected: 17686523, Actual: 4212060
2025-05-16 17:59:59 - Key: Button 3, Expected: 1, Actual: 0
2025-05-16 17:59:59 - {"Device Type": "Tag", "Tag ID": 8477873, "RSSI": "-47.00 dBm", "Monitor ID": 0, "CMD": 0, "Status Byte": "10000010", "Button 4": "1", "Button 3": "0", "Button 2": "0", "Button 1": "0", "Motion Flag": "0", "Retry Count": 1, "Reserved": "0", "IR ID": 0, "Version": 26, "Astar ID": 100, "LBI": 2346, "CMD3": "2a0907", "Timestamp": "2025-05-16 12:29:55", "EKEY": 0, "LF Flag": 138}
2025-05-16 17:59:59 - Mismatch for 'Tag ID': Expected 17686523, Got 8477873
2025-05-16 17:59:59 - Mismatch for 'Button 4': Expected 0, Got 1
2025-05-16 17:59:59 - Mismatch for 'Button 3': Expected 1, Got 0
2025-05-16 17:59:59 - Validation failed with mismatches:
2025-05-16 17:59:59 - Key: Tag ID, Expected: 17686523, Actual: 8477873
2025-05-16 17:59:59 - Key: Button 4, Expected: 0, Actual: 1
2025-05-16 17:59:59 - Key: Button 3, Expected: 1, Actual: 0
2025-05-16 17:59:59 - {"Device Type": "Tag", "Tag ID": 4212872, "RSSI": "-95.00 dBm", "Monitor ID": 0, "CMD": 0, "Status Byte": "00000000", "Button 4": "0", "Button 3": "0", "Button 2": "0", "Button 1": "0", "Motion Flag": "0", "Retry Count": 0, "Reserved": "0", "IR ID": 0, "Version": 28, "Astar ID": 900, "LBI": 2919, "CMD3": "670b07", "Timestamp": "2025-05-16 12:29:55", "EKEY": 0, "LF Flag": 146}
2025-05-16 17:59:59 - Mismatch for 'Tag ID': Expected 17686523, Got 4212872
2025-05-16 17:59:59 - Mismatch for 'Button 3': Expected 1, Got 0
2025-05-16 17:59:59 - Validation failed with mismatches:
2025-05-16 17:59:59 - Key: Tag ID, Expected: 17686523, Actual: 4212872
2025-05-16 17:59:59 - Key: Button 3, Expected: 1, Actual: 0
2025-05-16 17:59:59 - {"Device Type": "Tag", "Tag ID": 17654415, "RSSI": "-84.00 dBm", "Monitor ID": 0, "CMD": 0, "Status Byte": "00000000", "Button 4": "0", "Button 3": "0", "Button 2": "0", "Button 1": "0", "Motion Flag": "0", "Retry Count": 0, "Reserved": "0", "IR ID": 0, "Version": 22, "Astar ID": 900, "LBI": 2902, "CMD3": "560b07", "Timestamp": "2025-05-16 12:29:55", "EKEY": 0, "LF Flag": 146}
2025-05-16 17:59:59 - Mismatch for 'Tag ID': Expected 17686523, Got 17654415
2025-05-16 17:59:59 - Mismatch for 'Button 3': Expected 1, Got 0
2025-05-16 17:59:59 - Validation failed with mismatches:
2025-05-16 17:59:59 - Key: Tag ID, Expected: 17686523, Actual: 17654415
2025-05-16 17:59:59 - Key: Button 3, Expected: 1, Actual: 0
2025-05-16 17:59:59 - {"Device Type": "Tag", "Tag ID": 17655159, "RSSI": "-85.00 dBm", "Monitor ID": 0, "CMD": 0, "Status Byte": "00000000", "Button 4": "0", "Button 3": "0", "Button 2": "0", "Button 1": "0", "Motion Flag": "0", "Retry Count": 0, "Reserved": "0", "IR ID": 0, "Version": 22, "Astar ID": 900, "LBI": 2917, "CMD3": "650b07", "Timestamp": "2025-05-16 12:29:55", "EKEY": 0, "LF Flag": 146}
2025-05-16 17:59:59 - Mismatch for 'Tag ID': Expected 17686523, Got 17655159
2025-05-16 17:59:59 - Mismatch for 'Button 3': Expected 1, Got 0
2025-05-16 17:59:59 - Validation failed with mismatches:
2025-05-16 17:59:59 - Key: Tag ID, Expected: 17686523, Actual: 17655159
2025-05-16 17:59:59 - Key: Button 3, Expected: 1, Actual: 0
2025-05-16 17:59:59 - {"Device Type": "Tag", "Tag ID": 4210374, "RSSI": "-94.00 dBm", "Monitor ID": 0, "CMD": 0, "Status Byte": "00000000", "Button 4": "0", "Button 3": "0", "Button 2": "0", "Button 1": "0", "Motion Flag": "0", "Retry Count": 0, "Reserved": "0", "IR ID": 0, "Version": 28, "Astar ID": 900, "LBI": 2928, "CMD3": "700b07", "Timestamp": "2025-05-16 12:29:55", "EKEY": 0, "LF Flag": 146}
2025-05-16 17:59:59 - Mismatch for 'Tag ID': Expected 17686523, Got 4210374
2025-05-16 17:59:59 - Mismatch for 'Button 3': Expected 1, Got 0
2025-05-16 17:59:59 - Validation failed with mismatches:
2025-05-16 17:59:59 - Key: Tag ID, Expected: 17686523, Actual: 4210374
2025-05-16 17:59:59 - Key: Button 3, Expected: 1, Actual: 0
2025-05-16 17:59:59 - {"Device Type": "Tag", "Tag ID": 17659519, "RSSI": "-69.00 dBm", "Monitor ID": 0, "CMD": 0, "Status Byte": "00000000", "Button 4": "0", "Button 3": "0", "Button 2": "0", "Button 1": "0", "Motion Flag": "0", "Retry Count": 0, "Reserved": "0", "IR ID": 0, "Version": 28, "Astar ID": 900, "LBI": 2853, "CMD3": "250b07", "Timestamp": "2025-05-16 12:29:55", "EKEY": 0, "LF Flag": 146}
2025-05-16 17:59:59 - Mismatch for 'Tag ID': Expected 17686523, Got 17659519
2025-05-16 17:59:59 - Mismatch for 'Button 3': Expected 1, Got 0
2025-05-16 17:59:59 - Validation failed with mismatches:
2025-05-16 17:59:59 - Key: Tag ID, Expected: 17686523, Actual: 17659519
2025-05-16 17:59:59 - Key: Button 3, Expected: 1, Actual: 0
2025-05-16 17:59:59 - {"Device Type": "Tag", "Tag ID": 17656013, "RSSI": "-71.00 dBm", "Monitor ID": 0, "CMD": 0, "Status Byte": "00000000", "Button 4": "0", "Button 3": "0", "Button 2": "0", "Button 1": "0", "Motion Flag": "0", "Retry Count": 0, "Reserved": "0", "IR ID": 0, "Version": 20, "Astar ID": 900, "LBI": 2859, "CMD3": "2b0b07", "Timestamp": "2025-05-16 12:29:56", "EKEY": 0, "LF Flag": 146}
2025-05-16 17:59:59 - Mismatch for 'Tag ID': Expected 17686523, Got 17656013
2025-05-16 17:59:59 - Mismatch for 'Button 3': Expected 1, Got 0
2025-05-16 17:59:59 - Validation failed with mismatches:
2025-05-16 17:59:59 - Key: Tag ID, Expected: 17686523, Actual: 17656013
2025-05-16 17:59:59 - Key: Button 3, Expected: 1, Actual: 0
2025-05-16 17:59:59 - {"Device Type": "Tag", "Tag ID": 4209449, "RSSI": "-89.00 dBm", "Monitor ID": 0, "CMD": 0, "Status Byte": "00000000", "Button 4": "0", "Button 3": "0", "Button 2": "0", "Button 1": "0", "Motion Flag": "0", "Retry Count": 0, "Reserved": "0", "IR ID": 0, "Version": 28, "Astar ID": 900, "LBI": 2869, "CMD3": "350b07", "Timestamp": "2025-05-16 12:29:56", "EKEY": 0, "LF Flag": 146}
2025-05-16 17:59:59 - Mismatch for 'Tag ID': Expected 17686523, Got 4209449
2025-05-16 17:59:59 - Mismatch for 'Button 3': Expected 1, Got 0
2025-05-16 17:59:59 - Validation failed with mismatches:
2025-05-16 17:59:59 - Key: Tag ID, Expected: 17686523, Actual: 4209449
2025-05-16 17:59:59 - Key: Button 3, Expected: 1, Actual: 0
2025-05-16 17:59:59 - {"Device Type": "Tag", "Tag ID": 17654569, "RSSI": "-81.00 dBm", "Monitor ID": 0, "CMD": 0, "Status Byte": "00000000", "Button 4": "0", "Button 3": "0", "Button 2": "0", "Button 1": "0", "Motion Flag": "0", "Retry Count": 0, "Reserved": "0", "IR ID": 0, "Version": 20, "Astar ID": 900, "LBI": 2804, "CMD3": "f40a07", "Timestamp": "2025-05-16 12:29:56", "EKEY": 0, "LF Flag": 146}
2025-05-16 17:59:59 - Mismatch for 'Tag ID': Expected 17686523, Got 17654569
2025-05-16 17:59:59 - Mismatch for 'Button 3': Expected 1, Got 0
2025-05-16 17:59:59 - Validation failed with mismatches:
2025-05-16 17:59:59 - Key: Tag ID, Expected: 17686523, Actual: 17654569
2025-05-16 17:59:59 - Key: Button 3, Expected: 1, Actual: 0
2025-05-16 17:59:59 - {"Device Type": "Tag", "Tag ID": 4212715, "RSSI": "-89.00 dBm", "Monitor ID": 0, "CMD": 0, "Status Byte": "00000000", "Button 4": "0", "Button 3": "0", "Button 2": "0", "Button 1": "0", "Motion Flag": "0", "Retry Count": 0, "Reserved": "0", "IR ID": 0, "Version": 28, "Astar ID": 900, "LBI": 2924, "CMD3": "6c0b07", "Timestamp": "2025-05-16 12:29:56", "EKEY": 0, "LF Flag": 146}
2025-05-16 17:59:59 - Mismatch for 'Tag ID': Expected 17686523, Got 4212715
2025-05-16 17:59:59 - Mismatch for 'Button 3': Expected 1, Got 0
2025-05-16 17:59:59 - Validation failed with mismatches:
2025-05-16 17:59:59 - Key: Tag ID, Expected: 17686523, Actual: 4212715
2025-05-16 17:59:59 - Key: Button 3, Expected: 1, Actual: 0
2025-05-16 17:59:59 - {"Device Type": "Tag", "Tag ID": 17655201, "RSSI": "-78.00 dBm", "Monitor ID": 0, "CMD": 0, "Status Byte": "00000000", "Button 4": "0", "Button 3": "0", "Button 2": "0", "Button 1": "0", "Motion Flag": "0", "Retry Count": 0, "Reserved": "0", "IR ID": 0, "Version": 20, "Astar ID": 900, "LBI": 2828, "CMD3": "0c0b07", "Timestamp": "2025-05-16 12:29:56", "EKEY": 0, "LF Flag": 146}
2025-05-16 17:59:59 - Mismatch for 'Tag ID': Expected 17686523, Got 17655201
2025-05-16 17:59:59 - Mismatch for 'Button 3': Expected 1, Got 0
2025-05-16 17:59:59 - Validation failed with mismatches:
2025-05-16 17:59:59 - Key: Tag ID, Expected: 17686523, Actual: 17655201
2025-05-16 17:59:59 - Key: Button 3, Expected: 1, Actual: 0
2025-05-16 17:59:59 - {"Device Type": "Tag", "Tag ID": 17655201, "RSSI": "-78.00 dBm", "Monitor ID": 0, "CMD": 0, "Status Byte": "00000000", "Button 4": "0", "Button 3": "0", "Button 2": "0", "Button 1": "0", "Motion Flag": "0", "Retry Count": 0, "Reserved": "0", "IR ID": 0, "Version": 20, "Astar ID": 900, "LBI": 2828, "CMD3": "0c0b07", "Timestamp": "2025-05-16 12:29:56", "EKEY": 0, "LF Flag": 146}
2025-05-16 17:59:59 - Mismatch for 'Tag ID': Expected 17686523, Got 17655201
2025-05-16 17:59:59 - Mismatch for 'Button 3': Expected 1, Got 0
2025-05-16 17:59:59 - Validation failed with mismatches:
2025-05-16 17:59:59 - Key: Tag ID, Expected: 17686523, Actual: 17655201
2025-05-16 17:59:59 - Key: Button 3, Expected: 1, Actual: 0
2025-05-16 17:59:59 - {"Device Type": "Tag", "Tag ID": 8476837, "RSSI": "-50.00 dBm", "Monitor ID": 0, "CMD": 0, "Status Byte": "10000010", "Button 4": "1", "Button 3": "0", "Button 2": "0", "Button 1": "0", "Motion Flag": "0", "Retry Count": 1, "Reserved": "0", "IR ID": 17, "Version": 26, "Astar ID": 100, "LBI": 2454, "CMD3": "960907", "Timestamp": "2025-05-16 12:29:56", "EKEY": 0, "LF Flag": 138}
2025-05-16 17:59:59 - Mismatch for 'Tag ID': Expected 17686523, Got 8476837
2025-05-16 17:59:59 - Mismatch for 'Button 4': Expected 0, Got 1
2025-05-16 17:59:59 - Mismatch for 'Button 3': Expected 1, Got 0
2025-05-16 17:59:59 - Validation failed with mismatches:
2025-05-16 17:59:59 - Key: Tag ID, Expected: 17686523, Actual: 8476837
2025-05-16 17:59:59 - Key: Button 4, Expected: 0, Actual: 1
2025-05-16 17:59:59 - Key: Button 3, Expected: 1, Actual: 0
2025-05-16 17:59:59 - {"Device Type": "Tag", "Tag ID": 17659617, "RSSI": "-84.00 dBm", "Monitor ID": 0, "CMD": 0, "Status Byte": "00000000", "Button 4": "0", "Button 3": "0", "Button 2": "0", "Button 1": "0", "Motion Flag": "0", "Retry Count": 0, "Reserved": "0", "IR ID": 0, "Version": 23, "Astar ID": 900, "LBI": 2847, "CMD3": "1f0b07", "Timestamp": "2025-05-16 12:29:56", "EKEY": 0, "LF Flag": 146}
2025-05-16 17:59:59 - Mismatch for 'Tag ID': Expected 17686523, Got 17659617
2025-05-16 17:59:59 - Mismatch for 'Button 3': Expected 1, Got 0
2025-05-16 17:59:59 - Validation failed with mismatches:
2025-05-16 17:59:59 - Key: Tag ID, Expected: 17686523, Actual: 17659617
2025-05-16 17:59:59 - Key: Button 3, Expected: 1, Actual: 0
2025-05-16 17:59:59 - {"Device Type": "Tag", "Tag ID": 17654541, "RSSI": "-84.00 dBm", "Monitor ID": 0, "CMD": 0, "Status Byte": "00000000", "Button 4": "0", "Button 3": "0", "Button 2": "0", "Button 1": "0", "Motion Flag": "0", "Retry Count": 0, "Reserved": "0", "IR ID": 0, "Version": 20, "Astar ID": 900, "LBI": 2828, "CMD3": "0c0b07", "Timestamp": "2025-05-16 12:29:56", "EKEY": 0, "LF Flag": 146}
2025-05-16 17:59:59 - Mismatch for 'Tag ID': Expected 17686523, Got 17654541
2025-05-16 17:59:59 - Mismatch for 'Button 3': Expected 1, Got 0
2025-05-16 17:59:59 - Validation failed with mismatches:
2025-05-16 17:59:59 - Key: Tag ID, Expected: 17686523, Actual: 17654541
2025-05-16 17:59:59 - Key: Button 3, Expected: 1, Actual: 0
2025-05-16 17:59:59 - {"Device Type": "Tag", "Tag ID": 17654341, "RSSI": "-70.00 dBm", "Monitor ID": 0, "CMD": 0, "Status Byte": "00000000", "Button 4": "0", "Button 3": "0", "Button 2": "0", "Button 1": "0", "Motion Flag": "0", "Retry Count": 0, "Reserved": "0", "IR ID": 0, "Version": 27, "Astar ID": 900, "LBI": 2232, "CMD3": "b80807", "Timestamp": "2025-05-16 12:29:56", "EKEY": 0, "LF Flag": 146}
2025-05-16 17:59:59 - Mismatch for 'Tag ID': Expected 17686523, Got 17654341
2025-05-16 17:59:59 - Mismatch for 'Button 3': Expected 1, Got 0
2025-05-16 17:59:59 - Validation failed with mismatches:
2025-05-16 17:59:59 - Key: Tag ID, Expected: 17686523, Actual: 17654341
2025-05-16 17:59:59 - Key: Button 3, Expected: 1, Actual: 0
2025-05-16 17:59:59 - {"Device Type": "Tag", "Tag ID": 8481227, "RSSI": "-52.00 dBm", "Monitor ID": 0, "CMD": 0, "Status Byte": "10000010", "Button 4": "1", "Button 3": "0", "Button 2": "0", "Button 1": "0", "Motion Flag": "0", "Retry Count": 1, "Reserved": "0", "IR ID": 0, "Version": 26, "Astar ID": 100, "LBI": 2398, "CMD3": "5e0907", "Timestamp": "2025-05-16 12:29:56", "EKEY": 0, "LF Flag": 138}
2025-05-16 17:59:59 - Mismatch for 'Tag ID': Expected 17686523, Got 8481227
2025-05-16 17:59:59 - Mismatch for 'Button 4': Expected 0, Got 1
2025-05-16 17:59:59 - Mismatch for 'Button 3': Expected 1, Got 0
2025-05-16 17:59:59 - Validation failed with mismatches:
2025-05-16 17:59:59 - Key: Tag ID, Expected: 17686523, Actual: 8481227
2025-05-16 17:59:59 - Key: Button 4, Expected: 0, Actual: 1
2025-05-16 17:59:59 - Key: Button 3, Expected: 1, Actual: 0
2025-05-16 17:59:59 - {"Device Type": "Tag", "Tag ID": 4214564, "RSSI": "-86.00 dBm", "Monitor ID": 0, "CMD": 0, "Status Byte": "00000000", "Button 4": "0", "Button 3": "0", "Button 2": "0", "Button 1": "0", "Motion Flag": "0", "Retry Count": 0, "Reserved": "0", "IR ID": 0, "Version": 28, "Astar ID": 900, "LBI": 2981, "CMD3": "a50b07", "Timestamp": "2025-05-16 12:29:56", "EKEY": 0, "LF Flag": 146}
2025-05-16 17:59:59 - Mismatch for 'Tag ID': Expected 17686523, Got 4214564
2025-05-16 17:59:59 - Mismatch for 'Button 3': Expected 1, Got 0
2025-05-16 17:59:59 - Validation failed with mismatches:
2025-05-16 17:59:59 - Key: Tag ID, Expected: 17686523, Actual: 4214564
2025-05-16 17:59:59 - Key: Button 3, Expected: 1, Actual: 0
2025-05-16 17:59:59 - {"Device Type": "Tag", "Tag ID": 17654341, "RSSI": "-70.00 dBm", "Monitor ID": 0, "CMD": 0, "Status Byte": "00000000", "Button 4": "0", "Button 3": "0", "Button 2": "0", "Button 1": "0", "Motion Flag": "0", "Retry Count": 0, "Reserved": "0", "IR ID": 0, "Version": 27, "Astar ID": 900, "LBI": 2232, "CMD3": "b80807", "Timestamp": "2025-05-16 12:29:56", "EKEY": 0, "LF Flag": 146}
2025-05-16 17:59:59 - Mismatch for 'Tag ID': Expected 17686523, Got 17654341
2025-05-16 17:59:59 - Mismatch for 'Button 3': Expected 1, Got 0
2025-05-16 17:59:59 - Validation failed with mismatches:
2025-05-16 17:59:59 - Key: Tag ID, Expected: 17686523, Actual: 17654341
2025-05-16 17:59:59 - Key: Button 3, Expected: 1, Actual: 0
2025-05-16 17:59:59 - {"Device Type": "Tag", "Tag ID": 17655800, "RSSI": "-80.00 dBm", "Monitor ID": 0, "CMD": 0, "Status Byte": "00000000", "Button 4": "0", "Button 3": "0", "Button 2": "0", "Button 1": "0", "Motion Flag": "0", "Retry Count": 0, "Reserved": "0", "IR ID": 0, "Version": 20, "Astar ID": 900, "LBI": 2847, "CMD3": "1f0b07", "Timestamp": "2025-05-16 12:29:56", "EKEY": 0, "LF Flag": 146}
2025-05-16 17:59:59 - Mismatch for 'Tag ID': Expected 17686523, Got 17655800
2025-05-16 17:59:59 - Mismatch for 'Button 3': Expected 1, Got 0
2025-05-16 17:59:59 - Validation failed with mismatches:
2025-05-16 17:59:59 - Key: Tag ID, Expected: 17686523, Actual: 17655800
2025-05-16 17:59:59 - Key: Button 3, Expected: 1, Actual: 0
2025-05-16 17:59:59 - {"Device Type": "Tag", "Tag ID": 17654341, "RSSI": "-70.00 dBm", "Monitor ID": 0, "CMD": 0, "Status Byte": "00000000", "Button 4": "0", "Button 3": "0", "Button 2": "0", "Button 1": "0", "Motion Flag": "0", "Retry Count": 0, "Reserved": "0", "IR ID": 0, "Version": 27, "Astar ID": 900, "LBI": 2232, "CMD3": "b80807", "Timestamp": "2025-05-16 12:29:56", "EKEY": 0, "LF Flag": 146}
2025-05-16 17:59:59 - Mismatch for 'Tag ID': Expected 17686523, Got 17654341
2025-05-16 17:59:59 - Mismatch for 'Button 3': Expected 1, Got 0
2025-05-16 17:59:59 - Validation failed with mismatches:
2025-05-16 17:59:59 - Key: Tag ID, Expected: 17686523, Actual: 17654341
2025-05-16 17:59:59 - Key: Button 3, Expected: 1, Actual: 0
2025-05-16 17:59:59 - {"Device Type": "Tag", "Tag ID": 17654341, "RSSI": "-70.00 dBm", "Monitor ID": 0, "CMD": 0, "Status Byte": "00000000", "Button 4": "0", "Button 3": "0", "Button 2": "0", "Button 1": "0", "Motion Flag": "0", "Retry Count": 0, "Reserved": "0", "IR ID": 0, "Version": 27, "Astar ID": 900, "LBI": 2232, "CMD3": "b80807", "Timestamp": "2025-05-16 12:29:56", "EKEY": 0, "LF Flag": 146}
2025-05-16 17:59:59 - Mismatch for 'Tag ID': Expected 17686523, Got 17654341
2025-05-16 17:59:59 - Mismatch for 'Button 3': Expected 1, Got 0
2025-05-16 17:59:59 - Validation failed with mismatches:
2025-05-16 17:59:59 - Key: Tag ID, Expected: 17686523, Actual: 17654341
2025-05-16 17:59:59 - Key: Button 3, Expected: 1, Actual: 0
2025-05-16 17:59:59 - {"Device Type": "Tag", "Tag ID": 4213787, "RSSI": "-95.00 dBm", "Monitor ID": 0, "CMD": 0, "Status Byte": "00000000", "Button 4": "0", "Button 3": "0", "Button 2": "0", "Button 1": "0", "Motion Flag": "0", "Retry Count": 0, "Reserved": "0", "IR ID": 0, "Version": 28, "Astar ID": 900, "LBI": 2932, "CMD3": "740b07", "Timestamp": "2025-05-16 12:29:56", "EKEY": 0, "LF Flag": 146}
2025-05-16 17:59:59 - Mismatch for 'Tag ID': Expected 17686523, Got 4213787
2025-05-16 17:59:59 - Mismatch for 'Button 3': Expected 1, Got 0
2025-05-16 17:59:59 - Validation failed with mismatches:
2025-05-16 17:59:59 - Key: Tag ID, Expected: 17686523, Actual: 4213787
2025-05-16 17:59:59 - Key: Button 3, Expected: 1, Actual: 0
2025-05-16 17:59:59 - {"Device Type": "Tag", "Tag ID": 4213912, "RSSI": "-89.00 dBm", "Monitor ID": 0, "CMD": 0, "Status Byte": "00000000", "Button 4": "0", "Button 3": "0", "Button 2": "0", "Button 1": "0", "Motion Flag": "0", "Retry Count": 0, "Reserved": "0", "IR ID": 0, "Version": 28, "Astar ID": 900, "LBI": 2921, "CMD3": "690b07", "Timestamp": "2025-05-16 12:29:56", "EKEY": 0, "LF Flag": 146}
2025-05-16 17:59:59 - Mismatch for 'Tag ID': Expected 17686523, Got 4213912
2025-05-16 17:59:59 - Mismatch for 'Button 3': Expected 1, Got 0
2025-05-16 17:59:59 - Validation failed with mismatches:
2025-05-16 17:59:59 - Key: Tag ID, Expected: 17686523, Actual: 4213912
2025-05-16 17:59:59 - Key: Button 3, Expected: 1, Actual: 0
2025-05-16 17:59:59 - {"Device Type": "Tag", "Tag ID": 4214130, "RSSI": "-88.00 dBm", "Monitor ID": 0, "CMD": 0, "Status Byte": "00000000", "Button 4": "0", "Button 3": "0", "Button 2": "0", "Button 1": "0", "Motion Flag": "0", "Retry Count": 0, "Reserved": "0", "IR ID": 0, "Version": 28, "Astar ID": 900, "LBI": 2925, "CMD3": "6d0b07", "Timestamp": "2025-05-16 12:29:56", "EKEY": 0, "LF Flag": 146}
2025-05-16 17:59:59 - Mismatch for 'Tag ID': Expected 17686523, Got 4214130
2025-05-16 17:59:59 - Mismatch for 'Button 3': Expected 1, Got 0
2025-05-16 17:59:59 - Validation failed with mismatches:
2025-05-16 17:59:59 - Key: Tag ID, Expected: 17686523, Actual: 4214130
2025-05-16 17:59:59 - Key: Button 3, Expected: 1, Actual: 0
2025-05-16 17:59:59 - {"Device Type": "Tag", "Tag ID": 4214130, "RSSI": "-88.00 dBm", "Monitor ID": 0, "CMD": 0, "Status Byte": "00000000", "Button 4": "0", "Button 3": "0", "Button 2": "0", "Button 1": "0", "Motion Flag": "0", "Retry Count": 0, "Reserved": "0", "IR ID": 0, "Version": 28, "Astar ID": 900, "LBI": 2925, "CMD3": "6d0b07", "Timestamp": "2025-05-16 12:29:56", "EKEY": 0, "LF Flag": 146}
2025-05-16 17:59:59 - Mismatch for 'Tag ID': Expected 17686523, Got 4214130
2025-05-16 17:59:59 - Mismatch for 'Button 3': Expected 1, Got 0
2025-05-16 17:59:59 - Validation failed with mismatches:
2025-05-16 17:59:59 - Key: Tag ID, Expected: 17686523, Actual: 4214130
2025-05-16 17:59:59 - Key: Button 3, Expected: 1, Actual: 0
2025-05-16 17:59:59 - {"Device Type": "Tag", "Tag ID": 17654986, "RSSI": "-78.00 dBm", "Monitor ID": 0, "CMD": 0, "Status Byte": "00000000", "Button 4": "0", "Button 3": "0", "Button 2": "0", "Button 1": "0", "Motion Flag": "0", "Retry Count": 0, "Reserved": "0", "IR ID": 0, "Version": 20, "Astar ID": 900, "LBI": 2871, "CMD3": "370b07", "Timestamp": "2025-05-16 12:29:56", "EKEY": 0, "LF Flag": 146}
2025-05-16 17:59:59 - Mismatch for 'Tag ID': Expected 17686523, Got 17654986
2025-05-16 17:59:59 - Mismatch for 'Button 3': Expected 1, Got 0
2025-05-16 17:59:59 - Validation failed with mismatches:
2025-05-16 17:59:59 - Key: Tag ID, Expected: 17686523, Actual: 17654986
2025-05-16 17:59:59 - Key: Button 3, Expected: 1, Actual: 0
2025-05-16 17:59:59 - {"Device Type": "Tag", "Tag ID": 4214130, "RSSI": "-88.00 dBm", "Monitor ID": 0, "CMD": 0, "Status Byte": "00000000", "Button 4": "0", "Button 3": "0", "Button 2": "0", "Button 1": "0", "Motion Flag": "0", "Retry Count": 0, "Reserved": "0", "IR ID": 0, "Version": 28, "Astar ID": 900, "LBI": 2925, "CMD3": "6d0b07", "Timestamp": "2025-05-16 12:29:56", "EKEY": 0, "LF Flag": 146}
2025-05-16 17:59:59 - Mismatch for 'Tag ID': Expected 17686523, Got 4214130
2025-05-16 17:59:59 - Mismatch for 'Button 3': Expected 1, Got 0
2025-05-16 17:59:59 - Validation failed with mismatches:
2025-05-16 17:59:59 - Key: Tag ID, Expected: 17686523, Actual: 4214130
2025-05-16 17:59:59 - Key: Button 3, Expected: 1, Actual: 0
2025-05-16 17:59:59 - {"Device Type": "Tag", "Tag ID": 17656419, "RSSI": "-84.00 dBm", "Monitor ID": 0, "CMD": 0, "Status Byte": "00000000", "Button 4": "0", "Button 3": "0", "Button 2": "0", "Button 1": "0", "Motion Flag": "0", "Retry Count": 0, "Reserved": "0", "IR ID": 0, "Version": 26, "Astar ID": 900, "LBI": 2817, "CMD3": "010b07", "Timestamp": "2025-05-16 12:29:56", "EKEY": 0, "LF Flag": 146}
2025-05-16 17:59:59 - Mismatch for 'Tag ID': Expected 17686523, Got 17656419
2025-05-16 17:59:59 - Mismatch for 'Button 3': Expected 1, Got 0
2025-05-16 17:59:59 - Validation failed with mismatches:
2025-05-16 17:59:59 - Key: Tag ID, Expected: 17686523, Actual: 17656419
2025-05-16 17:59:59 - Key: Button 3, Expected: 1, Actual: 0
2025-05-16 17:59:59 - {"Device Type": "Tag", "Tag ID": 17656419, "RSSI": "-73.00 dBm", "Monitor ID": 0, "CMD": 0, "Status Byte": "00000000", "Button 4": "0", "Button 3": "0", "Button 2": "0", "Button 1": "0", "Motion Flag": "0", "Retry Count": 0, "Reserved": "0", "IR ID": 0, "Version": 26, "Astar ID": 900, "LBI": 2817, "CMD3": "010b07", "Timestamp": "2025-05-16 12:29:56", "EKEY": 0, "LF Flag": 146}
2025-05-16 17:59:59 - Mismatch for 'Tag ID': Expected 17686523, Got 17656419
2025-05-16 17:59:59 - Mismatch for 'Button 3': Expected 1, Got 0
2025-05-16 17:59:59 - Validation failed with mismatches:
2025-05-16 17:59:59 - Key: Tag ID, Expected: 17686523, Actual: 17656419
2025-05-16 17:59:59 - Key: Button 3, Expected: 1, Actual: 0
2025-05-16 17:59:59 - {"Device Type": "Tag", "Tag ID": 4202466, "RSSI": "-69.00 dBm", "Monitor ID": 0, "CMD": 0, "Status Byte": "00001000", "Button 4": "0", "Button 3": "0", "Button 2": "0", "Button 1": "0", "Motion Flag": "1", "Retry Count": 0, "Reserved": "0", "IR ID": 66, "Version": 28, "Astar ID": 900, "LBI": 2834, "CMD3": "120b07", "Timestamp": "2025-05-16 12:29:56", "EKEY": 0, "LF Flag": 146}
2025-05-16 17:59:59 - Mismatch for 'Tag ID': Expected 17686523, Got 4202466
2025-05-16 17:59:59 - Mismatch for 'Button 3': Expected 1, Got 0
2025-05-16 17:59:59 - Validation failed with mismatches:
2025-05-16 17:59:59 - Key: Tag ID, Expected: 17686523, Actual: 4202466
2025-05-16 17:59:59 - Key: Button 3, Expected: 1, Actual: 0
2025-05-16 17:59:59 - {"Device Type": "Tag", "Tag ID": 4209061, "RSSI": "-94.00 dBm", "Monitor ID": 0, "CMD": 0, "Status Byte": "00000000", "Button 4": "0", "Button 3": "0", "Button 2": "0", "Button 1": "0", "Motion Flag": "0", "Retry Count": 0, "Reserved": "0", "IR ID": 0, "Version": 28, "Astar ID": 900, "LBI": 2909, "CMD3": "5d0b07", "Timestamp": "2025-05-16 12:29:56", "EKEY": 0, "LF Flag": 146}
2025-05-16 17:59:59 - Mismatch for 'Tag ID': Expected 17686523, Got 4209061
2025-05-16 17:59:59 - Mismatch for 'Button 3': Expected 1, Got 0
2025-05-16 17:59:59 - Validation failed with mismatches:
2025-05-16 17:59:59 - Key: Tag ID, Expected: 17686523, Actual: 4209061
2025-05-16 17:59:59 - Key: Button 3, Expected: 1, Actual: 0
2025-05-16 17:59:59 - {"Device Type": "Tag", "Tag ID": 17656419, "RSSI": "-84.00 dBm", "Monitor ID": 0, "CMD": 0, "Status Byte": "00000000", "Button 4": "0", "Button 3": "0", "Button 2": "0", "Button 1": "0", "Motion Flag": "0", "Retry Count": 0, "Reserved": "0", "IR ID": 0, "Version": 26, "Astar ID": 900, "LBI": 2817, "CMD3": "010b07", "Timestamp": "2025-05-16 12:29:56", "EKEY": 0, "LF Flag": 146}
2025-05-16 17:59:59 - Mismatch for 'Tag ID': Expected 17686523, Got 17656419
2025-05-16 17:59:59 - Mismatch for 'Button 3': Expected 1, Got 0
2025-05-16 17:59:59 - Validation failed with mismatches:
2025-05-16 17:59:59 - Key: Tag ID, Expected: 17686523, Actual: 17656419
2025-05-16 17:59:59 - Key: Button 3, Expected: 1, Actual: 0
2025-05-16 17:59:59 - {"Device Type": "Tag", "Tag ID": 17656419, "RSSI": "-73.00 dBm", "Monitor ID": 0, "CMD": 0, "Status Byte": "00000000", "Button 4": "0", "Button 3": "0", "Button 2": "0", "Button 1": "0", "Motion Flag": "0", "Retry Count": 0, "Reserved": "0", "IR ID": 0, "Version": 26, "Astar ID": 900, "LBI": 2817, "CMD3": "010b07", "Timestamp": "2025-05-16 12:29:56", "EKEY": 0, "LF Flag": 146}
2025-05-16 17:59:59 - Mismatch for 'Tag ID': Expected 17686523, Got 17656419
2025-05-16 17:59:59 - Mismatch for 'Button 3': Expected 1, Got 0
2025-05-16 17:59:59 - Validation failed with mismatches:
2025-05-16 17:59:59 - Key: Tag ID, Expected: 17686523, Actual: 17656419
2025-05-16 17:59:59 - Key: Button 3, Expected: 1, Actual: 0
2025-05-16 17:59:59 - {"Device Type": "Tag", "Tag ID": 17658688, "RSSI": "-78.00 dBm", "Monitor ID": 0, "CMD": 0, "Status Byte": "00000000", "Button 4": "0", "Button 3": "0", "Button 2": "0", "Button 1": "0", "Motion Flag": "0", "Retry Count": 0, "Reserved": "0", "IR ID": 0, "Version": 28, "Astar ID": 900, "LBI": 2543, "CMD3": "ef0907", "Timestamp": "2025-05-16 12:29:56", "EKEY": 0, "LF Flag": 146}
2025-05-16 17:59:59 - Mismatch for 'Tag ID': Expected 17686523, Got 17658688
2025-05-16 17:59:59 - Mismatch for 'Button 3': Expected 1, Got 0
2025-05-16 17:59:59 - Validation failed with mismatches:
2025-05-16 17:59:59 - Key: Tag ID, Expected: 17686523, Actual: 17658688
2025-05-16 17:59:59 - Key: Button 3, Expected: 1, Actual: 0
2025-05-16 17:59:59 - {"Device Type": "Tag", "Tag ID": 4212061, "RSSI": "-89.00 dBm", "Monitor ID": 0, "CMD": 0, "Status Byte": "00000000", "Button 4": "0", "Button 3": "0", "Button 2": "0", "Button 1": "0", "Motion Flag": "0", "Retry Count": 0, "Reserved": "0", "IR ID": 0, "Version": 28, "Astar ID": 900, "LBI": 2937, "CMD3": "790b07", "Timestamp": "2025-05-16 12:29:56", "EKEY": 0, "LF Flag": 146}
2025-05-16 17:59:59 - Mismatch for 'Tag ID': Expected 17686523, Got 4212061
2025-05-16 17:59:59 - Mismatch for 'Button 3': Expected 1, Got 0
2025-05-16 17:59:59 - Validation failed with mismatches:
2025-05-16 17:59:59 - Key: Tag ID, Expected: 17686523, Actual: 4212061
2025-05-16 17:59:59 - Key: Button 3, Expected: 1, Actual: 0
2025-05-16 17:59:59 - {"Device Type": "Tag", "Tag ID": 8442545, "RSSI": "-52.00 dBm", "Monitor ID": 0, "CMD": 0, "Status Byte": "10000010", "Button 4": "1", "Button 3": "0", "Button 2": "0", "Button 1": "0", "Motion Flag": "0", "Retry Count": 1, "Reserved": "0", "IR ID": 0, "Version": 24, "Astar ID": 100, "LBI": 978, "CMD3": "920105", "Timestamp": "2025-05-16 12:29:56", "EKEY": 0, "LF Flag": 128}
2025-05-16 17:59:59 - Mismatch for 'Tag ID': Expected 17686523, Got 8442545
2025-05-16 17:59:59 - Mismatch for 'Button 4': Expected 0, Got 1
2025-05-16 17:59:59 - Mismatch for 'Button 3': Expected 1, Got 0
2025-05-16 17:59:59 - Validation failed with mismatches:
2025-05-16 17:59:59 - Key: Tag ID, Expected: 17686523, Actual: 8442545
2025-05-16 17:59:59 - Key: Button 4, Expected: 0, Actual: 1
2025-05-16 17:59:59 - Key: Button 3, Expected: 1, Actual: 0
2025-05-16 17:59:59 - {"Device Type": "Tag", "Tag ID": 17656419, "RSSI": "-73.00 dBm", "Monitor ID": 0, "CMD": 0, "Status Byte": "00000000", "Button 4": "0", "Button 3": "0", "Button 2": "0", "Button 1": "0", "Motion Flag": "0", "Retry Count": 0, "Reserved": "0", "IR ID": 0, "Version": 26, "Astar ID": 900, "LBI": 2817, "CMD3": "010b07", "Timestamp": "2025-05-16 12:29:56", "EKEY": 0, "LF Flag": 146}
2025-05-16 17:59:59 - Mismatch for 'Tag ID': Expected 17686523, Got 17656419
2025-05-16 17:59:59 - Mismatch for 'Button 3': Expected 1, Got 0
2025-05-16 17:59:59 - Validation failed with mismatches:
2025-05-16 17:59:59 - Key: Tag ID, Expected: 17686523, Actual: 17656419
2025-05-16 17:59:59 - Key: Button 3, Expected: 1, Actual: 0
2025-05-16 17:59:59 - {"Device Type": "Tag", "Tag ID": 17658688, "RSSI": "-77.00 dBm", "Monitor ID": 0, "CMD": 0, "Status Byte": "00000000", "Button 4": "0", "Button 3": "0", "Button 2": "0", "Button 1": "0", "Motion Flag": "0", "Retry Count": 0, "Reserved": "0", "IR ID": 0, "Version": 28, "Astar ID": 900, "LBI": 2543, "CMD3": "ef0907", "Timestamp": "2025-05-16 12:29:56", "EKEY": 0, "LF Flag": 146}
2025-05-16 17:59:59 - Mismatch for 'Tag ID': Expected 17686523, Got 17658688
2025-05-16 17:59:59 - Mismatch for 'Button 3': Expected 1, Got 0
2025-05-16 17:59:59 - Validation failed with mismatches:
2025-05-16 17:59:59 - Key: Tag ID, Expected: 17686523, Actual: 17658688
2025-05-16 17:59:59 - Key: Button 3, Expected: 1, Actual: 0
2025-05-16 17:59:59 - {"Device Type": "Tag", "Tag ID": 17656419, "RSSI": "-73.00 dBm", "Monitor ID": 0, "CMD": 0, "Status Byte": "00000000", "Button 4": "0", "Button 3": "0", "Button 2": "0", "Button 1": "0", "Motion Flag": "0", "Retry Count": 0, "Reserved": "0", "IR ID": 0, "Version": 26, "Astar ID": 900, "LBI": 2817, "CMD3": "010b07", "Timestamp": "2025-05-16 12:29:56", "EKEY": 0, "LF Flag": 146}
2025-05-16 17:59:59 - Mismatch for 'Tag ID': Expected 17686523, Got 17656419
2025-05-16 17:59:59 - Mismatch for 'Button 3': Expected 1, Got 0
2025-05-16 17:59:59 - Validation failed with mismatches:
2025-05-16 17:59:59 - Key: Tag ID, Expected: 17686523, Actual: 17656419
2025-05-16 17:59:59 - Key: Button 3, Expected: 1, Actual: 0
2025-05-16 17:59:59 - {"Device Type": "Tag", "Tag ID": 4213475, "RSSI": "-91.00 dBm", "Monitor ID": 0, "CMD": 0, "Status Byte": "00000000", "Button 4": "0", "Button 3": "0", "Button 2": "0", "Button 1": "0", "Motion Flag": "0", "Retry Count": 0, "Reserved": "0", "IR ID": 0, "Version": 28, "Astar ID": 900, "LBI": 2918, "CMD3": "660b07", "Timestamp": "2025-05-16 12:29:56", "EKEY": 0, "LF Flag": 146}
2025-05-16 17:59:59 - Mismatch for 'Tag ID': Expected 17686523, Got 4213475
2025-05-16 17:59:59 - Mismatch for 'Button 3': Expected 1, Got 0
2025-05-16 17:59:59 - Validation failed with mismatches:
2025-05-16 17:59:59 - Key: Tag ID, Expected: 17686523, Actual: 4213475
2025-05-16 17:59:59 - Key: Button 3, Expected: 1, Actual: 0
2025-05-16 17:59:59 - {"Device Type": "Tag", "Tag ID": 4213218, "RSSI": "-98.00 dBm", "Monitor ID": 0, "CMD": 0, "Status Byte": "00000000", "Button 4": "0", "Button 3": "0", "Button 2": "0", "Button 1": "0", "Motion Flag": "0", "Retry Count": 0, "Reserved": "0", "IR ID": 0, "Version": 28, "Astar ID": 900, "LBI": 2920, "CMD3": "680b07", "Timestamp": "2025-05-16 12:29:56", "EKEY": 0, "LF Flag": 146}
2025-05-16 17:59:59 - Mismatch for 'Tag ID': Expected 17686523, Got 4213218
2025-05-16 17:59:59 - Mismatch for 'Button 3': Expected 1, Got 0
2025-05-16 17:59:59 - Validation failed with mismatches:
2025-05-16 17:59:59 - Key: Tag ID, Expected: 17686523, Actual: 4213218
2025-05-16 17:59:59 - Key: Button 3, Expected: 1, Actual: 0
2025-05-16 17:59:59 - {"Device Type": "Tag", "Tag ID": 8447699, "RSSI": "-38.00 dBm", "Monitor ID": 2616210, "CMD": 0, "Status Byte": "00000010", "Button 4": "0", "Button 3": "0", "Button 2": "0", "Button 1": "0", "Motion Flag": "0", "Retry Count": 1, "Reserved": "0", "IR ID": 4095, "Version": 21, "Astar ID": 100, "LBI": 3567, "CMD3": "ef0d07", "Timestamp": "2025-05-16 12:29:56", "EKEY": 0, "LF Flag": 138}
2025-05-16 17:59:59 - Mismatch for 'Tag ID': Expected 17686523, Got 8447699
2025-05-16 17:59:59 - Mismatch for 'Button 3': Expected 1, Got 0
2025-05-16 17:59:59 - Validation failed with mismatches:
2025-05-16 17:59:59 - Key: Tag ID, Expected: 17686523, Actual: 8447699
2025-05-16 17:59:59 - Key: Button 3, Expected: 1, Actual: 0
2025-05-16 17:59:59 - {"Device Type": "Tag", "Tag ID": 17654458, "RSSI": "-76.00 dBm", "Monitor ID": 0, "CMD": 0, "Status Byte": "00000000", "Button 4": "0", "Button 3": "0", "Button 2": "0", "Button 1": "0", "Motion Flag": "0", "Retry Count": 0, "Reserved": "0", "IR ID": 0, "Version": 20, "Astar ID": 900, "LBI": 2894, "CMD3": "4e0b07", "Timestamp": "2025-05-16 12:29:56", "EKEY": 0, "LF Flag": 146}
2025-05-16 17:59:59 - Mismatch for 'Tag ID': Expected 17686523, Got 17654458
2025-05-16 17:59:59 - Mismatch for 'Button 3': Expected 1, Got 0
2025-05-16 17:59:59 - Validation failed with mismatches:
2025-05-16 17:59:59 - Key: Tag ID, Expected: 17686523, Actual: 17654458
2025-05-16 17:59:59 - Key: Button 3, Expected: 1, Actual: 0
2025-05-16 17:59:59 - {"Device Type": "Tag", "Tag ID": 17655418, "RSSI": "-78.00 dBm", "Monitor ID": 0, "CMD": 0, "Status Byte": "00000000", "Button 4": "0", "Button 3": "0", "Button 2": "0", "Button 1": "0", "Motion Flag": "0", "Retry Count": 0, "Reserved": "0", "IR ID": 0, "Version": 20, "Astar ID": 900, "LBI": 2894, "CMD3": "4e0b07", "Timestamp": "2025-05-16 12:29:56", "EKEY": 0, "LF Flag": 146}
2025-05-16 17:59:59 - Mismatch for 'Tag ID': Expected 17686523, Got 17655418
2025-05-16 17:59:59 - Mismatch for 'Button 3': Expected 1, Got 0
2025-05-16 17:59:59 - Validation failed with mismatches:
2025-05-16 17:59:59 - Key: Tag ID, Expected: 17686523, Actual: 17655418
2025-05-16 17:59:59 - Key: Button 3, Expected: 1, Actual: 0
2025-05-16 17:59:59 - {"Device Type": "Tag", "Tag ID": 4210374, "RSSI": "-93.00 dBm", "Monitor ID": 0, "CMD": 0, "Status Byte": "00000000", "Button 4": "0", "Button 3": "0", "Button 2": "0", "Button 1": "0", "Motion Flag": "0", "Retry Count": 0, "Reserved": "0", "IR ID": 0, "Version": 28, "Astar ID": 900, "LBI": 2928, "CMD3": "700b07", "Timestamp": "2025-05-16 12:29:56", "EKEY": 0, "LF Flag": 146}
2025-05-16 17:59:59 - Mismatch for 'Tag ID': Expected 17686523, Got 4210374
2025-05-16 17:59:59 - Mismatch for 'Button 3': Expected 1, Got 0
2025-05-16 17:59:59 - Validation failed with mismatches:
2025-05-16 17:59:59 - Key: Tag ID, Expected: 17686523, Actual: 4210374
2025-05-16 17:59:59 - Key: Button 3, Expected: 1, Actual: 0
2025-05-16 17:59:59 - {"Device Type": "Tag", "Tag ID": 17654415, "RSSI": "-84.00 dBm", "Monitor ID": 0, "CMD": 0, "Status Byte": "00000000", "Button 4": "0", "Button 3": "0", "Button 2": "0", "Button 1": "0", "Motion Flag": "0", "Retry Count": 0, "Reserved": "0", "IR ID": 0, "Version": 22, "Astar ID": 900, "LBI": 2902, "CMD3": "560b07", "Timestamp": "2025-05-16 12:29:56", "EKEY": 0, "LF Flag": 146}
2025-05-16 17:59:59 - Mismatch for 'Tag ID': Expected 17686523, Got 17654415
2025-05-16 17:59:59 - Mismatch for 'Button 3': Expected 1, Got 0
2025-05-16 17:59:59 - Validation failed with mismatches:
2025-05-16 17:59:59 - Key: Tag ID, Expected: 17686523, Actual: 17654415
2025-05-16 17:59:59 - Key: Button 3, Expected: 1, Actual: 0
2025-05-16 17:59:59 - {"Device Type": "Tag", "Tag ID": 17654415, "RSSI": "-84.00 dBm", "Monitor ID": 0, "CMD": 0, "Status Byte": "00000000", "Button 4": "0", "Button 3": "0", "Button 2": "0", "Button 1": "0", "Motion Flag": "0", "Retry Count": 0, "Reserved": "0", "IR ID": 0, "Version": 22, "Astar ID": 900, "LBI": 2902, "CMD3": "560b07", "Timestamp": "2025-05-16 12:29:56", "EKEY": 0, "LF Flag": 146}
2025-05-16 17:59:59 - Mismatch for 'Tag ID': Expected 17686523, Got 17654415
2025-05-16 17:59:59 - Mismatch for 'Button 3': Expected 1, Got 0
2025-05-16 17:59:59 - Validation failed with mismatches:
2025-05-16 17:59:59 - Key: Tag ID, Expected: 17686523, Actual: 17654415
2025-05-16 17:59:59 - Key: Button 3, Expected: 1, Actual: 0
2025-05-16 17:59:59 - {"Device Type": "Tag", "Tag ID": 17655418, "RSSI": "-78.00 dBm", "Monitor ID": 0, "CMD": 0, "Status Byte": "00000000", "Button 4": "0", "Button 3": "0", "Button 2": "0", "Button 1": "0", "Motion Flag": "0", "Retry Count": 0, "Reserved": "0", "IR ID": 0, "Version": 20, "Astar ID": 900, "LBI": 2894, "CMD3": "4e0b07", "Timestamp": "2025-05-16 12:29:56", "EKEY": 0, "LF Flag": 146}
2025-05-16 17:59:59 - Mismatch for 'Tag ID': Expected 17686523, Got 17655418
2025-05-16 17:59:59 - Mismatch for 'Button 3': Expected 1, Got 0
2025-05-16 17:59:59 - Validation failed with mismatches:
2025-05-16 17:59:59 - Key: Tag ID, Expected: 17686523, Actual: 17655418
2025-05-16 17:59:59 - Key: Button 3, Expected: 1, Actual: 0
2025-05-16 17:59:59 - {"Device Type": "Tag", "Tag ID": 17659580, "RSSI": "-87.00 dBm", "Monitor ID": 0, "CMD": 0, "Status Byte": "00000000", "Button 4": "0", "Button 3": "0", "Button 2": "0", "Button 1": "0", "Motion Flag": "0", "Retry Count": 0, "Reserved": "0", "IR ID": 0, "Version": 23, "Astar ID": 900, "LBI": 2851, "CMD3": "230b07", "Timestamp": "2025-05-16 12:29:56", "EKEY": 0, "LF Flag": 146}
2025-05-16 17:59:59 - Mismatch for 'Tag ID': Expected 17686523, Got 17659580
2025-05-16 17:59:59 - Mismatch for 'Button 3': Expected 1, Got 0
2025-05-16 17:59:59 - Validation failed with mismatches:
2025-05-16 17:59:59 - Key: Tag ID, Expected: 17686523, Actual: 17659580
2025-05-16 17:59:59 - Key: Button 3, Expected: 1, Actual: 0
2025-05-16 17:59:59 - {"Device Type": "Tag", "Tag ID": 8477208, "RSSI": "-56.00 dBm", "Monitor ID": 0, "CMD": 0, "Status Byte": "10000010", "Button 4": "1", "Button 3": "0", "Button 2": "0", "Button 1": "0", "Motion Flag": "0", "Retry Count": 1, "Reserved": "0", "IR ID": 0, "Version": 26, "Astar ID": 100, "LBI": 2394, "CMD3": "5a0907", "Timestamp": "2025-05-16 12:29:56", "EKEY": 0, "LF Flag": 138}
2025-05-16 17:59:59 - Mismatch for 'Tag ID': Expected 17686523, Got 8477208
2025-05-16 17:59:59 - Mismatch for 'Button 4': Expected 0, Got 1
2025-05-16 17:59:59 - Mismatch for 'Button 3': Expected 1, Got 0
2025-05-16 17:59:59 - Validation failed with mismatches:
2025-05-16 17:59:59 - Key: Tag ID, Expected: 17686523, Actual: 8477208
2025-05-16 17:59:59 - Key: Button 4, Expected: 0, Actual: 1
2025-05-16 17:59:59 - Key: Button 3, Expected: 1, Actual: 0
2025-05-16 17:59:59 - {"Device Type": "Tag", "Tag ID": 8477208, "RSSI": "-47.00 dBm", "Monitor ID": 0, "CMD": 0, "Status Byte": "10000010", "Button 4": "1", "Button 3": "0", "Button 2": "0", "Button 1": "0", "Motion Flag": "0", "Retry Count": 1, "Reserved": "0", "IR ID": 0, "Version": 26, "Astar ID": 100, "LBI": 2394, "CMD3": "5a0907", "Timestamp": "2025-05-16 12:29:56", "EKEY": 0, "LF Flag": 138}
2025-05-16 17:59:59 - Mismatch for 'Tag ID': Expected 17686523, Got 8477208
2025-05-16 17:59:59 - Mismatch for 'Button 4': Expected 0, Got 1
2025-05-16 17:59:59 - Mismatch for 'Button 3': Expected 1, Got 0
2025-05-16 17:59:59 - Validation failed with mismatches:
2025-05-16 17:59:59 - Key: Tag ID, Expected: 17686523, Actual: 8477208
2025-05-16 17:59:59 - Key: Button 4, Expected: 0, Actual: 1
2025-05-16 17:59:59 - Key: Button 3, Expected: 1, Actual: 0
2025-05-16 17:59:59 - {"Device Type": "Tag", "Tag ID": 9749902, "RSSI": "-78.00 dBm", "Monitor ID": 0, "CMD": 87, "Status Byte": "10000010", "Button 4": "1", "Button 3": "0", "Button 2": "0", "Button 1": "0", "Motion Flag": "0", "Retry Count": 1, "Reserved": "0", "IR ID": 0, "Version": 19, "Astar ID": 100, "LBI": 3223, "CMD3": "275100", "Timestamp": "2025-05-16 12:29:56", "EKEY": 0, "LF Flag": 138}
2025-05-16 17:59:59 - Mismatch for 'Tag ID': Expected 17686523, Got 9749902
2025-05-16 17:59:59 - Mismatch for 'Button 4': Expected 0, Got 1
2025-05-16 17:59:59 - Mismatch for 'Button 3': Expected 1, Got 0
2025-05-16 17:59:59 - Validation failed with mismatches:
2025-05-16 17:59:59 - Key: Tag ID, Expected: 17686523, Actual: 9749902
2025-05-16 17:59:59 - Key: Button 4, Expected: 0, Actual: 1
2025-05-16 17:59:59 - Key: Button 3, Expected: 1, Actual: 0
2025-05-16 17:59:59 - {"Device Type": "Tag", "Tag ID": 4209449, "RSSI": "-93.00 dBm", "Monitor ID": 0, "CMD": 0, "Status Byte": "00000000", "Button 4": "0", "Button 3": "0", "Button 2": "0", "Button 1": "0", "Motion Flag": "0", "Retry Count": 0, "Reserved": "0", "IR ID": 0, "Version": 28, "Astar ID": 900, "LBI": 2869, "CMD3": "350b07", "Timestamp": "2025-05-16 12:29:57", "EKEY": 0, "LF Flag": 146}
2025-05-16 17:59:59 - Mismatch for 'Tag ID': Expected 17686523, Got 4209449
2025-05-16 17:59:59 - Mismatch for 'Button 3': Expected 1, Got 0
2025-05-16 17:59:59 - Validation failed with mismatches:
2025-05-16 17:59:59 - Key: Tag ID, Expected: 17686523, Actual: 4209449
2025-05-16 17:59:59 - Key: Button 3, Expected: 1, Actual: 0
2025-05-16 17:59:59 - {"Device Type": "Tag", "Tag ID": 8476837, "RSSI": "-51.00 dBm", "Monitor ID": 0, "CMD": 0, "Status Byte": "10000010", "Button 4": "1", "Button 3": "0", "Button 2": "0", "Button 1": "0", "Motion Flag": "0", "Retry Count": 1, "Reserved": "0", "IR ID": 17, "Version": 26, "Astar ID": 100, "LBI": 2454, "CMD3": "960907", "Timestamp": "2025-05-16 12:29:57", "EKEY": 0, "LF Flag": 138}
2025-05-16 17:59:59 - Mismatch for 'Tag ID': Expected 17686523, Got 8476837
2025-05-16 17:59:59 - Mismatch for 'Button 4': Expected 0, Got 1
2025-05-16 17:59:59 - Mismatch for 'Button 3': Expected 1, Got 0
2025-05-16 17:59:59 - Validation failed with mismatches:
2025-05-16 17:59:59 - Key: Tag ID, Expected: 17686523, Actual: 8476837
2025-05-16 17:59:59 - Key: Button 4, Expected: 0, Actual: 1
2025-05-16 17:59:59 - Key: Button 3, Expected: 1, Actual: 0
2025-05-16 17:59:59 - {"Device Type": "Tag", "Tag ID": 17654341, "RSSI": "-70.00 dBm", "Monitor ID": 0, "CMD": 0, "Status Byte": "00000000", "Button 4": "0", "Button 3": "0", "Button 2": "0", "Button 1": "0", "Motion Flag": "0", "Retry Count": 0, "Reserved": "0", "IR ID": 0, "Version": 27, "Astar ID": 900, "LBI": 2232, "CMD3": "b80807", "Timestamp": "2025-05-16 12:29:57", "EKEY": 0, "LF Flag": 146}
2025-05-16 17:59:59 - Mismatch for 'Tag ID': Expected 17686523, Got 17654341
2025-05-16 17:59:59 - Mismatch for 'Button 3': Expected 1, Got 0
2025-05-16 17:59:59 - Validation failed with mismatches:
2025-05-16 17:59:59 - Key: Tag ID, Expected: 17686523, Actual: 17654341
2025-05-16 17:59:59 - Key: Button 3, Expected: 1, Actual: 0
2025-05-16 17:59:59 - {"Device Type": "Tag", "Tag ID": 17654341, "RSSI": "-70.00 dBm", "Monitor ID": 0, "CMD": 0, "Status Byte": "00000000", "Button 4": "0", "Button 3": "0", "Button 2": "0", "Button 1": "0", "Motion Flag": "0", "Retry Count": 0, "Reserved": "0", "IR ID": 0, "Version": 27, "Astar ID": 900, "LBI": 2232, "CMD3": "b80807", "Timestamp": "2025-05-16 12:29:57", "EKEY": 0, "LF Flag": 146}
2025-05-16 17:59:59 - Mismatch for 'Tag ID': Expected 17686523, Got 17654341
2025-05-16 17:59:59 - Mismatch for 'Button 3': Expected 1, Got 0
2025-05-16 17:59:59 - Validation failed with mismatches:
2025-05-16 17:59:59 - Key: Tag ID, Expected: 17686523, Actual: 17654341
2025-05-16 17:59:59 - Key: Button 3, Expected: 1, Actual: 0
2025-05-16 17:59:59 - {"Device Type": "Tag", "Tag ID": 8500763, "RSSI": "-48.00 dBm", "Monitor ID": 0, "CMD": 0, "Status Byte": "10000010", "Button 4": "1", "Button 3": "0", "Button 2": "0", "Button 1": "0", "Motion Flag": "0", "Retry Count": 1, "Reserved": "0", "IR ID": 0, "Version": 26, "Astar ID": 100, "LBI": 2380, "CMD3": "4c0907", "Timestamp": "2025-05-16 12:29:57", "EKEY": 0, "LF Flag": 138}
2025-05-16 17:59:59 - Mismatch for 'Tag ID': Expected 17686523, Got 8500763
2025-05-16 17:59:59 - Mismatch for 'Button 4': Expected 0, Got 1
2025-05-16 17:59:59 - Mismatch for 'Button 3': Expected 1, Got 0
2025-05-16 17:59:59 - Validation failed with mismatches:
2025-05-16 17:59:59 - Key: Tag ID, Expected: 17686523, Actual: 8500763
2025-05-16 17:59:59 - Key: Button 4, Expected: 0, Actual: 1
2025-05-16 17:59:59 - Key: Button 3, Expected: 1, Actual: 0
2025-05-16 17:59:59 - {"Device Type": "Tag", "Tag ID": 17654341, "RSSI": "-70.00 dBm", "Monitor ID": 0, "CMD": 0, "Status Byte": "00000000", "Button 4": "0", "Button 3": "0", "Button 2": "0", "Button 1": "0", "Motion Flag": "0", "Retry Count": 0, "Reserved": "0", "IR ID": 0, "Version": 27, "Astar ID": 900, "LBI": 2232, "CMD3": "b80807", "Timestamp": "2025-05-16 12:29:57", "EKEY": 0, "LF Flag": 146}
2025-05-16 17:59:59 - Mismatch for 'Tag ID': Expected 17686523, Got 17654341
2025-05-16 17:59:59 - Mismatch for 'Button 3': Expected 1, Got 0
2025-05-16 17:59:59 - Validation failed with mismatches:
2025-05-16 17:59:59 - Key: Tag ID, Expected: 17686523, Actual: 17654341
2025-05-16 17:59:59 - Key: Button 3, Expected: 1, Actual: 0
2025-05-16 17:59:59 - {"Device Type": "Tag", "Tag ID": 17654341, "RSSI": "-70.00 dBm", "Monitor ID": 0, "CMD": 0, "Status Byte": "00000000", "Button 4": "0", "Button 3": "0", "Button 2": "0", "Button 1": "0", "Motion Flag": "0", "Retry Count": 0, "Reserved": "0", "IR ID": 0, "Version": 27, "Astar ID": 900, "LBI": 2232, "CMD3": "b80807", "Timestamp": "2025-05-16 12:29:57", "EKEY": 0, "LF Flag": 146}
2025-05-16 17:59:59 - Mismatch for 'Tag ID': Expected 17686523, Got 17654341
2025-05-16 17:59:59 - Mismatch for 'Button 3': Expected 1, Got 0
2025-05-16 17:59:59 - Validation failed with mismatches:
2025-05-16 17:59:59 - Key: Tag ID, Expected: 17686523, Actual: 17654341
2025-05-16 17:59:59 - Key: Button 3, Expected: 1, Actual: 0
2025-05-16 17:59:59 - {"Device Type": "Tag", "Tag ID": 17654859, "RSSI": "-87.00 dBm", "Monitor ID": 0, "CMD": 0, "Status Byte": "00000000", "Button 4": "0", "Button 3": "0", "Button 2": "0", "Button 1": "0", "Motion Flag": "0", "Retry Count": 0, "Reserved": "0", "IR ID": 0, "Version": 20, "Astar ID": 900, "LBI": 2835, "CMD3": "130b07", "Timestamp": "2025-05-16 12:29:57", "EKEY": 0, "LF Flag": 146}
2025-05-16 17:59:59 - Mismatch for 'Tag ID': Expected 17686523, Got 17654859
2025-05-16 17:59:59 - Mismatch for 'Button 3': Expected 1, Got 0
2025-05-16 17:59:59 - Validation failed with mismatches:
2025-05-16 17:59:59 - Key: Tag ID, Expected: 17686523, Actual: 17654859
2025-05-16 17:59:59 - Key: Button 3, Expected: 1, Actual: 0
2025-05-16 17:59:59 - {"Device Type": "Tag", "Tag ID": 17655201, "RSSI": "-78.00 dBm", "Monitor ID": 0, "CMD": 0, "Status Byte": "00000000", "Button 4": "0", "Button 3": "0", "Button 2": "0", "Button 1": "0", "Motion Flag": "0", "Retry Count": 0, "Reserved": "0", "IR ID": 0, "Version": 20, "Astar ID": 900, "LBI": 2828, "CMD3": "0c0b07", "Timestamp": "2025-05-16 12:29:57", "EKEY": 0, "LF Flag": 146}
2025-05-16 17:59:59 - Mismatch for 'Tag ID': Expected 17686523, Got 17655201
2025-05-16 17:59:59 - Mismatch for 'Button 3': Expected 1, Got 0
2025-05-16 17:59:59 - Validation failed with mismatches:
2025-05-16 17:59:59 - Key: Tag ID, Expected: 17686523, Actual: 17655201
2025-05-16 17:59:59 - Key: Button 3, Expected: 1, Actual: 0
2025-05-16 17:59:59 - {"Device Type": "Tag", "Tag ID": 4209052, "RSSI": "-76.00 dBm", "Monitor ID": 0, "CMD": 0, "Status Byte": "00000000", "Button 4": "0", "Button 3": "0", "Button 2": "0", "Button 1": "0", "Motion Flag": "0", "Retry Count": 0, "Reserved": "0", "IR ID": 0, "Version": 28, "Astar ID": 900, "LBI": 2925, "CMD3": "6d0b07", "Timestamp": "2025-05-16 12:29:57", "EKEY": 0, "LF Flag": 146}
2025-05-16 17:59:59 - Mismatch for 'Tag ID': Expected 17686523, Got 4209052
2025-05-16 17:59:59 - Mismatch for 'Button 3': Expected 1, Got 0
2025-05-16 17:59:59 - Validation failed with mismatches:
2025-05-16 17:59:59 - Key: Tag ID, Expected: 17686523, Actual: 4209052
2025-05-16 17:59:59 - Key: Button 3, Expected: 1, Actual: 0
2025-05-16 17:59:59 - {"Device Type": "Tag", "Tag ID": 17658688, "RSSI": "-78.00 dBm", "Monitor ID": 0, "CMD": 0, "Status Byte": "00000000", "Button 4": "0", "Button 3": "0", "Button 2": "0", "Button 1": "0", "Motion Flag": "0", "Retry Count": 0, "Reserved": "0", "IR ID": 0, "Version": 28, "Astar ID": 900, "LBI": 2543, "CMD3": "ef0907", "Timestamp": "2025-05-16 12:29:57", "EKEY": 0, "LF Flag": 146}
2025-05-16 17:59:59 - Mismatch for 'Tag ID': Expected 17686523, Got 17658688
2025-05-16 17:59:59 - Mismatch for 'Button 3': Expected 1, Got 0
2025-05-16 17:59:59 - Validation failed with mismatches:
2025-05-16 17:59:59 - Key: Tag ID, Expected: 17686523, Actual: 17658688
2025-05-16 17:59:59 - Key: Button 3, Expected: 1, Actual: 0
2025-05-16 17:59:59 - {"Device Type": "Tag", "Tag ID": 4213787, "RSSI": "-95.00 dBm", "Monitor ID": 0, "CMD": 0, "Status Byte": "00000000", "Button 4": "0", "Button 3": "0", "Button 2": "0", "Button 1": "0", "Motion Flag": "0", "Retry Count": 0, "Reserved": "0", "IR ID": 0, "Version": 28, "Astar ID": 900, "LBI": 2932, "CMD3": "740b07", "Timestamp": "2025-05-16 12:29:57", "EKEY": 0, "LF Flag": 146}
2025-05-16 17:59:59 - Mismatch for 'Tag ID': Expected 17686523, Got 4213787
2025-05-16 17:59:59 - Mismatch for 'Button 3': Expected 1, Got 0
2025-05-16 17:59:59 - Validation failed with mismatches:
2025-05-16 17:59:59 - Key: Tag ID, Expected: 17686523, Actual: 4213787
2025-05-16 17:59:59 - Key: Button 3, Expected: 1, Actual: 0
2025-05-16 17:59:59 - {"Device Type": "Tag", "Tag ID": 4202466, "RSSI": "-70.00 dBm", "Monitor ID": 0, "CMD": 0, "Status Byte": "00001000", "Button 4": "0", "Button 3": "0", "Button 2": "0", "Button 1": "0", "Motion Flag": "1", "Retry Count": 0, "Reserved": "0", "IR ID": 0, "Version": 28, "Astar ID": 900, "LBI": 2834, "CMD3": "120b07", "Timestamp": "2025-05-16 12:29:57", "EKEY": 0, "LF Flag": 146}
2025-05-16 17:59:59 - Mismatch for 'Tag ID': Expected 17686523, Got 4202466
2025-05-16 17:59:59 - Mismatch for 'Button 3': Expected 1, Got 0
2025-05-16 17:59:59 - Validation failed with mismatches:
2025-05-16 17:59:59 - Key: Tag ID, Expected: 17686523, Actual: 4202466
2025-05-16 17:59:59 - Key: Button 3, Expected: 1, Actual: 0
2025-05-16 17:59:59 - {"Device Type": "Tag", "Tag ID": 17656419, "RSSI": "-73.00 dBm", "Monitor ID": 0, "CMD": 0, "Status Byte": "00000000", "Button 4": "0", "Button 3": "0", "Button 2": "0", "Button 1": "0", "Motion Flag": "0", "Retry Count": 0, "Reserved": "0", "IR ID": 0, "Version": 26, "Astar ID": 900, "LBI": 2817, "CMD3": "010b07", "Timestamp": "2025-05-16 12:29:57", "EKEY": 0, "LF Flag": 146}
2025-05-16 17:59:59 - Mismatch for 'Tag ID': Expected 17686523, Got 17656419
2025-05-16 17:59:59 - Mismatch for 'Button 3': Expected 1, Got 0
2025-05-16 17:59:59 - Validation failed with mismatches:
2025-05-16 17:59:59 - Key: Tag ID, Expected: 17686523, Actual: 17656419
2025-05-16 17:59:59 - Key: Button 3, Expected: 1, Actual: 0
2025-05-16 17:59:59 - {"Device Type": "Tag", "Tag ID": 17654986, "RSSI": "-83.00 dBm", "Monitor ID": 0, "CMD": 0, "Status Byte": "00000000", "Button 4": "0", "Button 3": "0", "Button 2": "0", "Button 1": "0", "Motion Flag": "0", "Retry Count": 0, "Reserved": "0", "IR ID": 0, "Version": 20, "Astar ID": 900, "LBI": 2871, "CMD3": "370b07", "Timestamp": "2025-05-16 12:29:57", "EKEY": 0, "LF Flag": 146}
2025-05-16 17:59:59 - Mismatch for 'Tag ID': Expected 17686523, Got 17654986
2025-05-16 17:59:59 - Mismatch for 'Button 3': Expected 1, Got 0
2025-05-16 17:59:59 - Validation failed with mismatches:
2025-05-16 17:59:59 - Key: Tag ID, Expected: 17686523, Actual: 17654986
2025-05-16 17:59:59 - Key: Button 3, Expected: 1, Actual: 0
2025-05-16 17:59:59 - {"Device Type": "Tag", "Tag ID": 4211409, "RSSI": "-87.00 dBm", "Monitor ID": 0, "CMD": 0, "Status Byte": "00000000", "Button 4": "0", "Button 3": "0", "Button 2": "0", "Button 1": "0", "Motion Flag": "0", "Retry Count": 0, "Reserved": "0", "IR ID": 0, "Version": 28, "Astar ID": 900, "LBI": 2934, "CMD3": "760b07", "Timestamp": "2025-05-16 12:29:57", "EKEY": 0, "LF Flag": 146}
2025-05-16 17:59:59 - Mismatch for 'Tag ID': Expected 17686523, Got 4211409
2025-05-16 17:59:59 - Mismatch for 'Button 3': Expected 1, Got 0
2025-05-16 17:59:59 - Validation failed with mismatches:
2025-05-16 17:59:59 - Key: Tag ID, Expected: 17686523, Actual: 4211409
2025-05-16 17:59:59 - Key: Button 3, Expected: 1, Actual: 0
2025-05-16 17:59:59 - {"Device Type": "Tag", "Tag ID": 4212309, "RSSI": "-93.00 dBm", "Monitor ID": 0, "CMD": 0, "Status Byte": "00000000", "Button 4": "0", "Button 3": "0", "Button 2": "0", "Button 1": "0", "Motion Flag": "0", "Retry Count": 0, "Reserved": "0", "IR ID": 0, "Version": 28, "Astar ID": 900, "LBI": 2941, "CMD3": "7d0b07", "Timestamp": "2025-05-16 12:29:57", "EKEY": 0, "LF Flag": 146}
2025-05-16 17:59:59 - Mismatch for 'Tag ID': Expected 17686523, Got 4212309
2025-05-16 17:59:59 - Mismatch for 'Button 3': Expected 1, Got 0
2025-05-16 17:59:59 - Validation failed with mismatches:
2025-05-16 17:59:59 - Key: Tag ID, Expected: 17686523, Actual: 4212309
2025-05-16 17:59:59 - Key: Button 3, Expected: 1, Actual: 0
2025-05-16 17:59:59 - {"Device Type": "Tag", "Tag ID": 17656819, "RSSI": "-75.00 dBm", "Monitor ID": 0, "CMD": 0, "Status Byte": "00000000", "Button 4": "0", "Button 3": "0", "Button 2": "0", "Button 1": "0", "Motion Flag": "0", "Retry Count": 0, "Reserved": "0", "IR ID": 0, "Version": 28, "Astar ID": 900, "LBI": 2693, "CMD3": "850a07", "Timestamp": "2025-05-16 12:29:57", "EKEY": 0, "LF Flag": 146}
2025-05-16 17:59:59 - Mismatch for 'Tag ID': Expected 17686523, Got 17656819
2025-05-16 17:59:59 - Mismatch for 'Button 3': Expected 1, Got 0
2025-05-16 17:59:59 - Validation failed with mismatches:
2025-05-16 17:59:59 - Key: Tag ID, Expected: 17686523, Actual: 17656819
2025-05-16 17:59:59 - Key: Button 3, Expected: 1, Actual: 0
2025-05-16 17:59:59 - {"Device Type": "Tag", "Tag ID": 4212546, "RSSI": "-92.00 dBm", "Monitor ID": 0, "CMD": 0, "Status Byte": "00000000", "Button 4": "0", "Button 3": "0", "Button 2": "0", "Button 1": "0", "Motion Flag": "0", "Retry Count": 0, "Reserved": "0", "IR ID": 0, "Version": 28, "Astar ID": 900, "LBI": 2932, "CMD3": "740b07", "Timestamp": "2025-05-16 12:29:57", "EKEY": 0, "LF Flag": 146}
2025-05-16 17:59:59 - Mismatch for 'Tag ID': Expected 17686523, Got 4212546
2025-05-16 17:59:59 - Mismatch for 'Button 3': Expected 1, Got 0
2025-05-16 17:59:59 - Validation failed with mismatches:
2025-05-16 17:59:59 - Key: Tag ID, Expected: 17686523, Actual: 4212546
2025-05-16 17:59:59 - Key: Button 3, Expected: 1, Actual: 0
2025-05-16 17:59:59 - {"Device Type": "Tag", "Tag ID": 17656157, "RSSI": "-81.00 dBm", "Monitor ID": 0, "CMD": 0, "Status Byte": "00000000", "Button 4": "0", "Button 3": "0", "Button 2": "0", "Button 1": "0", "Motion Flag": "0", "Retry Count": 0, "Reserved": "0", "IR ID": 0, "Version": 20, "Astar ID": 900, "LBI": 2828, "CMD3": "0c0b07", "Timestamp": "2025-05-16 12:29:57", "EKEY": 0, "LF Flag": 146}
2025-05-16 17:59:59 - Mismatch for 'Tag ID': Expected 17686523, Got 17656157
2025-05-16 17:59:59 - Mismatch for 'Button 3': Expected 1, Got 0
2025-05-16 17:59:59 - Validation failed with mismatches:
2025-05-16 17:59:59 - Key: Tag ID, Expected: 17686523, Actual: 17656157
2025-05-16 17:59:59 - Key: Button 3, Expected: 1, Actual: 0
2025-05-16 17:59:59 - {"Device Type": "Tag", "Tag ID": 17655831, "RSSI": "-75.00 dBm", "Monitor ID": 0, "CMD": 0, "Status Byte": "00000000", "Button 4": "0", "Button 3": "0", "Button 2": "0", "Button 1": "0", "Motion Flag": "0", "Retry Count": 0, "Reserved": "0", "IR ID": 0, "Version": 25, "Astar ID": 900, "LBI": 2945, "CMD3": "810b07", "Timestamp": "2025-05-16 12:29:57", "EKEY": 0, "LF Flag": 146}
2025-05-16 17:59:59 - Mismatch for 'Tag ID': Expected 17686523, Got 17655831
2025-05-16 17:59:59 - Mismatch for 'Button 3': Expected 1, Got 0
2025-05-16 17:59:59 - Validation failed with mismatches:
2025-05-16 17:59:59 - Key: Tag ID, Expected: 17686523, Actual: 17655831
2025-05-16 17:59:59 - Key: Button 3, Expected: 1, Actual: 0
2025-05-16 17:59:59 - {"Device Type": "Tag", "Tag ID": 17656157, "RSSI": "-81.00 dBm", "Monitor ID": 0, "CMD": 0, "Status Byte": "00000000", "Button 4": "0", "Button 3": "0", "Button 2": "0", "Button 1": "0", "Motion Flag": "0", "Retry Count": 0, "Reserved": "0", "IR ID": 0, "Version": 20, "Astar ID": 900, "LBI": 2828, "CMD3": "0c0b07", "Timestamp": "2025-05-16 12:29:57", "EKEY": 0, "LF Flag": 146}
2025-05-16 17:59:59 - Mismatch for 'Tag ID': Expected 17686523, Got 17656157
2025-05-16 17:59:59 - Mismatch for 'Button 3': Expected 1, Got 0
2025-05-16 17:59:59 - Validation failed with mismatches:
2025-05-16 17:59:59 - Key: Tag ID, Expected: 17686523, Actual: 17656157
2025-05-16 17:59:59 - Key: Button 3, Expected: 1, Actual: 0
2025-05-16 17:59:59 - {"Device Type": "Tag", "Tag ID": 17659823, "RSSI": "-84.00 dBm", "Monitor ID": 0, "CMD": 0, "Status Byte": "00000000", "Button 4": "0", "Button 3": "0", "Button 2": "0", "Button 1": "0", "Motion Flag": "0", "Retry Count": 0, "Reserved": "0", "IR ID": 0, "Version": 23, "Astar ID": 900, "LBI": 2828, "CMD3": "0c0b07", "Timestamp": "2025-05-16 12:29:57", "EKEY": 0, "LF Flag": 146}
2025-05-16 17:59:59 - Mismatch for 'Tag ID': Expected 17686523, Got 17659823
2025-05-16 17:59:59 - Mismatch for 'Button 3': Expected 1, Got 0
2025-05-16 17:59:59 - Validation failed with mismatches:
2025-05-16 17:59:59 - Key: Tag ID, Expected: 17686523, Actual: 17659823
2025-05-16 17:59:59 - Key: Button 3, Expected: 1, Actual: 0
2025-05-16 17:59:59 - {"Device Type": "Tag", "Tag ID": 17656157, "RSSI": "-81.00 dBm", "Monitor ID": 0, "CMD": 0, "Status Byte": "00000000", "Button 4": "0", "Button 3": "0", "Button 2": "0", "Button 1": "0", "Motion Flag": "0", "Retry Count": 0, "Reserved": "0", "IR ID": 0, "Version": 20, "Astar ID": 900, "LBI": 2828, "CMD3": "0c0b07", "Timestamp": "2025-05-16 12:29:57", "EKEY": 0, "LF Flag": 146}
2025-05-16 17:59:59 - Mismatch for 'Tag ID': Expected 17686523, Got 17656157
2025-05-16 17:59:59 - Mismatch for 'Button 3': Expected 1, Got 0
2025-05-16 17:59:59 - Validation failed with mismatches:
2025-05-16 17:59:59 - Key: Tag ID, Expected: 17686523, Actual: 17656157
2025-05-16 17:59:59 - Key: Button 3, Expected: 1, Actual: 0
2025-05-16 17:59:59 - {"Device Type": "Tag", "Tag ID": 4209230, "RSSI": "-93.00 dBm", "Monitor ID": 0, "CMD": 0, "Status Byte": "00000000", "Button 4": "0", "Button 3": "0", "Button 2": "0", "Button 1": "0", "Motion Flag": "0", "Retry Count": 0, "Reserved": "0", "IR ID": 0, "Version": 28, "Astar ID": 900, "LBI": 2934, "CMD3": "760b07", "Timestamp": "2025-05-16 12:29:57", "EKEY": 0, "LF Flag": 146}
2025-05-16 17:59:59 - Mismatch for 'Tag ID': Expected 17686523, Got 4209230
2025-05-16 17:59:59 - Mismatch for 'Button 3': Expected 1, Got 0
2025-05-16 17:59:59 - Validation failed with mismatches:
2025-05-16 17:59:59 - Key: Tag ID, Expected: 17686523, Actual: 4209230
2025-05-16 17:59:59 - Key: Button 3, Expected: 1, Actual: 0
2025-05-16 17:59:59 - {"Device Type": "Tag", "Tag ID": 17655831, "RSSI": "-75.00 dBm", "Monitor ID": 0, "CMD": 0, "Status Byte": "00000000", "Button 4": "0", "Button 3": "0", "Button 2": "0", "Button 1": "0", "Motion Flag": "0", "Retry Count": 0, "Reserved": "0", "IR ID": 0, "Version": 25, "Astar ID": 900, "LBI": 2945, "CMD3": "810b07", "Timestamp": "2025-05-16 12:29:57", "EKEY": 0, "LF Flag": 146}
2025-05-16 17:59:59 - Mismatch for 'Tag ID': Expected 17686523, Got 17655831
2025-05-16 17:59:59 - Mismatch for 'Button 3': Expected 1, Got 0
2025-05-16 17:59:59 - Validation failed with mismatches:
2025-05-16 17:59:59 - Key: Tag ID, Expected: 17686523, Actual: 17655831
2025-05-16 17:59:59 - Key: Button 3, Expected: 1, Actual: 0
2025-05-16 17:59:59 - {"Device Type": "Tag", "Tag ID": 9746507, "RSSI": "-78.00 dBm", "Monitor ID": 0, "CMD": 87, "Status Byte": "10000010", "Button 4": "1", "Button 3": "0", "Button 2": "0", "Button 1": "0", "Motion Flag": "0", "Retry Count": 1, "Reserved": "0", "IR ID": 0, "Version": 215, "Astar ID": 100, "LBI": 3778, "CMD3": "275100", "Timestamp": "2025-05-16 12:29:57", "EKEY": 0, "LF Flag": 138}
2025-05-16 17:59:59 - Mismatch for 'Tag ID': Expected 17686523, Got 9746507
2025-05-16 17:59:59 - Mismatch for 'Button 4': Expected 0, Got 1
2025-05-16 17:59:59 - Mismatch for 'Button 3': Expected 1, Got 0
2025-05-16 17:59:59 - Validation failed with mismatches:
2025-05-16 17:59:59 - Key: Tag ID, Expected: 17686523, Actual: 9746507
2025-05-16 17:59:59 - Key: Button 4, Expected: 0, Actual: 1
2025-05-16 17:59:59 - Key: Button 3, Expected: 1, Actual: 0
2025-05-16 17:59:59 - {"Device Type": "Tag", "Tag ID": 4212872, "RSSI": "-93.00 dBm", "Monitor ID": 0, "CMD": 0, "Status Byte": "00000000", "Button 4": "0", "Button 3": "0", "Button 2": "0", "Button 1": "0", "Motion Flag": "0", "Retry Count": 0, "Reserved": "0", "IR ID": 0, "Version": 28, "Astar ID": 900, "LBI": 2919, "CMD3": "670b07", "Timestamp": "2025-05-16 12:29:57", "EKEY": 0, "LF Flag": 146}
2025-05-16 17:59:59 - Mismatch for 'Tag ID': Expected 17686523, Got 4212872
2025-05-16 17:59:59 - Mismatch for 'Button 3': Expected 1, Got 0
2025-05-16 17:59:59 - Validation failed with mismatches:
2025-05-16 17:59:59 - Key: Tag ID, Expected: 17686523, Actual: 4212872
2025-05-16 17:59:59 - Key: Button 3, Expected: 1, Actual: 0
2025-05-16 17:59:59 - {"Device Type": "Tag", "Tag ID": 17655985, "RSSI": "-77.00 dBm", "Monitor ID": 0, "CMD": 0, "Status Byte": "00000000", "Button 4": "0", "Button 3": "0", "Button 2": "0", "Button 1": "0", "Motion Flag": "0", "Retry Count": 0, "Reserved": "0", "IR ID": 0, "Version": 20, "Astar ID": 900, "LBI": 2828, "CMD3": "0c0b07", "Timestamp": "2025-05-16 12:29:57", "EKEY": 0, "LF Flag": 146}
2025-05-16 17:59:59 - Mismatch for 'Tag ID': Expected 17686523, Got 17655985
2025-05-16 17:59:59 - Mismatch for 'Button 3': Expected 1, Got 0
2025-05-16 17:59:59 - Validation failed with mismatches:
2025-05-16 17:59:59 - Key: Tag ID, Expected: 17686523, Actual: 17655985
2025-05-16 17:59:59 - Key: Button 3, Expected: 1, Actual: 0
2025-05-16 17:59:59 - {"Device Type": "Tag", "Tag ID": 4202390, "RSSI": "-75.00 dBm", "Monitor ID": 0, "CMD": 0, "Status Byte": "00000000", "Button 4": "0", "Button 3": "0", "Button 2": "0", "Button 1": "0", "Motion Flag": "0", "Retry Count": 0, "Reserved": "0", "IR ID": 0, "Version": 28, "Astar ID": 900, "LBI": 2745, "CMD3": "b90a07", "Timestamp": "2025-05-16 12:29:57", "EKEY": 0, "LF Flag": 146}
2025-05-16 17:59:59 - Mismatch for 'Tag ID': Expected 17686523, Got 4202390
2025-05-16 17:59:59 - Mismatch for 'Button 3': Expected 1, Got 0
2025-05-16 17:59:59 - Validation failed with mismatches:
2025-05-16 17:59:59 - Key: Tag ID, Expected: 17686523, Actual: 4202390
2025-05-16 17:59:59 - Key: Button 3, Expected: 1, Actual: 0
2025-05-16 17:59:59 - {"Device Type": "Tag", "Tag ID": 17655867, "RSSI": "-86.00 dBm", "Monitor ID": 0, "CMD": 0, "Status Byte": "00000000", "Button 4": "0", "Button 3": "0", "Button 2": "0", "Button 1": "0", "Motion Flag": "0", "Retry Count": 0, "Reserved": "0", "IR ID": 0, "Version": 20, "Astar ID": 900, "LBI": 2738, "CMD3": "b20a07", "Timestamp": "2025-05-16 12:29:57", "EKEY": 0, "LF Flag": 146}
2025-05-16 17:59:59 - Mismatch for 'Tag ID': Expected 17686523, Got 17655867
2025-05-16 17:59:59 - Mismatch for 'Button 3': Expected 1, Got 0
2025-05-16 17:59:59 - Validation failed with mismatches:
2025-05-16 17:59:59 - Key: Tag ID, Expected: 17686523, Actual: 17655867
2025-05-16 17:59:59 - Key: Button 3, Expected: 1, Actual: 0
2025-05-16 17:59:59 - {"Device Type": "Tag", "Tag ID": 11018244, "RSSI": "-78.00 dBm", "Monitor ID": 0, "CMD": 85, "Status Byte": "10000110", "Button 4": "1", "Button 3": "0", "Button 2": "0", "Button 1": "0", "Motion Flag": "0", "Retry Count": 3, "Reserved": "0", "IR ID": 0, "Version": 42, "Astar ID": 100, "LBI": 3786, "CMD3": "255100", "Timestamp": "2025-05-16 12:29:57", "EKEY": 0, "LF Flag": 138}
2025-05-16 17:59:59 - Mismatch for 'Tag ID': Expected 17686523, Got 11018244
2025-05-16 17:59:59 - Mismatch for 'Button 4': Expected 0, Got 1
2025-05-16 17:59:59 - Mismatch for 'Button 3': Expected 1, Got 0
2025-05-16 17:59:59 - Validation failed with mismatches:
2025-05-16 17:59:59 - Key: Tag ID, Expected: 17686523, Actual: 11018244
2025-05-16 17:59:59 - Key: Button 4, Expected: 0, Actual: 1
2025-05-16 17:59:59 - Key: Button 3, Expected: 1, Actual: 0
2025-05-16 17:59:59 - {"Device Type": "Tag", "Tag ID": 4213767, "RSSI": "-97.00 dBm", "Monitor ID": 0, "CMD": 0, "Status Byte": "00000000", "Button 4": "0", "Button 3": "0", "Button 2": "0", "Button 1": "0", "Motion Flag": "0", "Retry Count": 0, "Reserved": "0", "IR ID": 0, "Version": 28, "Astar ID": 900, "LBI": 2935, "CMD3": "770b07", "Timestamp": "2025-05-16 12:29:57", "EKEY": 0, "LF Flag": 146}
2025-05-16 17:59:59 - Mismatch for 'Tag ID': Expected 17686523, Got 4213767
2025-05-16 17:59:59 - Mismatch for 'Button 3': Expected 1, Got 0
2025-05-16 17:59:59 - Validation failed with mismatches:
2025-05-16 17:59:59 - Key: Tag ID, Expected: 17686523, Actual: 4213767
2025-05-16 17:59:59 - Key: Button 3, Expected: 1, Actual: 0
2025-05-16 17:59:59 - {"Device Type": "Tag", "Tag ID": 17655867, "RSSI": "-82.00 dBm", "Monitor ID": 0, "CMD": 0, "Status Byte": "00000000", "Button 4": "0", "Button 3": "0", "Button 2": "0", "Button 1": "0", "Motion Flag": "0", "Retry Count": 0, "Reserved": "0", "IR ID": 0, "Version": 20, "Astar ID": 900, "LBI": 2738, "CMD3": "b20a07", "Timestamp": "2025-05-16 12:29:57", "EKEY": 0, "LF Flag": 146}
2025-05-16 17:59:59 - Mismatch for 'Tag ID': Expected 17686523, Got 17655867
2025-05-16 17:59:59 - Mismatch for 'Button 3': Expected 1, Got 0
2025-05-16 17:59:59 - Validation failed with mismatches:
2025-05-16 17:59:59 - Key: Tag ID, Expected: 17686523, Actual: 17655867
2025-05-16 17:59:59 - Key: Button 3, Expected: 1, Actual: 0
2025-05-16 17:59:59 - {"Device Type": "Tag", "Tag ID": 17655867, "RSSI": "-82.00 dBm", "Monitor ID": 0, "CMD": 0, "Status Byte": "00000000", "Button 4": "0", "Button 3": "0", "Button 2": "0", "Button 1": "0", "Motion Flag": "0", "Retry Count": 0, "Reserved": "0", "IR ID": 0, "Version": 20, "Astar ID": 900, "LBI": 2738, "CMD3": "b20a07", "Timestamp": "2025-05-16 12:29:57", "EKEY": 0, "LF Flag": 146}
2025-05-16 17:59:59 - Mismatch for 'Tag ID': Expected 17686523, Got 17655867
2025-05-16 17:59:59 - Mismatch for 'Button 3': Expected 1, Got 0
2025-05-16 17:59:59 - Validation failed with mismatches:
2025-05-16 17:59:59 - Key: Tag ID, Expected: 17686523, Actual: 17655867
2025-05-16 17:59:59 - Key: Button 3, Expected: 1, Actual: 0
2025-05-16 17:59:59 - {"Device Type": "Tag", "Tag ID": 4209449, "RSSI": "-89.00 dBm", "Monitor ID": 0, "CMD": 0, "Status Byte": "00000000", "Button 4": "0", "Button 3": "0", "Button 2": "0", "Button 1": "0", "Motion Flag": "0", "Retry Count": 0, "Reserved": "0", "IR ID": 0, "Version": 28, "Astar ID": 900, "LBI": 2869, "CMD3": "350b07", "Timestamp": "2025-05-16 12:29:58", "EKEY": 0, "LF Flag": 146}
2025-05-16 17:59:59 - Mismatch for 'Tag ID': Expected 17686523, Got 4209449
2025-05-16 17:59:59 - Mismatch for 'Button 3': Expected 1, Got 0
2025-05-16 17:59:59 - Validation failed with mismatches:
2025-05-16 17:59:59 - Key: Tag ID, Expected: 17686523, Actual: 4209449
2025-05-16 17:59:59 - Key: Button 3, Expected: 1, Actual: 0
2025-05-16 17:59:59 - {"Device Type": "Tag", "Tag ID": 4209449, "RSSI": "-89.00 dBm", "Monitor ID": 0, "CMD": 0, "Status Byte": "00000000", "Button 4": "0", "Button 3": "0", "Button 2": "0", "Button 1": "0", "Motion Flag": "0", "Retry Count": 0, "Reserved": "0", "IR ID": 0, "Version": 28, "Astar ID": 900, "LBI": 2869, "CMD3": "350b07", "Timestamp": "2025-05-16 12:29:58", "EKEY": 0, "LF Flag": 146}
2025-05-16 17:59:59 - Mismatch for 'Tag ID': Expected 17686523, Got 4209449
2025-05-16 17:59:59 - Mismatch for 'Button 3': Expected 1, Got 0
2025-05-16 17:59:59 - Validation failed with mismatches:
2025-05-16 17:59:59 - Key: Tag ID, Expected: 17686523, Actual: 4209449
2025-05-16 17:59:59 - Key: Button 3, Expected: 1, Actual: 0
2025-05-16 17:59:59 - {"Device Type": "Tag", "Tag ID": 17657979, "RSSI": "-88.00 dBm", "Monitor ID": 0, "CMD": 0, "Status Byte": "00000000", "Button 4": "0", "Button 3": "0", "Button 2": "0", "Button 1": "0", "Motion Flag": "0", "Retry Count": 0, "Reserved": "0", "IR ID": 0, "Version": 23, "Astar ID": 900, "LBI": 2832, "CMD3": "100b07", "Timestamp": "2025-05-16 12:29:58", "EKEY": 0, "LF Flag": 146}
2025-05-16 17:59:59 - Mismatch for 'Tag ID': Expected 17686523, Got 17657979
2025-05-16 17:59:59 - Mismatch for 'Button 3': Expected 1, Got 0
2025-05-16 17:59:59 - Validation failed with mismatches:
2025-05-16 17:59:59 - Key: Tag ID, Expected: 17686523, Actual: 17657979
2025-05-16 17:59:59 - Key: Button 3, Expected: 1, Actual: 0
2025-05-16 17:59:59 - {"Device Type": "Tag", "Tag ID": 17655201, "RSSI": "-78.00 dBm", "Monitor ID": 0, "CMD": 0, "Status Byte": "00000000", "Button 4": "0", "Button 3": "0", "Button 2": "0", "Button 1": "0", "Motion Flag": "0", "Retry Count": 0, "Reserved": "0", "IR ID": 0, "Version": 20, "Astar ID": 900, "LBI": 2828, "CMD3": "0c0b07", "Timestamp": "2025-05-16 12:29:58", "EKEY": 0, "LF Flag": 146}
2025-05-16 17:59:59 - Mismatch for 'Tag ID': Expected 17686523, Got 17655201
2025-05-16 17:59:59 - Mismatch for 'Button 3': Expected 1, Got 0
2025-05-16 17:59:59 - Validation failed with mismatches:
2025-05-16 17:59:59 - Key: Tag ID, Expected: 17686523, Actual: 17655201
2025-05-16 17:59:59 - Key: Button 3, Expected: 1, Actual: 0
2025-05-16 17:59:59 - {"Device Type": "Tag", "Tag ID": 4209052, "RSSI": "-76.00 dBm", "Monitor ID": 0, "CMD": 0, "Status Byte": "00000000", "Button 4": "0", "Button 3": "0", "Button 2": "0", "Button 1": "0", "Motion Flag": "0", "Retry Count": 0, "Reserved": "0", "IR ID": 0, "Version": 28, "Astar ID": 900, "LBI": 2925, "CMD3": "6d0b07", "Timestamp": "2025-05-16 12:29:58", "EKEY": 0, "LF Flag": 146}
2025-05-16 17:59:59 - Mismatch for 'Tag ID': Expected 17686523, Got 4209052
2025-05-16 17:59:59 - Mismatch for 'Button 3': Expected 1, Got 0
2025-05-16 17:59:59 - Validation failed with mismatches:
2025-05-16 17:59:59 - Key: Tag ID, Expected: 17686523, Actual: 4209052
2025-05-16 17:59:59 - Key: Button 3, Expected: 1, Actual: 0
2025-05-16 17:59:59 - {"Device Type": "Tag", "Tag ID": 4205515, "RSSI": "-58.00 dBm", "Monitor ID": 0, "CMD": 0, "Status Byte": "00000000", "Button 4": "0", "Button 3": "0", "Button 2": "0", "Button 1": "0", "Motion Flag": "0", "Retry Count": 0, "Reserved": "0", "IR ID": 0, "Version": 28, "Astar ID": 900, "LBI": 2858, "CMD3": "2a0b07", "Timestamp": "2025-05-16 12:29:58", "EKEY": 0, "LF Flag": 146}
2025-05-16 17:59:59 - Mismatch for 'Tag ID': Expected 17686523, Got 4205515
2025-05-16 17:59:59 - Mismatch for 'Button 3': Expected 1, Got 0
2025-05-16 17:59:59 - Validation failed with mismatches:
2025-05-16 17:59:59 - Key: Tag ID, Expected: 17686523, Actual: 4205515
2025-05-16 17:59:59 - Key: Button 3, Expected: 1, Actual: 0
2025-05-16 17:59:59 - {"Device Type": "Tag", "Tag ID": 17656313, "RSSI": "-86.00 dBm", "Monitor ID": 0, "CMD": 0, "Status Byte": "00000000", "Button 4": "0", "Button 3": "0", "Button 2": "0", "Button 1": "0", "Motion Flag": "0", "Retry Count": 0, "Reserved": "0", "IR ID": 0, "Version": 20, "Astar ID": 900, "LBI": 2804, "CMD3": "f40a07", "Timestamp": "2025-05-16 12:29:58", "EKEY": 0, "LF Flag": 146}
2025-05-16 17:59:59 - Mismatch for 'Tag ID': Expected 17686523, Got 17656313
2025-05-16 17:59:59 - Mismatch for 'Button 3': Expected 1, Got 0
2025-05-16 17:59:59 - Validation failed with mismatches:
2025-05-16 17:59:59 - Key: Tag ID, Expected: 17686523, Actual: 17656313
2025-05-16 17:59:59 - Key: Button 3, Expected: 1, Actual: 0
2025-05-16 17:59:59 - {"Device Type": "Tag", "Tag ID": 17655800, "RSSI": "-81.00 dBm", "Monitor ID": 0, "CMD": 0, "Status Byte": "00000000", "Button 4": "0", "Button 3": "0", "Button 2": "0", "Button 1": "0", "Motion Flag": "0", "Retry Count": 0, "Reserved": "0", "IR ID": 0, "Version": 20, "Astar ID": 900, "LBI": 2847, "CMD3": "1f0b07", "Timestamp": "2025-05-16 12:29:58", "EKEY": 0, "LF Flag": 146}
2025-05-16 17:59:59 - Mismatch for 'Tag ID': Expected 17686523, Got 17655800
2025-05-16 17:59:59 - Mismatch for 'Button 3': Expected 1, Got 0
2025-05-16 17:59:59 - Validation failed with mismatches:
2025-05-16 17:59:59 - Key: Tag ID, Expected: 17686523, Actual: 17655800
2025-05-16 17:59:59 - Key: Button 3, Expected: 1, Actual: 0
2025-05-16 17:59:59 - {"Device Type": "Tag", "Tag ID": 4212715, "RSSI": "-91.00 dBm", "Monitor ID": 0, "CMD": 0, "Status Byte": "00000000", "Button 4": "0", "Button 3": "0", "Button 2": "0", "Button 1": "0", "Motion Flag": "0", "Retry Count": 0, "Reserved": "0", "IR ID": 0, "Version": 28, "Astar ID": 900, "LBI": 2924, "CMD3": "6c0b07", "Timestamp": "2025-05-16 12:29:58", "EKEY": 0, "LF Flag": 146}
2025-05-16 17:59:59 - Mismatch for 'Tag ID': Expected 17686523, Got 4212715
2025-05-16 17:59:59 - Mismatch for 'Button 3': Expected 1, Got 0
2025-05-16 17:59:59 - Validation failed with mismatches:
2025-05-16 17:59:59 - Key: Tag ID, Expected: 17686523, Actual: 4212715
2025-05-16 17:59:59 - Key: Button 3, Expected: 1, Actual: 0
2025-05-16 17:59:59 - {"Device Type": "Tag", "Tag ID": 17656013, "RSSI": "-72.00 dBm", "Monitor ID": 0, "CMD": 0, "Status Byte": "00000000", "Button 4": "0", "Button 3": "0", "Button 2": "0", "Button 1": "0", "Motion Flag": "0", "Retry Count": 0, "Reserved": "0", "IR ID": 0, "Version": 20, "Astar ID": 900, "LBI": 2859, "CMD3": "2b0b07", "Timestamp": "2025-05-16 12:29:58", "EKEY": 0, "LF Flag": 146}
2025-05-16 17:59:59 - Mismatch for 'Tag ID': Expected 17686523, Got 17656013
2025-05-16 17:59:59 - Mismatch for 'Button 3': Expected 1, Got 0
2025-05-16 17:59:59 - Validation failed with mismatches:
2025-05-16 17:59:59 - Key: Tag ID, Expected: 17686523, Actual: 17656013
2025-05-16 17:59:59 - Key: Button 3, Expected: 1, Actual: 0
2025-05-16 17:59:59 - {"Device Type": "Tag", "Tag ID": 17654341, "RSSI": "-70.00 dBm", "Monitor ID": 0, "CMD": 0, "Status Byte": "00000000", "Button 4": "0", "Button 3": "0", "Button 2": "0", "Button 1": "0", "Motion Flag": "0", "Retry Count": 0, "Reserved": "0", "IR ID": 0, "Version": 27, "Astar ID": 900, "LBI": 2232, "CMD3": "b80807", "Timestamp": "2025-05-16 12:29:58", "EKEY": 0, "LF Flag": 146}
2025-05-16 17:59:59 - Mismatch for 'Tag ID': Expected 17686523, Got 17654341
2025-05-16 17:59:59 - Mismatch for 'Button 3': Expected 1, Got 0
2025-05-16 17:59:59 - Validation failed with mismatches:
2025-05-16 17:59:59 - Key: Tag ID, Expected: 17686523, Actual: 17654341
2025-05-16 17:59:59 - Key: Button 3, Expected: 1, Actual: 0
2025-05-16 17:59:59 - {"Device Type": "Tag", "Tag ID": 4205515, "RSSI": "-58.00 dBm", "Monitor ID": 0, "CMD": 0, "Status Byte": "00000000", "Button 4": "0", "Button 3": "0", "Button 2": "0", "Button 1": "0", "Motion Flag": "0", "Retry Count": 0, "Reserved": "0", "IR ID": 0, "Version": 28, "Astar ID": 900, "LBI": 2858, "CMD3": "2a0b07", "Timestamp": "2025-05-16 12:29:58", "EKEY": 0, "LF Flag": 146}
2025-05-16 17:59:59 - Mismatch for 'Tag ID': Expected 17686523, Got 4205515
2025-05-16 17:59:59 - Mismatch for 'Button 3': Expected 1, Got 0
2025-05-16 17:59:59 - Validation failed with mismatches:
2025-05-16 17:59:59 - Key: Tag ID, Expected: 17686523, Actual: 4205515
2025-05-16 17:59:59 - Key: Button 3, Expected: 1, Actual: 0
2025-05-16 17:59:59 - {"Device Type": "Tag", "Tag ID": 17654859, "RSSI": "-84.00 dBm", "Monitor ID": 0, "CMD": 0, "Status Byte": "00000000", "Button 4": "0", "Button 3": "0", "Button 2": "0", "Button 1": "0", "Motion Flag": "0", "Retry Count": 0, "Reserved": "0", "IR ID": 0, "Version": 20, "Astar ID": 900, "LBI": 2835, "CMD3": "130b07", "Timestamp": "2025-05-16 12:29:58", "EKEY": 0, "LF Flag": 146}
2025-05-16 17:59:59 - Mismatch for 'Tag ID': Expected 17686523, Got 17654859
2025-05-16 17:59:59 - Mismatch for 'Button 3': Expected 1, Got 0
2025-05-16 17:59:59 - Validation failed with mismatches:
2025-05-16 17:59:59 - Key: Tag ID, Expected: 17686523, Actual: 17654859
2025-05-16 17:59:59 - Key: Button 3, Expected: 1, Actual: 0
2025-05-16 17:59:59 - {"Device Type": "Tag", "Tag ID": 17659617, "RSSI": "-84.00 dBm", "Monitor ID": 0, "CMD": 0, "Status Byte": "00000000", "Button 4": "0", "Button 3": "0", "Button 2": "0", "Button 1": "0", "Motion Flag": "0", "Retry Count": 0, "Reserved": "0", "IR ID": 0, "Version": 23, "Astar ID": 900, "LBI": 2847, "CMD3": "1f0b07", "Timestamp": "2025-05-16 12:29:58", "EKEY": 0, "LF Flag": 146}
2025-05-16 17:59:59 - Mismatch for 'Tag ID': Expected 17686523, Got 17659617
2025-05-16 17:59:59 - Mismatch for 'Button 3': Expected 1, Got 0
2025-05-16 17:59:59 - Validation failed with mismatches:
2025-05-16 17:59:59 - Key: Tag ID, Expected: 17686523, Actual: 17659617
2025-05-16 17:59:59 - Key: Button 3, Expected: 1, Actual: 0
2025-05-16 17:59:59 - {"Device Type": "Tag", "Tag ID": 17658513, "RSSI": "-71.00 dBm", "Monitor ID": 0, "CMD": 0, "Status Byte": "00000000", "Button 4": "0", "Button 3": "0", "Button 2": "0", "Button 1": "0", "Motion Flag": "0", "Retry Count": 0, "Reserved": "0", "IR ID": 0, "Version": 26, "Astar ID": 900, "LBI": 2809, "CMD3": "f90a07", "Timestamp": "2025-05-16 12:29:58", "EKEY": 0, "LF Flag": 146}
2025-05-16 17:59:59 - Mismatch for 'Tag ID': Expected 17686523, Got 17658513
2025-05-16 17:59:59 - Mismatch for 'Button 3': Expected 1, Got 0
2025-05-16 17:59:59 - Validation failed with mismatches:
2025-05-16 17:59:59 - Key: Tag ID, Expected: 17686523, Actual: 17658513
2025-05-16 17:59:59 - Key: Button 3, Expected: 1, Actual: 0
2025-05-16 17:59:59 - {"Device Type": "Tag", "Tag ID": 17659134, "RSSI": "-84.00 dBm", "Monitor ID": 0, "CMD": 0, "Status Byte": "00000000", "Button 4": "0", "Button 3": "0", "Button 2": "0", "Button 1": "0", "Motion Flag": "0", "Retry Count": 0, "Reserved": "0", "IR ID": 0, "Version": 23, "Astar ID": 900, "LBI": 2894, "CMD3": "4e0b07", "Timestamp": "2025-05-16 12:29:58", "EKEY": 0, "LF Flag": 146}
2025-05-16 17:59:59 - Mismatch for 'Tag ID': Expected 17686523, Got 17659134
2025-05-16 17:59:59 - Mismatch for 'Button 3': Expected 1, Got 0
2025-05-16 17:59:59 - Validation failed with mismatches:
2025-05-16 17:59:59 - Key: Tag ID, Expected: 17686523, Actual: 17659134
2025-05-16 17:59:59 - Key: Button 3, Expected: 1, Actual: 0
2025-05-16 17:59:59 - {"Device Type": "Tag", "Tag ID": 17656419, "RSSI": "-73.00 dBm", "Monitor ID": 0, "CMD": 0, "Status Byte": "00000000", "Button 4": "0", "Button 3": "0", "Button 2": "0", "Button 1": "0", "Motion Flag": "0", "Retry Count": 0, "Reserved": "0", "IR ID": 0, "Version": 26, "Astar ID": 900, "LBI": 2817, "CMD3": "010b07", "Timestamp": "2025-05-16 12:29:58", "EKEY": 0, "LF Flag": 146}
2025-05-16 17:59:59 - Mismatch for 'Tag ID': Expected 17686523, Got 17656419
2025-05-16 17:59:59 - Mismatch for 'Button 3': Expected 1, Got 0
2025-05-16 17:59:59 - Validation failed with mismatches:
2025-05-16 17:59:59 - Key: Tag ID, Expected: 17686523, Actual: 17656419
2025-05-16 17:59:59 - Key: Button 3, Expected: 1, Actual: 0
2025-05-16 17:59:59 - {"Device Type": "Tag", "Tag ID": 9749664, "RSSI": "-78.00 dBm", "Monitor ID": 0, "CMD": 87, "Status Byte": "00000010", "Button 4": "0", "Button 3": "0", "Button 2": "0", "Button 1": "0", "Motion Flag": "0", "Retry Count": 1, "Reserved": "0", "IR ID": 0, "Version": 19, "Astar ID": 100, "LBI": 2984, "CMD3": "275100", "Timestamp": "2025-05-16 12:29:58", "EKEY": 0, "LF Flag": 138}
2025-05-16 17:59:59 - Mismatch for 'Tag ID': Expected 17686523, Got 9749664
2025-05-16 17:59:59 - Mismatch for 'Button 3': Expected 1, Got 0
2025-05-16 17:59:59 - Validation failed with mismatches:
2025-05-16 17:59:59 - Key: Tag ID, Expected: 17686523, Actual: 9749664
2025-05-16 17:59:59 - Key: Button 3, Expected: 1, Actual: 0
2025-05-16 17:59:59 - {"Device Type": "Tag", "Tag ID": 8457753, "RSSI": "-63.00 dBm", "Monitor ID": 0, "CMD": 0, "Status Byte": "00000010", "Button 4": "0", "Button 3": "0", "Button 2": "0", "Button 1": "0", "Motion Flag": "0", "Retry Count": 1, "Reserved": "0", "IR ID": 79, "Version": 21, "Astar ID": 100, "LBI": 3434, "CMD3": "6a0d07", "Timestamp": "2025-05-16 12:29:58", "EKEY": 0, "LF Flag": 138}
2025-05-16 17:59:59 - Mismatch for 'Tag ID': Expected 17686523, Got 8457753
2025-05-16 17:59:59 - Mismatch for 'Button 3': Expected 1, Got 0
2025-05-16 17:59:59 - Validation failed with mismatches:
2025-05-16 17:59:59 - Key: Tag ID, Expected: 17686523, Actual: 8457753
2025-05-16 17:59:59 - Key: Button 3, Expected: 1, Actual: 0
2025-05-16 17:59:59 - {"Device Type": "Tag", "Tag ID": 4212811, "RSSI": "-87.00 dBm", "Monitor ID": 0, "CMD": 0, "Status Byte": "00000000", "Button 4": "0", "Button 3": "0", "Button 2": "0", "Button 1": "0", "Motion Flag": "0", "Retry Count": 0, "Reserved": "0", "IR ID": 0, "Version": 28, "Astar ID": 900, "LBI": 2919, "CMD3": "670b07", "Timestamp": "2025-05-16 12:29:58", "EKEY": 0, "LF Flag": 146}
2025-05-16 17:59:59 - Mismatch for 'Tag ID': Expected 17686523, Got 4212811
2025-05-16 17:59:59 - Mismatch for 'Button 3': Expected 1, Got 0
2025-05-16 17:59:59 - Validation failed with mismatches:
2025-05-16 17:59:59 - Key: Tag ID, Expected: 17686523, Actual: 4212811
2025-05-16 17:59:59 - Key: Button 3, Expected: 1, Actual: 0
2025-05-16 17:59:59 - {"Device Type": "Tag", "Tag ID": 4213885, "RSSI": "-93.00 dBm", "Monitor ID": 0, "CMD": 0, "Status Byte": "00000000", "Button 4": "0", "Button 3": "0", "Button 2": "0", "Button 1": "0", "Motion Flag": "0", "Retry Count": 0, "Reserved": "0", "IR ID": 0, "Version": 28, "Astar ID": 900, "LBI": 2941, "CMD3": "7d0b07", "Timestamp": "2025-05-16 12:29:58", "EKEY": 0, "LF Flag": 146}
2025-05-16 17:59:59 - Mismatch for 'Tag ID': Expected 17686523, Got 4213885
2025-05-16 17:59:59 - Mismatch for 'Button 3': Expected 1, Got 0
2025-05-16 17:59:59 - Validation failed with mismatches:
2025-05-16 17:59:59 - Key: Tag ID, Expected: 17686523, Actual: 4213885
2025-05-16 17:59:59 - Key: Button 3, Expected: 1, Actual: 0
2025-05-16 17:59:59 - {"Device Type": "Tag", "Tag ID": 17655867, "RSSI": "-82.00 dBm", "Monitor ID": 0, "CMD": 0, "Status Byte": "00000000", "Button 4": "0", "Button 3": "0", "Button 2": "0", "Button 1": "0", "Motion Flag": "0", "Retry Count": 0, "Reserved": "0", "IR ID": 0, "Version": 20, "Astar ID": 900, "LBI": 2738, "CMD3": "b20a07", "Timestamp": "2025-05-16 12:29:58", "EKEY": 0, "LF Flag": 146}
2025-05-16 17:59:59 - Mismatch for 'Tag ID': Expected 17686523, Got 17655867
2025-05-16 17:59:59 - Mismatch for 'Button 3': Expected 1, Got 0
2025-05-16 17:59:59 - Validation failed with mismatches:
2025-05-16 17:59:59 - Key: Tag ID, Expected: 17686523, Actual: 17655867
2025-05-16 17:59:59 - Key: Button 3, Expected: 1, Actual: 0
2025-05-16 17:59:59 - {"Device Type": "Tag", "Tag ID": 4202390, "RSSI": "-75.00 dBm", "Monitor ID": 0, "CMD": 0, "Status Byte": "00000000", "Button 4": "0", "Button 3": "0", "Button 2": "0", "Button 1": "0", "Motion Flag": "0", "Retry Count": 0, "Reserved": "0", "IR ID": 0, "Version": 28, "Astar ID": 900, "LBI": 2745, "CMD3": "b90a07", "Timestamp": "2025-05-16 12:29:58", "EKEY": 0, "LF Flag": 146}
2025-05-16 17:59:59 - Mismatch for 'Tag ID': Expected 17686523, Got 4202390
2025-05-16 17:59:59 - Mismatch for 'Button 3': Expected 1, Got 0
2025-05-16 17:59:59 - Validation failed with mismatches:
2025-05-16 17:59:59 - Key: Tag ID, Expected: 17686523, Actual: 4202390
2025-05-16 17:59:59 - Key: Button 3, Expected: 1, Actual: 0
2025-05-16 17:59:59 - {"Device Type": "Tag", "Tag ID": 4213524, "RSSI": "-93.00 dBm", "Monitor ID": 0, "CMD": 0, "Status Byte": "00000000", "Button 4": "0", "Button 3": "0", "Button 2": "0", "Button 1": "0", "Motion Flag": "0", "Retry Count": 0, "Reserved": "0", "IR ID": 0, "Version": 28, "Astar ID": 900, "LBI": 2925, "CMD3": "6d0b07", "Timestamp": "2025-05-16 12:29:58", "EKEY": 0, "LF Flag": 146}
2025-05-16 17:59:59 - Mismatch for 'Tag ID': Expected 17686523, Got 4213524
2025-05-16 17:59:59 - Mismatch for 'Button 3': Expected 1, Got 0
2025-05-16 17:59:59 - Validation failed with mismatches:
2025-05-16 17:59:59 - Key: Tag ID, Expected: 17686523, Actual: 4213524
2025-05-16 17:59:59 - Key: Button 3, Expected: 1, Actual: 0
2025-05-16 17:59:59 - {"Device Type": "Tag", "Tag ID": 4209449, "RSSI": "-89.00 dBm", "Monitor ID": 0, "CMD": 0, "Status Byte": "00000000", "Button 4": "0", "Button 3": "0", "Button 2": "0", "Button 1": "0", "Motion Flag": "0", "Retry Count": 0, "Reserved": "0", "IR ID": 0, "Version": 28, "Astar ID": 900, "LBI": 2869, "CMD3": "350b07", "Timestamp": "2025-05-16 12:29:59", "EKEY": 0, "LF Flag": 146}
2025-05-16 17:59:59 - Mismatch for 'Tag ID': Expected 17686523, Got 4209449
2025-05-16 17:59:59 - Mismatch for 'Button 3': Expected 1, Got 0
2025-05-16 17:59:59 - Validation failed with mismatches:
2025-05-16 17:59:59 - Key: Tag ID, Expected: 17686523, Actual: 4209449
2025-05-16 17:59:59 - Key: Button 3, Expected: 1, Actual: 0
2025-05-16 17:59:59 - {"Device Type": "Tag", "Tag ID": 4209449, "RSSI": "-89.00 dBm", "Monitor ID": 0, "CMD": 0, "Status Byte": "00000000", "Button 4": "0", "Button 3": "0", "Button 2": "0", "Button 1": "0", "Motion Flag": "0", "Retry Count": 0, "Reserved": "0", "IR ID": 0, "Version": 28, "Astar ID": 900, "LBI": 2869, "CMD3": "350b07", "Timestamp": "2025-05-16 12:29:59", "EKEY": 0, "LF Flag": 146}
2025-05-16 17:59:59 - Mismatch for 'Tag ID': Expected 17686523, Got 4209449
2025-05-16 17:59:59 - Mismatch for 'Button 3': Expected 1, Got 0
2025-05-16 17:59:59 - Validation failed with mismatches:
2025-05-16 17:59:59 - Key: Tag ID, Expected: 17686523, Actual: 4209449
2025-05-16 17:59:59 - Key: Button 3, Expected: 1, Actual: 0
2025-05-16 17:59:59 - {"Device Type": "Tag", "Tag ID": 4205515, "RSSI": "-58.00 dBm", "Monitor ID": 0, "CMD": 0, "Status Byte": "00000000", "Button 4": "0", "Button 3": "0", "Button 2": "0", "Button 1": "0", "Motion Flag": "0", "Retry Count": 0, "Reserved": "0", "IR ID": 0, "Version": 28, "Astar ID": 900, "LBI": 2858, "CMD3": "2a0b07", "Timestamp": "2025-05-16 12:29:59", "EKEY": 0, "LF Flag": 146}
2025-05-16 17:59:59 - Mismatch for 'Tag ID': Expected 17686523, Got 4205515
2025-05-16 17:59:59 - Mismatch for 'Button 3': Expected 1, Got 0
2025-05-16 17:59:59 - Validation failed with mismatches:
2025-05-16 17:59:59 - Key: Tag ID, Expected: 17686523, Actual: 4205515
2025-05-16 17:59:59 - Key: Button 3, Expected: 1, Actual: 0
2025-05-16 17:59:59 - {"Device Type": "Tag", "Tag ID": 4205515, "RSSI": "-58.00 dBm", "Monitor ID": 0, "CMD": 0, "Status Byte": "00000000", "Button 4": "0", "Button 3": "0", "Button 2": "0", "Button 1": "0", "Motion Flag": "0", "Retry Count": 0, "Reserved": "0", "IR ID": 0, "Version": 28, "Astar ID": 900, "LBI": 2858, "CMD3": "2a0b07", "Timestamp": "2025-05-16 12:29:59", "EKEY": 0, "LF Flag": 146}
2025-05-16 17:59:59 - Mismatch for 'Tag ID': Expected 17686523, Got 4205515
2025-05-16 17:59:59 - Mismatch for 'Button 3': Expected 1, Got 0
2025-05-16 17:59:59 - Validation failed with mismatches:
2025-05-16 17:59:59 - Key: Tag ID, Expected: 17686523, Actual: 4205515
2025-05-16 17:59:59 - Key: Button 3, Expected: 1, Actual: 0
2025-05-16 17:59:59 - {"Device Type": "Tag", "Tag ID": 17657979, "RSSI": "-88.00 dBm", "Monitor ID": 0, "CMD": 0, "Status Byte": "00000000", "Button 4": "0", "Button 3": "0", "Button 2": "0", "Button 1": "0", "Motion Flag": "0", "Retry Count": 0, "Reserved": "0", "IR ID": 0, "Version": 23, "Astar ID": 900, "LBI": 2832, "CMD3": "100b07", "Timestamp": "2025-05-16 12:29:59", "EKEY": 0, "LF Flag": 146}
2025-05-16 17:59:59 - Mismatch for 'Tag ID': Expected 17686523, Got 17657979
2025-05-16 17:59:59 - Mismatch for 'Button 3': Expected 1, Got 0
2025-05-16 17:59:59 - Validation failed with mismatches:
2025-05-16 17:59:59 - Key: Tag ID, Expected: 17686523, Actual: 17657979
2025-05-16 17:59:59 - Key: Button 3, Expected: 1, Actual: 0
2025-05-16 17:59:59 - {"Device Type": "Tag", "Tag ID": 4212979, "RSSI": "-95.00 dBm", "Monitor ID": 0, "CMD": 0, "Status Byte": "00000000", "Button 4": "0", "Button 3": "0", "Button 2": "0", "Button 1": "0", "Motion Flag": "0", "Retry Count": 0, "Reserved": "0", "IR ID": 0, "Version": 28, "Astar ID": 900, "LBI": 2933, "CMD3": "750b07", "Timestamp": "2025-05-16 12:29:59", "EKEY": 0, "LF Flag": 146}
2025-05-16 17:59:59 - Mismatch for 'Tag ID': Expected 17686523, Got 4212979
2025-05-16 17:59:59 - Mismatch for 'Button 3': Expected 1, Got 0
2025-05-16 17:59:59 - Validation failed with mismatches:
2025-05-16 17:59:59 - Key: Tag ID, Expected: 17686523, Actual: 4212979
2025-05-16 17:59:59 - Key: Button 3, Expected: 1, Actual: 0
2025-05-16 17:59:59 - {"Device Type": "Tag", "Tag ID": 17654859, "RSSI": "-84.00 dBm", "Monitor ID": 0, "CMD": 0, "Status Byte": "00000000", "Button 4": "0", "Button 3": "0", "Button 2": "0", "Button 1": "0", "Motion Flag": "0", "Retry Count": 0, "Reserved": "0", "IR ID": 0, "Version": 20, "Astar ID": 900, "LBI": 2835, "CMD3": "130b07", "Timestamp": "2025-05-16 12:29:59", "EKEY": 0, "LF Flag": 146}
2025-05-16 17:59:59 - Mismatch for 'Tag ID': Expected 17686523, Got 17654859
2025-05-16 17:59:59 - Mismatch for 'Button 3': Expected 1, Got 0
2025-05-16 17:59:59 - Validation failed with mismatches:
2025-05-16 17:59:59 - Key: Tag ID, Expected: 17686523, Actual: 17654859
2025-05-16 17:59:59 - Key: Button 3, Expected: 1, Actual: 0
2025-05-16 17:59:59 - {"Device Type": "Tag", "Tag ID": 17654859, "RSSI": "-82.00 dBm", "Monitor ID": 0, "CMD": 0, "Status Byte": "00000000", "Button 4": "0", "Button 3": "0", "Button 2": "0", "Button 1": "0", "Motion Flag": "0", "Retry Count": 0, "Reserved": "0", "IR ID": 0, "Version": 20, "Astar ID": 900, "LBI": 2835, "CMD3": "130b07", "Timestamp": "2025-05-16 12:29:59", "EKEY": 0, "LF Flag": 146}
2025-05-16 17:59:59 - Mismatch for 'Tag ID': Expected 17686523, Got 17654859
2025-05-16 17:59:59 - Mismatch for 'Button 3': Expected 1, Got 0
2025-05-16 17:59:59 - Validation failed with mismatches:
2025-05-16 17:59:59 - Key: Tag ID, Expected: 17686523, Actual: 17654859
2025-05-16 17:59:59 - Key: Button 3, Expected: 1, Actual: 0
2025-05-16 17:59:59 - {"Device Type": "Tag", "Tag ID": 8444361, "RSSI": "-56.00 dBm", "Monitor ID": 0, "CMD": 0, "Status Byte": "10000010", "Button 4": "1", "Button 3": "0", "Button 2": "0", "Button 1": "0", "Motion Flag": "0", "Retry Count": 1, "Reserved": "0", "IR ID": 0, "Version": 24, "Astar ID": 100, "LBI": 977, "CMD3": "920105", "Timestamp": "2025-05-16 12:29:59", "EKEY": 0, "LF Flag": 128}
2025-05-16 17:59:59 - Mismatch for 'Tag ID': Expected 17686523, Got 8444361
2025-05-16 17:59:59 - Mismatch for 'Button 4': Expected 0, Got 1
2025-05-16 17:59:59 - Mismatch for 'Button 3': Expected 1, Got 0
2025-05-16 17:59:59 - Validation failed with mismatches:
2025-05-16 17:59:59 - Key: Tag ID, Expected: 17686523, Actual: 8444361
2025-05-16 17:59:59 - Key: Button 4, Expected: 0, Actual: 1
2025-05-16 17:59:59 - Key: Button 3, Expected: 1, Actual: 0
2025-05-16 17:59:59 - {"Device Type": "Tag", "Tag ID": 4212546, "RSSI": "-94.00 dBm", "Monitor ID": 0, "CMD": 0, "Status Byte": "00000000", "Button 4": "0", "Button 3": "0", "Button 2": "0", "Button 1": "0", "Motion Flag": "0", "Retry Count": 0, "Reserved": "0", "IR ID": 0, "Version": 28, "Astar ID": 900, "LBI": 2932, "CMD3": "740b07", "Timestamp": "2025-05-16 12:29:59", "EKEY": 0, "LF Flag": 146}
2025-05-16 17:59:59 - Mismatch for 'Tag ID': Expected 17686523, Got 4212546
2025-05-16 17:59:59 - Mismatch for 'Button 3': Expected 1, Got 0
2025-05-16 17:59:59 - Validation failed with mismatches:
2025-05-16 17:59:59 - Key: Tag ID, Expected: 17686523, Actual: 4212546
2025-05-16 17:59:59 - Key: Button 3, Expected: 1, Actual: 0
2025-05-16 17:59:59 - {"Device Type": "Tag", "Tag ID": 8493424, "RSSI": "-50.00 dBm", "Monitor ID": 0, "CMD": 0, "Status Byte": "00000010", "Button 4": "0", "Button 3": "0", "Button 2": "0", "Button 1": "0", "Motion Flag": "0", "Retry Count": 1, "Reserved": "0", "IR ID": 0, "Version": 26, "Astar ID": 100, "LBI": 2432, "CMD3": "0c002f", "Timestamp": "2025-05-16 12:29:59", "EKEY": 0, "LF Flag": 138}
2025-05-16 17:59:59 - Mismatch for 'Tag ID': Expected 17686523, Got 8493424
2025-05-16 17:59:59 - Mismatch for 'Button 3': Expected 1, Got 0
2025-05-16 17:59:59 - Validation failed with mismatches:
2025-05-16 17:59:59 - Key: Tag ID, Expected: 17686523, Actual: 8493424
2025-05-16 17:59:59 - Key: Button 3, Expected: 1, Actual: 0
2025-05-16 17:59:59 - {"Device Type": "Tag", "Tag ID": 17656200, "RSSI": "-69.00 dBm", "Monitor ID": 0, "CMD": 0, "Status Byte": "00000000", "Button 4": "0", "Button 3": "0", "Button 2": "0", "Button 1": "0", "Motion Flag": "0", "Retry Count": 0, "Reserved": "0", "IR ID": 0, "Version": 20, "Astar ID": 900, "LBI": 2812, "CMD3": "fc0a07", "Timestamp": "2025-05-16 12:29:59", "EKEY": 0, "LF Flag": 146}
2025-05-16 17:59:59 - Mismatch for 'Tag ID': Expected 17686523, Got 17656200
2025-05-16 17:59:59 - Mismatch for 'Button 3': Expected 1, Got 0
2025-05-16 17:59:59 - Validation failed with mismatches:
2025-05-16 17:59:59 - Key: Tag ID, Expected: 17686523, Actual: 17656200
2025-05-16 17:59:59 - Key: Button 3, Expected: 1, Actual: 0
2025-05-16 17:59:59 - {"Device Type": "Tag", "Tag ID": 17656157, "RSSI": "-84.00 dBm", "Monitor ID": 0, "CMD": 0, "Status Byte": "00000000", "Button 4": "0", "Button 3": "0", "Button 2": "0", "Button 1": "0", "Motion Flag": "0", "Retry Count": 0, "Reserved": "0", "IR ID": 0, "Version": 20, "Astar ID": 900, "LBI": 2828, "CMD3": "0c0b07", "Timestamp": "2025-05-16 12:29:59", "EKEY": 0, "LF Flag": 146}
2025-05-16 17:59:59 - Mismatch for 'Tag ID': Expected 17686523, Got 17656157
2025-05-16 17:59:59 - Mismatch for 'Button 3': Expected 1, Got 0
2025-05-16 17:59:59 - Validation failed with mismatches:
2025-05-16 17:59:59 - Key: Tag ID, Expected: 17686523, Actual: 17656157
2025-05-16 17:59:59 - Key: Button 3, Expected: 1, Actual: 0
2025-05-16 18:14:31 - {"Device Type": "Tag", "Tag ID": 17658370, "RSSI": "-85.00 dBm", "Monitor ID": 0, "CMD": 0, "Status Byte": "00000000", "Button 4": "0", "Button 3": "0", "Button 2": "0", "Button 1": "0", "Motion Flag": "0", "Retry Count": 0, "Reserved": "0", "IR ID": 0, "Version": 23, "Astar ID": 900, "LBI": 2878, "CMD3": "3e0b07", "Timestamp": "2025-05-16 12:44:27", "EKEY": 0, "LF Flag": 146}
2025-05-16 18:14:31 - Mismatch for 'Tag ID': Expected 17686523, Got 17658370
2025-05-16 18:14:31 - Mismatch for 'Button 3': Expected 1, Got 0
2025-05-16 18:14:31 - Validation failed with mismatches:
2025-05-16 18:14:31 - Key: Tag ID, Expected: 17686523, Actual: 17658370
2025-05-16 18:14:31 - Key: Button 3, Expected: 1, Actual: 0
2025-05-16 18:14:31 - {"Device Type": "Tag", "Tag ID": 17658370, "RSSI": "-80.00 dBm", "Monitor ID": 0, "CMD": 0, "Status Byte": "00000000", "Button 4": "0", "Button 3": "0", "Button 2": "0", "Button 1": "0", "Motion Flag": "0", "Retry Count": 0, "Reserved": "0", "IR ID": 0, "Version": 23, "Astar ID": 900, "LBI": 2878, "CMD3": "3e0b07", "Timestamp": "2025-05-16 12:44:27", "EKEY": 0, "LF Flag": 146}
2025-05-16 18:14:31 - Mismatch for 'Tag ID': Expected 17686523, Got 17658370
2025-05-16 18:14:31 - Mismatch for 'Button 3': Expected 1, Got 0
2025-05-16 18:14:31 - Validation failed with mismatches:
2025-05-16 18:14:31 - Key: Tag ID, Expected: 17686523, Actual: 17658370
2025-05-16 18:14:31 - Key: Button 3, Expected: 1, Actual: 0
2025-05-16 18:14:31 - {"Device Type": "Tag", "Tag ID": 17655908, "RSSI": "-68.00 dBm", "Monitor ID": 0, "CMD": 0, "Status Byte": "00000000", "Button 4": "0", "Button 3": "0", "Button 2": "0", "Button 1": "0", "Motion Flag": "0", "Retry Count": 0, "Reserved": "0", "IR ID": 53, "Version": 27, "Astar ID": 900, "LBI": 2948, "CMD3": "840b07", "Timestamp": "2025-05-16 12:44:27", "EKEY": 0, "LF Flag": 146}
2025-05-16 18:14:31 - Mismatch for 'Tag ID': Expected 17686523, Got 17655908
2025-05-16 18:14:31 - Mismatch for 'Button 3': Expected 1, Got 0
2025-05-16 18:14:31 - Validation failed with mismatches:
2025-05-16 18:14:31 - Key: Tag ID, Expected: 17686523, Actual: 17655908
2025-05-16 18:14:31 - Key: Button 3, Expected: 1, Actual: 0
2025-05-16 18:14:31 - {"Device Type": "Tag", "Tag ID": 17658370, "RSSI": "-85.00 dBm", "Monitor ID": 0, "CMD": 0, "Status Byte": "00000000", "Button 4": "0", "Button 3": "0", "Button 2": "0", "Button 1": "0", "Motion Flag": "0", "Retry Count": 0, "Reserved": "0", "IR ID": 0, "Version": 23, "Astar ID": 900, "LBI": 2878, "CMD3": "3e0b07", "Timestamp": "2025-05-16 12:44:27", "EKEY": 0, "LF Flag": 146}
2025-05-16 18:14:31 - Mismatch for 'Tag ID': Expected 17686523, Got 17658370
2025-05-16 18:14:31 - Mismatch for 'Button 3': Expected 1, Got 0
2025-05-16 18:14:31 - Validation failed with mismatches:
2025-05-16 18:14:31 - Key: Tag ID, Expected: 17686523, Actual: 17658370
2025-05-16 18:14:31 - Key: Button 3, Expected: 1, Actual: 0
2025-05-16 18:14:31 - {"Device Type": "Tag", "Tag ID": 17654619, "RSSI": "-90.00 dBm", "Monitor ID": 0, "CMD": 0, "Status Byte": "00000000", "Button 4": "0", "Button 3": "0", "Button 2": "0", "Button 1": "0", "Motion Flag": "0", "Retry Count": 0, "Reserved": "0", "IR ID": 0, "Version": 20, "Astar ID": 900, "LBI": 2855, "CMD3": "270b07", "Timestamp": "2025-05-16 12:44:27", "EKEY": 0, "LF Flag": 146}
2025-05-16 18:14:31 - Mismatch for 'Tag ID': Expected 17686523, Got 17654619
2025-05-16 18:14:31 - Mismatch for 'Button 3': Expected 1, Got 0
2025-05-16 18:14:31 - Validation failed with mismatches:
2025-05-16 18:14:31 - Key: Tag ID, Expected: 17686523, Actual: 17654619
2025-05-16 18:14:31 - Key: Button 3, Expected: 1, Actual: 0
2025-05-16 18:14:31 - {"Device Type": "Tag", "Tag ID": 17654619, "RSSI": "-78.00 dBm", "Monitor ID": 0, "CMD": 0, "Status Byte": "00000000", "Button 4": "0", "Button 3": "0", "Button 2": "0", "Button 1": "0", "Motion Flag": "0", "Retry Count": 0, "Reserved": "0", "IR ID": 0, "Version": 20, "Astar ID": 900, "LBI": 2855, "CMD3": "270b07", "Timestamp": "2025-05-16 12:44:27", "EKEY": 0, "LF Flag": 146}
2025-05-16 18:14:31 - Mismatch for 'Tag ID': Expected 17686523, Got 17654619
2025-05-16 18:14:31 - Mismatch for 'Button 3': Expected 1, Got 0
2025-05-16 18:14:31 - Validation failed with mismatches:
2025-05-16 18:14:31 - Key: Tag ID, Expected: 17686523, Actual: 17654619
2025-05-16 18:14:31 - Key: Button 3, Expected: 1, Actual: 0
2025-05-16 18:14:31 - {"Device Type": "Tag", "Tag ID": 8447491, "RSSI": "-43.00 dBm", "Monitor ID": 0, "CMD": 0, "Status Byte": "00000010", "Button 4": "0", "Button 3": "0", "Button 2": "0", "Button 1": "0", "Motion Flag": "0", "Retry Count": 1, "Reserved": "0", "IR ID": 0, "Version": 21, "Astar ID": 100, "LBI": 3643, "CMD3": "150006", "Timestamp": "2025-05-16 12:44:27", "EKEY": 0, "LF Flag": 138}
2025-05-16 18:14:31 - Mismatch for 'Tag ID': Expected 17686523, Got 8447491
2025-05-16 18:14:31 - Mismatch for 'Button 3': Expected 1, Got 0
2025-05-16 18:14:31 - Validation failed with mismatches:
2025-05-16 18:14:31 - Key: Tag ID, Expected: 17686523, Actual: 8447491
2025-05-16 18:14:31 - Key: Button 3, Expected: 1, Actual: 0
2025-05-16 18:14:31 - {"Device Type": "Tag", "Tag ID": 17656056, "RSSI": "-87.00 dBm", "Monitor ID": 0, "CMD": 0, "Status Byte": "00000000", "Button 4": "0", "Button 3": "0", "Button 2": "0", "Button 1": "0", "Motion Flag": "0", "Retry Count": 0, "Reserved": "0", "IR ID": 0, "Version": 22, "Astar ID": 900, "LBI": 2917, "CMD3": "650b07", "Timestamp": "2025-05-16 12:44:27", "EKEY": 0, "LF Flag": 146}
2025-05-16 18:14:31 - Mismatch for 'Tag ID': Expected 17686523, Got 17656056
2025-05-16 18:14:31 - Mismatch for 'Button 3': Expected 1, Got 0
2025-05-16 18:14:31 - Validation failed with mismatches:
2025-05-16 18:14:31 - Key: Tag ID, Expected: 17686523, Actual: 17656056
2025-05-16 18:14:31 - Key: Button 3, Expected: 1, Actual: 0
2025-05-16 18:14:31 - {"Device Type": "Tag", "Tag ID": 17658543, "RSSI": "-71.00 dBm", "Monitor ID": 0, "CMD": 0, "Status Byte": "00000000", "Button 4": "0", "Button 3": "0", "Button 2": "0", "Button 1": "0", "Motion Flag": "0", "Retry Count": 0, "Reserved": "0", "IR ID": 0, "Version": 26, "Astar ID": 900, "LBI": 2829, "CMD3": "0d0b07", "Timestamp": "2025-05-16 12:44:27", "EKEY": 0, "LF Flag": 146}
2025-05-16 18:14:31 - Mismatch for 'Tag ID': Expected 17686523, Got 17658543
2025-05-16 18:14:31 - Mismatch for 'Button 3': Expected 1, Got 0
2025-05-16 18:14:31 - Validation failed with mismatches:
2025-05-16 18:14:31 - Key: Tag ID, Expected: 17686523, Actual: 17658543
2025-05-16 18:14:31 - Key: Button 3, Expected: 1, Actual: 0
2025-05-16 18:14:31 - {"Device Type": "Tag", "Tag ID": 8456871, "RSSI": "-56.00 dBm", "Monitor ID": 0, "CMD": 0, "Status Byte": "00000010", "Button 4": "0", "Button 3": "0", "Button 2": "0", "Button 1": "0", "Motion Flag": "0", "Retry Count": 1, "Reserved": "0", "IR ID": 0, "Version": 21, "Astar ID": 100, "LBI": 3637, "CMD3": "150006", "Timestamp": "2025-05-16 12:44:27", "EKEY": 0, "LF Flag": 138}
2025-05-16 18:14:31 - Mismatch for 'Tag ID': Expected 17686523, Got 8456871
2025-05-16 18:14:31 - Mismatch for 'Button 3': Expected 1, Got 0
2025-05-16 18:14:31 - Validation failed with mismatches:
2025-05-16 18:14:31 - Key: Tag ID, Expected: 17686523, Actual: 8456871
2025-05-16 18:14:31 - Key: Button 3, Expected: 1, Actual: 0
2025-05-16 18:14:31 - {"Device Type": "Tag", "Tag ID": 17654280, "RSSI": "-87.00 dBm", "Monitor ID": 0, "CMD": 0, "Status Byte": "00000000", "Button 4": "0", "Button 3": "0", "Button 2": "0", "Button 1": "0", "Motion Flag": "0", "Retry Count": 0, "Reserved": "0", "IR ID": 0, "Version": 20, "Astar ID": 900, "LBI": 2812, "CMD3": "fc0a07", "Timestamp": "2025-05-16 12:44:27", "EKEY": 0, "LF Flag": 146}
2025-05-16 18:14:31 - Mismatch for 'Tag ID': Expected 17686523, Got 17654280
2025-05-16 18:14:31 - Mismatch for 'Button 3': Expected 1, Got 0
2025-05-16 18:14:31 - Validation failed with mismatches:
2025-05-16 18:14:31 - Key: Tag ID, Expected: 17686523, Actual: 17654280
2025-05-16 18:14:31 - Key: Button 3, Expected: 1, Actual: 0
2025-05-16 18:14:31 - {"Device Type": "Tag", "Tag ID": 17655668, "RSSI": "-76.00 dBm", "Monitor ID": 0, "CMD": 0, "Status Byte": "00000000", "Button 4": "0", "Button 3": "0", "Button 2": "0", "Button 1": "0", "Motion Flag": "0", "Retry Count": 0, "Reserved": "0", "IR ID": 0, "Version": 20, "Astar ID": 900, "LBI": 2828, "CMD3": "0c0b07", "Timestamp": "2025-05-16 12:44:27", "EKEY": 0, "LF Flag": 146}
2025-05-16 18:14:31 - Mismatch for 'Tag ID': Expected 17686523, Got 17655668
2025-05-16 18:14:31 - Mismatch for 'Button 3': Expected 1, Got 0
2025-05-16 18:14:31 - Validation failed with mismatches:
2025-05-16 18:14:31 - Key: Tag ID, Expected: 17686523, Actual: 17655668
2025-05-16 18:14:31 - Key: Button 3, Expected: 1, Actual: 0
2025-05-16 18:14:31 - {"Device Type": "Tag", "Tag ID": 17658688, "RSSI": "-74.00 dBm", "Monitor ID": 0, "CMD": 0, "Status Byte": "00000000", "Button 4": "0", "Button 3": "0", "Button 2": "0", "Button 1": "0", "Motion Flag": "0", "Retry Count": 0, "Reserved": "0", "IR ID": 0, "Version": 28, "Astar ID": 900, "LBI": 2543, "CMD3": "ef0907", "Timestamp": "2025-05-16 12:44:27", "EKEY": 0, "LF Flag": 146}
2025-05-16 18:14:31 - Mismatch for 'Tag ID': Expected 17686523, Got 17658688
2025-05-16 18:14:31 - Mismatch for 'Button 3': Expected 1, Got 0
2025-05-16 18:14:31 - Validation failed with mismatches:
2025-05-16 18:14:31 - Key: Tag ID, Expected: 17686523, Actual: 17658688
2025-05-16 18:14:31 - Key: Button 3, Expected: 1, Actual: 0
2025-05-16 18:14:31 - {"Device Type": "Tag", "Tag ID": 4209174, "RSSI": "-93.00 dBm", "Monitor ID": 0, "CMD": 0, "Status Byte": "00000000", "Button 4": "0", "Button 3": "0", "Button 2": "0", "Button 1": "0", "Motion Flag": "0", "Retry Count": 0, "Reserved": "0", "IR ID": 0, "Version": 28, "Astar ID": 900, "LBI": 2945, "CMD3": "810b07", "Timestamp": "2025-05-16 12:44:27", "EKEY": 0, "LF Flag": 146}
2025-05-16 18:14:31 - Mismatch for 'Tag ID': Expected 17686523, Got 4209174
2025-05-16 18:14:31 - Mismatch for 'Button 3': Expected 1, Got 0
2025-05-16 18:14:31 - Validation failed with mismatches:
2025-05-16 18:14:31 - Key: Tag ID, Expected: 17686523, Actual: 4209174
2025-05-16 18:14:31 - Key: Button 3, Expected: 1, Actual: 0
2025-05-16 18:14:31 - {"Device Type": "Tag", "Tag ID": 17656191, "RSSI": "-76.00 dBm", "Monitor ID": 0, "CMD": 0, "Status Byte": "00000000", "Button 4": "0", "Button 3": "0", "Button 2": "0", "Button 1": "0", "Motion Flag": "0", "Retry Count": 0, "Reserved": "0", "IR ID": 0, "Version": 20, "Astar ID": 900, "LBI": 2847, "CMD3": "1f0b07", "Timestamp": "2025-05-16 12:44:27", "EKEY": 0, "LF Flag": 146}
2025-05-16 18:14:31 - Mismatch for 'Tag ID': Expected 17686523, Got 17656191
2025-05-16 18:14:31 - Mismatch for 'Button 3': Expected 1, Got 0
2025-05-16 18:14:31 - Validation failed with mismatches:
2025-05-16 18:14:31 - Key: Tag ID, Expected: 17686523, Actual: 17656191
2025-05-16 18:14:31 - Key: Button 3, Expected: 1, Actual: 0
2025-05-16 18:14:31 - {"Device Type": "Tag", "Tag ID": 17656191, "RSSI": "-75.00 dBm", "Monitor ID": 0, "CMD": 0, "Status Byte": "00000000", "Button 4": "0", "Button 3": "0", "Button 2": "0", "Button 1": "0", "Motion Flag": "0", "Retry Count": 0, "Reserved": "0", "IR ID": 0, "Version": 20, "Astar ID": 900, "LBI": 2847, "CMD3": "1f0b07", "Timestamp": "2025-05-16 12:44:27", "EKEY": 0, "LF Flag": 146}
2025-05-16 18:14:31 - Mismatch for 'Tag ID': Expected 17686523, Got 17656191
2025-05-16 18:14:31 - Mismatch for 'Button 3': Expected 1, Got 0
2025-05-16 18:14:31 - Validation failed with mismatches:
2025-05-16 18:14:31 - Key: Tag ID, Expected: 17686523, Actual: 17656191
2025-05-16 18:14:31 - Key: Button 3, Expected: 1, Actual: 0
2025-05-16 18:14:31 - {"Device Type": "Tag", "Tag ID": 17657962, "RSSI": "-71.00 dBm", "Monitor ID": 0, "CMD": 0, "Status Byte": "00000000", "Button 4": "0", "Button 3": "0", "Button 2": "0", "Button 1": "0", "Motion Flag": "0", "Retry Count": 0, "Reserved": "0", "IR ID": 0, "Version": 26, "Astar ID": 900, "LBI": 2633, "CMD3": "490a07", "Timestamp": "2025-05-16 12:44:27", "EKEY": 0, "LF Flag": 146}
2025-05-16 18:14:31 - Mismatch for 'Tag ID': Expected 17686523, Got 17657962
2025-05-16 18:14:31 - Mismatch for 'Button 3': Expected 1, Got 0
2025-05-16 18:14:31 - Validation failed with mismatches:
2025-05-16 18:14:31 - Key: Tag ID, Expected: 17686523, Actual: 17657962
2025-05-16 18:14:31 - Key: Button 3, Expected: 1, Actual: 0
2025-05-16 18:14:31 - {"Device Type": "Tag", "Tag ID": 4202014, "RSSI": "-62.00 dBm", "Monitor ID": 0, "CMD": 0, "Status Byte": "00001000", "Button 4": "0", "Button 3": "0", "Button 2": "0", "Button 1": "0", "Motion Flag": "1", "Retry Count": 0, "Reserved": "0", "IR ID": 0, "Version": 28, "Astar ID": 900, "LBI": 2711, "CMD3": "970a07", "Timestamp": "2025-05-16 12:44:27", "EKEY": 0, "LF Flag": 146}
2025-05-16 18:14:31 - Mismatch for 'Tag ID': Expected 17686523, Got 4202014
2025-05-16 18:14:31 - Mismatch for 'Button 3': Expected 1, Got 0
2025-05-16 18:14:31 - Validation failed with mismatches:
2025-05-16 18:14:31 - Key: Tag ID, Expected: 17686523, Actual: 4202014
2025-05-16 18:14:31 - Key: Button 3, Expected: 1, Actual: 0
2025-05-16 18:14:31 - {"Device Type": "Tag", "Tag ID": 17657962, "RSSI": "-71.00 dBm", "Monitor ID": 0, "CMD": 0, "Status Byte": "00000000", "Button 4": "0", "Button 3": "0", "Button 2": "0", "Button 1": "0", "Motion Flag": "0", "Retry Count": 0, "Reserved": "0", "IR ID": 0, "Version": 26, "Astar ID": 900, "LBI": 2633, "CMD3": "490a07", "Timestamp": "2025-05-16 12:44:27", "EKEY": 0, "LF Flag": 146}
2025-05-16 18:14:31 - Mismatch for 'Tag ID': Expected 17686523, Got 17657962
2025-05-16 18:14:31 - Mismatch for 'Button 3': Expected 1, Got 0
2025-05-16 18:14:31 - Validation failed with mismatches:
2025-05-16 18:14:31 - Key: Tag ID, Expected: 17686523, Actual: 17657962
2025-05-16 18:14:31 - Key: Button 3, Expected: 1, Actual: 0
2025-05-16 18:14:31 - {"Device Type": "Tag", "Tag ID": 4202466, "RSSI": "-71.00 dBm", "Monitor ID": 0, "CMD": 0, "Status Byte": "00001000", "Button 4": "0", "Button 3": "0", "Button 2": "0", "Button 1": "0", "Motion Flag": "1", "Retry Count": 0, "Reserved": "0", "IR ID": 0, "Version": 28, "Astar ID": 900, "LBI": 2841, "CMD3": "190b07", "Timestamp": "2025-05-16 12:44:27", "EKEY": 0, "LF Flag": 146}
2025-05-16 18:14:31 - Mismatch for 'Tag ID': Expected 17686523, Got 4202466
2025-05-16 18:14:31 - Mismatch for 'Button 3': Expected 1, Got 0
2025-05-16 18:14:31 - Validation failed with mismatches:
2025-05-16 18:14:31 - Key: Tag ID, Expected: 17686523, Actual: 4202466
2025-05-16 18:14:31 - Key: Button 3, Expected: 1, Actual: 0
2025-05-16 18:14:31 - {"Device Type": "Tag", "Tag ID": 17658182, "RSSI": "-91.00 dBm", "Monitor ID": 0, "CMD": 0, "Status Byte": "00000000", "Button 4": "0", "Button 3": "0", "Button 2": "0", "Button 1": "0", "Motion Flag": "0", "Retry Count": 0, "Reserved": "0", "IR ID": 0, "Version": 28, "Astar ID": 900, "LBI": 2551, "CMD3": "f70907", "Timestamp": "2025-05-16 12:44:27", "EKEY": 0, "LF Flag": 146}
2025-05-16 18:14:31 - Mismatch for 'Tag ID': Expected 17686523, Got 17658182
2025-05-16 18:14:31 - Mismatch for 'Button 3': Expected 1, Got 0
2025-05-16 18:14:31 - Validation failed with mismatches:
2025-05-16 18:14:31 - Key: Tag ID, Expected: 17686523, Actual: 17658182
2025-05-16 18:14:31 - Key: Button 3, Expected: 1, Actual: 0
2025-05-16 18:14:31 - {"Device Type": "Tag", "Tag ID": 4213228, "RSSI": "-94.00 dBm", "Monitor ID": 0, "CMD": 0, "Status Byte": "00000000", "Button 4": "0", "Button 3": "0", "Button 2": "0", "Button 1": "0", "Motion Flag": "0", "Retry Count": 0, "Reserved": "0", "IR ID": 0, "Version": 28, "Astar ID": 900, "LBI": 2926, "CMD3": "6e0b07", "Timestamp": "2025-05-16 12:44:27", "EKEY": 0, "LF Flag": 146}
2025-05-16 18:14:31 - Mismatch for 'Tag ID': Expected 17686523, Got 4213228
2025-05-16 18:14:31 - Mismatch for 'Button 3': Expected 1, Got 0
2025-05-16 18:14:31 - Validation failed with mismatches:
2025-05-16 18:14:31 - Key: Tag ID, Expected: 17686523, Actual: 4213228
2025-05-16 18:14:31 - Key: Button 3, Expected: 1, Actual: 0
2025-05-16 18:14:31 - {"Device Type": "Tag", "Tag ID": 17654903, "RSSI": "-78.00 dBm", "Monitor ID": 0, "CMD": 0, "Status Byte": "00000000", "Button 4": "0", "Button 3": "0", "Button 2": "0", "Button 1": "0", "Motion Flag": "0", "Retry Count": 0, "Reserved": "0", "IR ID": 0, "Version": 22, "Astar ID": 900, "LBI": 2804, "CMD3": "f40a07", "Timestamp": "2025-05-16 12:44:27", "EKEY": 0, "LF Flag": 146}
2025-05-16 18:14:31 - Mismatch for 'Tag ID': Expected 17686523, Got 17654903
2025-05-16 18:14:31 - Mismatch for 'Button 3': Expected 1, Got 0
2025-05-16 18:14:31 - Validation failed with mismatches:
2025-05-16 18:14:31 - Key: Tag ID, Expected: 17686523, Actual: 17654903
2025-05-16 18:14:31 - Key: Button 3, Expected: 1, Actual: 0
2025-05-16 18:14:31 - {"Device Type": "Tag", "Tag ID": 17657111, "RSSI": "-71.00 dBm", "Monitor ID": 0, "CMD": 0, "Status Byte": "00000000", "Button 4": "0", "Button 3": "0", "Button 2": "0", "Button 1": "0", "Motion Flag": "0", "Retry Count": 0, "Reserved": "0", "IR ID": 0, "Version": 28, "Astar ID": 900, "LBI": 2761, "CMD3": "c90a07", "Timestamp": "2025-05-16 12:44:27", "EKEY": 0, "LF Flag": 146}
2025-05-16 18:14:31 - Mismatch for 'Tag ID': Expected 17686523, Got 17657111
2025-05-16 18:14:31 - Mismatch for 'Button 3': Expected 1, Got 0
2025-05-16 18:14:31 - Validation failed with mismatches:
2025-05-16 18:14:31 - Key: Tag ID, Expected: 17686523, Actual: 17657111
2025-05-16 18:14:31 - Key: Button 3, Expected: 1, Actual: 0
2025-05-16 18:14:31 - {"Device Type": "Tag", "Tag ID": 17655194, "RSSI": "-93.00 dBm", "Monitor ID": 0, "CMD": 0, "Status Byte": "00000000", "Button 4": "0", "Button 3": "0", "Button 2": "0", "Button 1": "0", "Motion Flag": "0", "Retry Count": 0, "Reserved": "0", "IR ID": 0, "Version": 20, "Astar ID": 900, "LBI": 2894, "CMD3": "4e0b07", "Timestamp": "2025-05-16 12:44:27", "EKEY": 0, "LF Flag": 146}
2025-05-16 18:14:31 - Mismatch for 'Tag ID': Expected 17686523, Got 17655194
2025-05-16 18:14:31 - Mismatch for 'Button 3': Expected 1, Got 0
2025-05-16 18:14:31 - Validation failed with mismatches:
2025-05-16 18:14:31 - Key: Tag ID, Expected: 17686523, Actual: 17655194
2025-05-16 18:14:31 - Key: Button 3, Expected: 1, Actual: 0
2025-05-16 18:14:31 - {"Device Type": "Tag", "Tag ID": 17654932, "RSSI": "-84.00 dBm", "Monitor ID": 0, "CMD": 0, "Status Byte": "00000000", "Button 4": "0", "Button 3": "0", "Button 2": "0", "Button 1": "0", "Motion Flag": "0", "Retry Count": 0, "Reserved": "0", "IR ID": 0, "Version": 22, "Astar ID": 900, "LBI": 2871, "CMD3": "370b07", "Timestamp": "2025-05-16 12:44:27", "EKEY": 0, "LF Flag": 146}
2025-05-16 18:14:31 - Mismatch for 'Tag ID': Expected 17686523, Got 17654932
2025-05-16 18:14:31 - Mismatch for 'Button 3': Expected 1, Got 0
2025-05-16 18:14:31 - Validation failed with mismatches:
2025-05-16 18:14:31 - Key: Tag ID, Expected: 17686523, Actual: 17654932
2025-05-16 18:14:31 - Key: Button 3, Expected: 1, Actual: 0
2025-05-16 18:14:31 - {"Device Type": "Tag", "Tag ID": 17654565, "RSSI": "-78.00 dBm", "Monitor ID": 0, "CMD": 0, "Status Byte": "00000000", "Button 4": "0", "Button 3": "0", "Button 2": "0", "Button 1": "0", "Motion Flag": "0", "Retry Count": 0, "Reserved": "0", "IR ID": 0, "Version": 20, "Astar ID": 900, "LBI": 2769, "CMD3": "d10a07", "Timestamp": "2025-05-16 12:44:27", "EKEY": 0, "LF Flag": 146}
2025-05-16 18:14:31 - Mismatch for 'Tag ID': Expected 17686523, Got 17654565
2025-05-16 18:14:31 - Mismatch for 'Button 3': Expected 1, Got 0
2025-05-16 18:14:31 - Validation failed with mismatches:
2025-05-16 18:14:31 - Key: Tag ID, Expected: 17686523, Actual: 17654565
2025-05-16 18:14:31 - Key: Button 3, Expected: 1, Actual: 0
2025-05-16 18:14:31 - {"Device Type": "Tag", "Tag ID": 4213846, "RSSI": "-88.00 dBm", "Monitor ID": 0, "CMD": 0, "Status Byte": "00000000", "Button 4": "0", "Button 3": "0", "Button 2": "0", "Button 1": "0", "Motion Flag": "0", "Retry Count": 0, "Reserved": "0", "IR ID": 0, "Version": 28, "Astar ID": 900, "LBI": 2916, "CMD3": "640b07", "Timestamp": "2025-05-16 12:44:27", "EKEY": 0, "LF Flag": 146}
2025-05-16 18:14:31 - Mismatch for 'Tag ID': Expected 17686523, Got 4213846
2025-05-16 18:14:31 - Mismatch for 'Button 3': Expected 1, Got 0
2025-05-16 18:14:31 - Validation failed with mismatches:
2025-05-16 18:14:31 - Key: Tag ID, Expected: 17686523, Actual: 4213846
2025-05-16 18:14:31 - Key: Button 3, Expected: 1, Actual: 0
2025-05-16 18:14:31 - {"Device Type": "Tag", "Tag ID": 4214193, "RSSI": "-92.00 dBm", "Monitor ID": 0, "CMD": 0, "Status Byte": "00000000", "Button 4": "0", "Button 3": "0", "Button 2": "0", "Button 1": "0", "Motion Flag": "0", "Retry Count": 0, "Reserved": "0", "IR ID": 0, "Version": 28, "Astar ID": 900, "LBI": 2925, "CMD3": "6d0b07", "Timestamp": "2025-05-16 12:44:27", "EKEY": 0, "LF Flag": 146}
2025-05-16 18:14:31 - Mismatch for 'Tag ID': Expected 17686523, Got 4214193
2025-05-16 18:14:31 - Mismatch for 'Button 3': Expected 1, Got 0
2025-05-16 18:14:31 - Validation failed with mismatches:
2025-05-16 18:14:31 - Key: Tag ID, Expected: 17686523, Actual: 4214193
2025-05-16 18:14:31 - Key: Button 3, Expected: 1, Actual: 0
2025-05-16 18:14:31 - {"Device Type": "Tag", "Tag ID": 4213178, "RSSI": "-93.00 dBm", "Monitor ID": 0, "CMD": 0, "Status Byte": "00000000", "Button 4": "0", "Button 3": "0", "Button 2": "0", "Button 1": "0", "Motion Flag": "0", "Retry Count": 0, "Reserved": "0", "IR ID": 0, "Version": 28, "Astar ID": 900, "LBI": 2933, "CMD3": "750b07", "Timestamp": "2025-05-16 12:44:27", "EKEY": 0, "LF Flag": 146}
2025-05-16 18:14:31 - Mismatch for 'Tag ID': Expected 17686523, Got 4213178
2025-05-16 18:14:31 - Mismatch for 'Button 3': Expected 1, Got 0
2025-05-16 18:14:31 - Validation failed with mismatches:
2025-05-16 18:14:31 - Key: Tag ID, Expected: 17686523, Actual: 4213178
2025-05-16 18:14:31 - Key: Button 3, Expected: 1, Actual: 0
2025-05-16 18:14:31 - {"Device Type": "Tag", "Tag ID": 4211977, "RSSI": "-84.00 dBm", "Monitor ID": 0, "CMD": 0, "Status Byte": "00000000", "Button 4": "0", "Button 3": "0", "Button 2": "0", "Button 1": "0", "Motion Flag": "0", "Retry Count": 0, "Reserved": "0", "IR ID": 0, "Version": 28, "Astar ID": 900, "LBI": 2913, "CMD3": "610b07", "Timestamp": "2025-05-16 12:44:27", "EKEY": 0, "LF Flag": 146}
2025-05-16 18:14:31 - Mismatch for 'Tag ID': Expected 17686523, Got 4211977
2025-05-16 18:14:31 - Mismatch for 'Button 3': Expected 1, Got 0
2025-05-16 18:14:31 - Validation failed with mismatches:
2025-05-16 18:14:31 - Key: Tag ID, Expected: 17686523, Actual: 4211977
2025-05-16 18:14:31 - Key: Button 3, Expected: 1, Actual: 0
2025-05-16 18:14:31 - {"Device Type": "Tag", "Tag ID": 9749626, "RSSI": "-78.00 dBm", "Monitor ID": 0, "CMD": 87, "Status Byte": "10000010", "Button 4": "1", "Button 3": "0", "Button 2": "0", "Button 1": "0", "Motion Flag": "0", "Retry Count": 1, "Reserved": "0", "IR ID": 0, "Version": 215, "Astar ID": 100, "LBI": 3864, "CMD3": "275100", "Timestamp": "2025-05-16 12:44:27", "EKEY": 0, "LF Flag": 138}
2025-05-16 18:14:31 - Mismatch for 'Tag ID': Expected 17686523, Got 9749626
2025-05-16 18:14:31 - Mismatch for 'Button 4': Expected 0, Got 1
2025-05-16 18:14:31 - Mismatch for 'Button 3': Expected 1, Got 0
2025-05-16 18:14:31 - Validation failed with mismatches:
2025-05-16 18:14:31 - Key: Tag ID, Expected: 17686523, Actual: 9749626
2025-05-16 18:14:31 - Key: Button 4, Expected: 0, Actual: 1
2025-05-16 18:14:31 - Key: Button 3, Expected: 1, Actual: 0
2025-05-16 18:14:31 - {"Device Type": "Tag", "Tag ID": 4212862, "RSSI": "-92.00 dBm", "Monitor ID": 0, "CMD": 0, "Status Byte": "00000000", "Button 4": "0", "Button 3": "0", "Button 2": "0", "Button 1": "0", "Motion Flag": "0", "Retry Count": 0, "Reserved": "0", "IR ID": 0, "Version": 28, "Astar ID": 900, "LBI": 2889, "CMD3": "490b07", "Timestamp": "2025-05-16 12:44:27", "EKEY": 0, "LF Flag": 146}
2025-05-16 18:14:31 - Mismatch for 'Tag ID': Expected 17686523, Got 4212862
2025-05-16 18:14:31 - Mismatch for 'Button 3': Expected 1, Got 0
2025-05-16 18:14:31 - Validation failed with mismatches:
2025-05-16 18:14:31 - Key: Tag ID, Expected: 17686523, Actual: 4212862
2025-05-16 18:14:31 - Key: Button 3, Expected: 1, Actual: 0
2025-05-16 18:14:31 - {"Device Type": "Tag", "Tag ID": 17654619, "RSSI": "-78.00 dBm", "Monitor ID": 0, "CMD": 0, "Status Byte": "00000000", "Button 4": "0", "Button 3": "0", "Button 2": "0", "Button 1": "0", "Motion Flag": "0", "Retry Count": 0, "Reserved": "0", "IR ID": 0, "Version": 20, "Astar ID": 900, "LBI": 2855, "CMD3": "270b07", "Timestamp": "2025-05-16 12:44:27", "EKEY": 0, "LF Flag": 146}
2025-05-16 18:14:31 - Mismatch for 'Tag ID': Expected 17686523, Got 17654619
2025-05-16 18:14:31 - Mismatch for 'Button 3': Expected 1, Got 0
2025-05-16 18:14:31 - Validation failed with mismatches:
2025-05-16 18:14:31 - Key: Tag ID, Expected: 17686523, Actual: 17654619
2025-05-16 18:14:31 - Key: Button 3, Expected: 1, Actual: 0
2025-05-16 18:14:31 - {"Device Type": "Tag", "Tag ID": 8427221, "RSSI": "-55.00 dBm", "Monitor ID": 0, "CMD": 0, "Status Byte": "10000010", "Button 4": "1", "Button 3": "0", "Button 2": "0", "Button 1": "0", "Motion Flag": "0", "Retry Count": 1, "Reserved": "0", "IR ID": 0, "Version": 25, "Astar ID": 100, "LBI": 2388, "CMD3": "0c002f", "Timestamp": "2025-05-16 12:44:27", "EKEY": 0, "LF Flag": 138}
2025-05-16 18:14:31 - Mismatch for 'Tag ID': Expected 17686523, Got 8427221
2025-05-16 18:14:31 - Mismatch for 'Button 4': Expected 0, Got 1
2025-05-16 18:14:31 - Mismatch for 'Button 3': Expected 1, Got 0
2025-05-16 18:14:31 - Validation failed with mismatches:
2025-05-16 18:14:31 - Key: Tag ID, Expected: 17686523, Actual: 8427221
2025-05-16 18:14:31 - Key: Button 4, Expected: 0, Actual: 1
2025-05-16 18:14:31 - Key: Button 3, Expected: 1, Actual: 0
2025-05-16 18:14:31 - {"Device Type": "Tag", "Tag ID": 17658370, "RSSI": "-80.00 dBm", "Monitor ID": 0, "CMD": 0, "Status Byte": "00000000", "Button 4": "0", "Button 3": "0", "Button 2": "0", "Button 1": "0", "Motion Flag": "0", "Retry Count": 0, "Reserved": "0", "IR ID": 0, "Version": 23, "Astar ID": 900, "LBI": 2878, "CMD3": "3e0b07", "Timestamp": "2025-05-16 12:44:28", "EKEY": 0, "LF Flag": 146}
2025-05-16 18:14:31 - Mismatch for 'Tag ID': Expected 17686523, Got 17658370
2025-05-16 18:14:31 - Mismatch for 'Button 3': Expected 1, Got 0
2025-05-16 18:14:31 - Validation failed with mismatches:
2025-05-16 18:14:31 - Key: Tag ID, Expected: 17686523, Actual: 17658370
2025-05-16 18:14:31 - Key: Button 3, Expected: 1, Actual: 0
2025-05-16 18:14:31 - {"Device Type": "Tag", "Tag ID": 17658370, "RSSI": "-80.00 dBm", "Monitor ID": 0, "CMD": 0, "Status Byte": "00000000", "Button 4": "0", "Button 3": "0", "Button 2": "0", "Button 1": "0", "Motion Flag": "0", "Retry Count": 0, "Reserved": "0", "IR ID": 0, "Version": 23, "Astar ID": 900, "LBI": 2878, "CMD3": "3e0b07", "Timestamp": "2025-05-16 12:44:28", "EKEY": 0, "LF Flag": 146}
2025-05-16 18:14:31 - Mismatch for 'Tag ID': Expected 17686523, Got 17658370
2025-05-16 18:14:31 - Mismatch for 'Button 3': Expected 1, Got 0
2025-05-16 18:14:31 - Validation failed with mismatches:
2025-05-16 18:14:31 - Key: Tag ID, Expected: 17686523, Actual: 17658370
2025-05-16 18:14:31 - Key: Button 3, Expected: 1, Actual: 0
2025-05-16 18:14:31 - {"Device Type": "Tag", "Tag ID": 17655169, "RSSI": "-85.00 dBm", "Monitor ID": 0, "CMD": 0, "Status Byte": "00000000", "Button 4": "0", "Button 3": "0", "Button 2": "0", "Button 1": "0", "Motion Flag": "0", "Retry Count": 0, "Reserved": "0", "IR ID": 0, "Version": 20, "Astar ID": 900, "LBI": 2847, "CMD3": "1f0b07", "Timestamp": "2025-05-16 12:44:28", "EKEY": 0, "LF Flag": 146}
2025-05-16 18:14:31 - Mismatch for 'Tag ID': Expected 17686523, Got 17655169
2025-05-16 18:14:31 - Mismatch for 'Button 3': Expected 1, Got 0
2025-05-16 18:14:31 - Validation failed with mismatches:
2025-05-16 18:14:31 - Key: Tag ID, Expected: 17686523, Actual: 17655169
2025-05-16 18:14:31 - Key: Button 3, Expected: 1, Actual: 0
2025-05-16 18:14:31 - {"Device Type": "Tag", "Tag ID": 17629899, "RSSI": "-71.00 dBm", "Monitor ID": 0, "CMD": 0, "Status Byte": "00000000", "Button 4": "0", "Button 3": "0", "Button 2": "0", "Button 1": "0", "Motion Flag": "0", "Retry Count": 0, "Reserved": "0", "IR ID": 0, "Version": 27, "Astar ID": 900, "LBI": 2935, "CMD3": "770b07", "Timestamp": "2025-05-16 12:44:28", "EKEY": 0, "LF Flag": 146}
2025-05-16 18:14:31 - Mismatch for 'Tag ID': Expected 17686523, Got 17629899
2025-05-16 18:14:31 - Mismatch for 'Button 3': Expected 1, Got 0
2025-05-16 18:14:31 - Validation failed with mismatches:
2025-05-16 18:14:31 - Key: Tag ID, Expected: 17686523, Actual: 17629899
2025-05-16 18:14:31 - Key: Button 3, Expected: 1, Actual: 0
2025-05-16 18:14:31 - {"Device Type": "Tag", "Tag ID": 17656074, "RSSI": "-93.00 dBm", "Monitor ID": 0, "CMD": 0, "Status Byte": "00000000", "Button 4": "0", "Button 3": "0", "Button 2": "0", "Button 1": "0", "Motion Flag": "0", "Retry Count": 0, "Reserved": "0", "IR ID": 0, "Version": 20, "Astar ID": 900, "LBI": 2828, "CMD3": "0c0b07", "Timestamp": "2025-05-16 12:44:28", "EKEY": 0, "LF Flag": 146}
2025-05-16 18:14:31 - Mismatch for 'Tag ID': Expected 17686523, Got 17656074
2025-05-16 18:14:31 - Mismatch for 'Button 3': Expected 1, Got 0
2025-05-16 18:14:31 - Validation failed with mismatches:
2025-05-16 18:14:31 - Key: Tag ID, Expected: 17686523, Actual: 17656074
2025-05-16 18:14:31 - Key: Button 3, Expected: 1, Actual: 0
2025-05-16 18:14:31 - {"Device Type": "Tag", "Tag ID": 17657962, "RSSI": "-71.00 dBm", "Monitor ID": 0, "CMD": 0, "Status Byte": "00000000", "Button 4": "0", "Button 3": "0", "Button 2": "0", "Button 1": "0", "Motion Flag": "0", "Retry Count": 0, "Reserved": "0", "IR ID": 0, "Version": 26, "Astar ID": 900, "LBI": 2633, "CMD3": "490a07", "Timestamp": "2025-05-16 12:44:28", "EKEY": 0, "LF Flag": 146}
2025-05-16 18:14:31 - Mismatch for 'Tag ID': Expected 17686523, Got 17657962
2025-05-16 18:14:31 - Mismatch for 'Button 3': Expected 1, Got 0
2025-05-16 18:14:31 - Validation failed with mismatches:
2025-05-16 18:14:31 - Key: Tag ID, Expected: 17686523, Actual: 17657962
2025-05-16 18:14:31 - Key: Button 3, Expected: 1, Actual: 0
2025-05-16 18:14:31 - {"Device Type": "Tag", "Tag ID": 4209230, "RSSI": "-94.00 dBm", "Monitor ID": 0, "CMD": 0, "Status Byte": "00000000", "Button 4": "0", "Button 3": "0", "Button 2": "0", "Button 1": "0", "Motion Flag": "0", "Retry Count": 0, "Reserved": "0", "IR ID": 0, "Version": 28, "Astar ID": 900, "LBI": 2934, "CMD3": "760b07", "Timestamp": "2025-05-16 12:44:28", "EKEY": 0, "LF Flag": 146}
2025-05-16 18:14:31 - Mismatch for 'Tag ID': Expected 17686523, Got 4209230
2025-05-16 18:14:31 - Mismatch for 'Button 3': Expected 1, Got 0
2025-05-16 18:14:31 - Validation failed with mismatches:
2025-05-16 18:14:31 - Key: Tag ID, Expected: 17686523, Actual: 4209230
2025-05-16 18:14:31 - Key: Button 3, Expected: 1, Actual: 0
2025-05-16 18:14:31 - {"Device Type": "Tag", "Tag ID": 17654552, "RSSI": "-80.00 dBm", "Monitor ID": 0, "CMD": 0, "Status Byte": "00000000", "Button 4": "0", "Button 3": "0", "Button 2": "0", "Button 1": "0", "Motion Flag": "0", "Retry Count": 0, "Reserved": "0", "IR ID": 0, "Version": 20, "Astar ID": 900, "LBI": 2851, "CMD3": "230b07", "Timestamp": "2025-05-16 12:44:28", "EKEY": 0, "LF Flag": 146}
2025-05-16 18:14:31 - Mismatch for 'Tag ID': Expected 17686523, Got 17654552
2025-05-16 18:14:31 - Mismatch for 'Button 3': Expected 1, Got 0
2025-05-16 18:14:31 - Validation failed with mismatches:
2025-05-16 18:14:31 - Key: Tag ID, Expected: 17686523, Actual: 17654552
2025-05-16 18:14:31 - Key: Button 3, Expected: 1, Actual: 0
2025-05-16 18:14:31 - {"Device Type": "Tag", "Tag ID": 4213735, "RSSI": "-93.00 dBm", "Monitor ID": 0, "CMD": 0, "Status Byte": "00000000", "Button 4": "0", "Button 3": "0", "Button 2": "0", "Button 1": "0", "Motion Flag": "0", "Retry Count": 0, "Reserved": "0", "IR ID": 0, "Version": 28, "Astar ID": 900, "LBI": 2938, "CMD3": "7a0b07", "Timestamp": "2025-05-16 12:44:28", "EKEY": 0, "LF Flag": 146}
2025-05-16 18:14:31 - Mismatch for 'Tag ID': Expected 17686523, Got 4213735
2025-05-16 18:14:31 - Mismatch for 'Button 3': Expected 1, Got 0
2025-05-16 18:14:31 - Validation failed with mismatches:
2025-05-16 18:14:31 - Key: Tag ID, Expected: 17686523, Actual: 4213735
2025-05-16 18:14:31 - Key: Button 3, Expected: 1, Actual: 0
2025-05-16 18:14:31 - {"Device Type": "Tag", "Tag ID": 8460071, "RSSI": "-41.00 dBm", "Monitor ID": 0, "CMD": 0, "Status Byte": "10000010", "Button 4": "1", "Button 3": "0", "Button 2": "0", "Button 1": "0", "Motion Flag": "0", "Retry Count": 1, "Reserved": "0", "IR ID": 0, "Version": 4, "Astar ID": 100, "LBI": 906, "CMD3": "920105", "Timestamp": "2025-05-16 12:44:28", "EKEY": 0, "LF Flag": 128}
2025-05-16 18:14:31 - Mismatch for 'Tag ID': Expected 17686523, Got 8460071
2025-05-16 18:14:31 - Mismatch for 'Button 4': Expected 0, Got 1
2025-05-16 18:14:31 - Mismatch for 'Button 3': Expected 1, Got 0
2025-05-16 18:14:31 - Validation failed with mismatches:
2025-05-16 18:14:31 - Key: Tag ID, Expected: 17686523, Actual: 8460071
2025-05-16 18:14:31 - Key: Button 4, Expected: 0, Actual: 1
2025-05-16 18:14:31 - Key: Button 3, Expected: 1, Actual: 0
2025-05-16 18:14:31 - {"Device Type": "Tag", "Tag ID": 17654874, "RSSI": "-84.00 dBm", "Monitor ID": 0, "CMD": 0, "Status Byte": "00000000", "Button 4": "0", "Button 3": "0", "Button 2": "0", "Button 1": "0", "Motion Flag": "0", "Retry Count": 0, "Reserved": "0", "IR ID": 0, "Version": 20, "Astar ID": 900, "LBI": 2804, "CMD3": "f40a07", "Timestamp": "2025-05-16 12:44:28", "EKEY": 0, "LF Flag": 146}
2025-05-16 18:14:31 - Mismatch for 'Tag ID': Expected 17686523, Got 17654874
2025-05-16 18:14:31 - Mismatch for 'Button 3': Expected 1, Got 0
2025-05-16 18:14:31 - Validation failed with mismatches:
2025-05-16 18:14:31 - Key: Tag ID, Expected: 17686523, Actual: 17654874
2025-05-16 18:14:31 - Key: Button 3, Expected: 1, Actual: 0
2025-05-16 18:14:31 - {"Device Type": "Tag", "Tag ID": 17654874, "RSSI": "-73.00 dBm", "Monitor ID": 0, "CMD": 0, "Status Byte": "00000000", "Button 4": "0", "Button 3": "0", "Button 2": "0", "Button 1": "0", "Motion Flag": "0", "Retry Count": 0, "Reserved": "0", "IR ID": 0, "Version": 20, "Astar ID": 900, "LBI": 2804, "CMD3": "f40a07", "Timestamp": "2025-05-16 12:44:28", "EKEY": 0, "LF Flag": 146}
2025-05-16 18:14:31 - Mismatch for 'Tag ID': Expected 17686523, Got 17654874
2025-05-16 18:14:31 - Mismatch for 'Button 3': Expected 1, Got 0
2025-05-16 18:14:31 - Validation failed with mismatches:
2025-05-16 18:14:31 - Key: Tag ID, Expected: 17686523, Actual: 17654874
2025-05-16 18:14:31 - Key: Button 3, Expected: 1, Actual: 0
2025-05-16 18:14:31 - {"Device Type": "Tag", "Tag ID": 8448827, "RSSI": "-71.00 dBm", "Monitor ID": 0, "CMD": 0, "Status Byte": "00000010", "Button 4": "0", "Button 3": "0", "Button 2": "0", "Button 1": "0", "Motion Flag": "0", "Retry Count": 1, "Reserved": "0", "IR ID": 0, "Version": 21, "Astar ID": 100, "LBI": 3678, "CMD3": "5e0e07", "Timestamp": "2025-05-16 12:44:28", "EKEY": 0, "LF Flag": 138}
2025-05-16 18:14:31 - Mismatch for 'Tag ID': Expected 17686523, Got 8448827
2025-05-16 18:14:31 - Mismatch for 'Button 3': Expected 1, Got 0
2025-05-16 18:14:31 - Validation failed with mismatches:
2025-05-16 18:14:31 - Key: Tag ID, Expected: 17686523, Actual: 8448827
2025-05-16 18:14:31 - Key: Button 3, Expected: 1, Actual: 0
2025-05-16 18:14:31 - {"Device Type": "Tag", "Tag ID": 17654874, "RSSI": "-84.00 dBm", "Monitor ID": 0, "CMD": 0, "Status Byte": "00000000", "Button 4": "0", "Button 3": "0", "Button 2": "0", "Button 1": "0", "Motion Flag": "0", "Retry Count": 0, "Reserved": "0", "IR ID": 0, "Version": 20, "Astar ID": 900, "LBI": 2804, "CMD3": "f40a07", "Timestamp": "2025-05-16 12:44:28", "EKEY": 0, "LF Flag": 146}
2025-05-16 18:14:31 - Mismatch for 'Tag ID': Expected 17686523, Got 17654874
2025-05-16 18:14:31 - Mismatch for 'Button 3': Expected 1, Got 0
2025-05-16 18:14:31 - Validation failed with mismatches:
2025-05-16 18:14:31 - Key: Tag ID, Expected: 17686523, Actual: 17654874
2025-05-16 18:14:31 - Key: Button 3, Expected: 1, Actual: 0
2025-05-16 18:14:31 - {"Device Type": "Tag", "Tag ID": 17656236, "RSSI": "-84.00 dBm", "Monitor ID": 0, "CMD": 0, "Status Byte": "00000000", "Button 4": "0", "Button 3": "0", "Button 2": "0", "Button 1": "0", "Motion Flag": "0", "Retry Count": 0, "Reserved": "0", "IR ID": 0, "Version": 20, "Astar ID": 900, "LBI": 2828, "CMD3": "0c0b07", "Timestamp": "2025-05-16 12:44:28", "EKEY": 0, "LF Flag": 146}
2025-05-16 18:14:31 - Mismatch for 'Tag ID': Expected 17686523, Got 17656236
2025-05-16 18:14:31 - Mismatch for 'Button 3': Expected 1, Got 0
2025-05-16 18:14:31 - Validation failed with mismatches:
2025-05-16 18:14:31 - Key: Tag ID, Expected: 17686523, Actual: 17656236
2025-05-16 18:14:31 - Key: Button 3, Expected: 1, Actual: 0
2025-05-16 18:14:31 - {"Device Type": "Tag", "Tag ID": 9335692, "RSSI": "-41.00 dBm", "Monitor ID": 0, "CMD": 0, "Status Byte": "00000000", "Button 4": "0", "Button 3": "0", "Button 2": "0", "Button 1": "0", "Motion Flag": "0", "Retry Count": 0, "Reserved": "0", "IR ID": 0, "Version": 109, "Astar ID": 900, "LBI": 830, "CMD3": "3e0b07", "Timestamp": "2025-05-16 12:44:28", "EKEY": 0, "LF Flag": 144}
2025-05-16 18:14:31 - Mismatch for 'Tag ID': Expected 17686523, Got 9335692
2025-05-16 18:14:31 - Mismatch for 'Button 3': Expected 1, Got 0
2025-05-16 18:14:31 - Validation failed with mismatches:
2025-05-16 18:14:31 - Key: Tag ID, Expected: 17686523, Actual: 9335692
2025-05-16 18:14:31 - Key: Button 3, Expected: 1, Actual: 0
2025-05-16 18:14:31 - {"Device Type": "Tag", "Tag ID": 17655929, "RSSI": "-90.00 dBm", "Monitor ID": 0, "CMD": 0, "Status Byte": "00000000", "Button 4": "0", "Button 3": "0", "Button 2": "0", "Button 1": "0", "Motion Flag": "0", "Retry Count": 0, "Reserved": "0", "IR ID": 0, "Version": 22, "Astar ID": 900, "LBI": 2851, "CMD3": "230b07", "Timestamp": "2025-05-16 12:44:28", "EKEY": 0, "LF Flag": 146}
2025-05-16 18:14:31 - Mismatch for 'Tag ID': Expected 17686523, Got 17655929
2025-05-16 18:14:31 - Mismatch for 'Button 3': Expected 1, Got 0
2025-05-16 18:14:31 - Validation failed with mismatches:
2025-05-16 18:14:31 - Key: Tag ID, Expected: 17686523, Actual: 17655929
2025-05-16 18:14:31 - Key: Button 3, Expected: 1, Actual: 0
2025-05-16 18:14:31 - {"Device Type": "Tag", "Tag ID": 4201991, "RSSI": "-67.00 dBm", "Monitor ID": 0, "CMD": 0, "Status Byte": "00000000", "Button 4": "0", "Button 3": "0", "Button 2": "0", "Button 1": "0", "Motion Flag": "0", "Retry Count": 0, "Reserved": "0", "IR ID": 0, "Version": 28, "Astar ID": 900, "LBI": 2903, "CMD3": "570b07", "Timestamp": "2025-05-16 12:44:28", "EKEY": 0, "LF Flag": 146}
2025-05-16 18:14:31 - Mismatch for 'Tag ID': Expected 17686523, Got 4201991
2025-05-16 18:14:31 - Mismatch for 'Button 3': Expected 1, Got 0
2025-05-16 18:14:31 - Validation failed with mismatches:
2025-05-16 18:14:31 - Key: Tag ID, Expected: 17686523, Actual: 4201991
2025-05-16 18:14:31 - Key: Button 3, Expected: 1, Actual: 0
2025-05-16 18:14:31 - {"Device Type": "Tag", "Tag ID": 4201991, "RSSI": "-70.00 dBm", "Monitor ID": 0, "CMD": 0, "Status Byte": "00000000", "Button 4": "0", "Button 3": "0", "Button 2": "0", "Button 1": "0", "Motion Flag": "0", "Retry Count": 0, "Reserved": "0", "IR ID": 0, "Version": 28, "Astar ID": 900, "LBI": 2903, "CMD3": "570b07", "Timestamp": "2025-05-16 12:44:28", "EKEY": 0, "LF Flag": 146}
2025-05-16 18:14:31 - Mismatch for 'Tag ID': Expected 17686523, Got 4201991
2025-05-16 18:14:31 - Mismatch for 'Button 3': Expected 1, Got 0
2025-05-16 18:14:31 - Validation failed with mismatches:
2025-05-16 18:14:31 - Key: Tag ID, Expected: 17686523, Actual: 4201991
2025-05-16 18:14:31 - Key: Button 3, Expected: 1, Actual: 0
2025-05-16 18:14:31 - {"Device Type": "Tag", "Tag ID": 4201991, "RSSI": "-70.00 dBm", "Monitor ID": 0, "CMD": 0, "Status Byte": "00000000", "Button 4": "0", "Button 3": "0", "Button 2": "0", "Button 1": "0", "Motion Flag": "0", "Retry Count": 0, "Reserved": "0", "IR ID": 0, "Version": 28, "Astar ID": 900, "LBI": 2903, "CMD3": "570b07", "Timestamp": "2025-05-16 12:44:28", "EKEY": 0, "LF Flag": 146}
2025-05-16 18:14:31 - Mismatch for 'Tag ID': Expected 17686523, Got 4201991
2025-05-16 18:14:31 - Mismatch for 'Button 3': Expected 1, Got 0
2025-05-16 18:14:31 - Validation failed with mismatches:
2025-05-16 18:14:31 - Key: Tag ID, Expected: 17686523, Actual: 4201991
2025-05-16 18:14:31 - Key: Button 3, Expected: 1, Actual: 0
2025-05-16 18:14:31 - {"Device Type": "Tag", "Tag ID": 4201991, "RSSI": "-67.00 dBm", "Monitor ID": 0, "CMD": 0, "Status Byte": "00000000", "Button 4": "0", "Button 3": "0", "Button 2": "0", "Button 1": "0", "Motion Flag": "0", "Retry Count": 0, "Reserved": "0", "IR ID": 0, "Version": 28, "Astar ID": 900, "LBI": 2903, "CMD3": "570b07", "Timestamp": "2025-05-16 12:44:28", "EKEY": 0, "LF Flag": 146}
2025-05-16 18:14:31 - Mismatch for 'Tag ID': Expected 17686523, Got 4201991
2025-05-16 18:14:31 - Mismatch for 'Button 3': Expected 1, Got 0
2025-05-16 18:14:31 - Validation failed with mismatches:
2025-05-16 18:14:31 - Key: Tag ID, Expected: 17686523, Actual: 4201991
2025-05-16 18:14:31 - Key: Button 3, Expected: 1, Actual: 0
2025-05-16 18:14:31 - {"Device Type": "Tag", "Tag ID": 4201991, "RSSI": "-67.00 dBm", "Monitor ID": 0, "CMD": 0, "Status Byte": "00000000", "Button 4": "0", "Button 3": "0", "Button 2": "0", "Button 1": "0", "Motion Flag": "0", "Retry Count": 0, "Reserved": "0", "IR ID": 0, "Version": 28, "Astar ID": 900, "LBI": 2903, "CMD3": "570b07", "Timestamp": "2025-05-16 12:44:28", "EKEY": 0, "LF Flag": 146}
2025-05-16 18:14:31 - Mismatch for 'Tag ID': Expected 17686523, Got 4201991
2025-05-16 18:14:31 - Mismatch for 'Button 3': Expected 1, Got 0
2025-05-16 18:14:31 - Validation failed with mismatches:
2025-05-16 18:14:31 - Key: Tag ID, Expected: 17686523, Actual: 4201991
2025-05-16 18:14:31 - Key: Button 3, Expected: 1, Actual: 0
2025-05-16 18:14:31 - {"Device Type": "Tag", "Tag ID": 4201991, "RSSI": "-67.00 dBm", "Monitor ID": 0, "CMD": 0, "Status Byte": "00000000", "Button 4": "0", "Button 3": "0", "Button 2": "0", "Button 1": "0", "Motion Flag": "0", "Retry Count": 0, "Reserved": "0", "IR ID": 0, "Version": 28, "Astar ID": 900, "LBI": 2903, "CMD3": "570b07", "Timestamp": "2025-05-16 12:44:28", "EKEY": 0, "LF Flag": 146}
2025-05-16 18:14:31 - Mismatch for 'Tag ID': Expected 17686523, Got 4201991
2025-05-16 18:14:31 - Mismatch for 'Button 3': Expected 1, Got 0
2025-05-16 18:14:31 - Validation failed with mismatches:
2025-05-16 18:14:31 - Key: Tag ID, Expected: 17686523, Actual: 4201991
2025-05-16 18:14:31 - Key: Button 3, Expected: 1, Actual: 0
2025-05-16 18:14:31 - {"Device Type": "Tag", "Tag ID": 4201991, "RSSI": "-67.00 dBm", "Monitor ID": 0, "CMD": 0, "Status Byte": "00000000", "Button 4": "0", "Button 3": "0", "Button 2": "0", "Button 1": "0", "Motion Flag": "0", "Retry Count": 0, "Reserved": "0", "IR ID": 0, "Version": 28, "Astar ID": 900, "LBI": 2903, "CMD3": "570b07", "Timestamp": "2025-05-16 12:44:28", "EKEY": 0, "LF Flag": 146}
2025-05-16 18:14:31 - Mismatch for 'Tag ID': Expected 17686523, Got 4201991
2025-05-16 18:14:31 - Mismatch for 'Button 3': Expected 1, Got 0
2025-05-16 18:14:31 - Validation failed with mismatches:
2025-05-16 18:14:31 - Key: Tag ID, Expected: 17686523, Actual: 4201991
2025-05-16 18:14:31 - Key: Button 3, Expected: 1, Actual: 0
2025-05-16 18:14:31 - {"Device Type": "Tag", "Tag ID": 4201991, "RSSI": "-67.00 dBm", "Monitor ID": 0, "CMD": 0, "Status Byte": "00000000", "Button 4": "0", "Button 3": "0", "Button 2": "0", "Button 1": "0", "Motion Flag": "0", "Retry Count": 0, "Reserved": "0", "IR ID": 0, "Version": 28, "Astar ID": 900, "LBI": 2903, "CMD3": "570b07", "Timestamp": "2025-05-16 12:44:28", "EKEY": 0, "LF Flag": 146}
2025-05-16 18:14:31 - Mismatch for 'Tag ID': Expected 17686523, Got 4201991
2025-05-16 18:14:31 - Mismatch for 'Button 3': Expected 1, Got 0
2025-05-16 18:14:31 - Validation failed with mismatches:
2025-05-16 18:14:31 - Key: Tag ID, Expected: 17686523, Actual: 4201991
2025-05-16 18:14:31 - Key: Button 3, Expected: 1, Actual: 0
2025-05-16 18:14:31 - {"Device Type": "Tag", "Tag ID": 4213846, "RSSI": "-88.00 dBm", "Monitor ID": 0, "CMD": 0, "Status Byte": "00000000", "Button 4": "0", "Button 3": "0", "Button 2": "0", "Button 1": "0", "Motion Flag": "0", "Retry Count": 0, "Reserved": "0", "IR ID": 0, "Version": 28, "Astar ID": 900, "LBI": 2916, "CMD3": "640b07", "Timestamp": "2025-05-16 12:44:28", "EKEY": 0, "LF Flag": 146}
2025-05-16 18:14:31 - Mismatch for 'Tag ID': Expected 17686523, Got 4213846
2025-05-16 18:14:31 - Mismatch for 'Button 3': Expected 1, Got 0
2025-05-16 18:14:31 - Validation failed with mismatches:
2025-05-16 18:14:31 - Key: Tag ID, Expected: 17686523, Actual: 4213846
2025-05-16 18:14:31 - Key: Button 3, Expected: 1, Actual: 0
2025-05-16 18:14:31 - {"Device Type": "Tag", "Tag ID": 4212701, "RSSI": "-94.00 dBm", "Monitor ID": 0, "CMD": 0, "Status Byte": "00000000", "Button 4": "0", "Button 3": "0", "Button 2": "0", "Button 1": "0", "Motion Flag": "0", "Retry Count": 0, "Reserved": "0", "IR ID": 0, "Version": 28, "Astar ID": 900, "LBI": 2939, "CMD3": "7b0b07", "Timestamp": "2025-05-16 12:44:28", "EKEY": 0, "LF Flag": 146}
2025-05-16 18:14:31 - Mismatch for 'Tag ID': Expected 17686523, Got 4212701
2025-05-16 18:14:31 - Mismatch for 'Button 3': Expected 1, Got 0
2025-05-16 18:14:31 - Validation failed with mismatches:
2025-05-16 18:14:31 - Key: Tag ID, Expected: 17686523, Actual: 4212701
2025-05-16 18:14:31 - Key: Button 3, Expected: 1, Actual: 0
2025-05-16 18:14:31 - {"Device Type": "Tag", "Tag ID": 4201991, "RSSI": "-67.00 dBm", "Monitor ID": 0, "CMD": 0, "Status Byte": "00000000", "Button 4": "0", "Button 3": "0", "Button 2": "0", "Button 1": "0", "Motion Flag": "0", "Retry Count": 0, "Reserved": "0", "IR ID": 0, "Version": 28, "Astar ID": 900, "LBI": 2903, "CMD3": "570b07", "Timestamp": "2025-05-16 12:44:28", "EKEY": 0, "LF Flag": 146}
2025-05-16 18:14:31 - Mismatch for 'Tag ID': Expected 17686523, Got 4201991
2025-05-16 18:14:31 - Mismatch for 'Button 3': Expected 1, Got 0
2025-05-16 18:14:31 - Validation failed with mismatches:
2025-05-16 18:14:31 - Key: Tag ID, Expected: 17686523, Actual: 4201991
2025-05-16 18:14:31 - Key: Button 3, Expected: 1, Actual: 0
2025-05-16 18:14:31 - {"Device Type": "Tag", "Tag ID": 17629993, "RSSI": "-71.00 dBm", "Monitor ID": 0, "CMD": 0, "Status Byte": "00000000", "Button 4": "0", "Button 3": "0", "Button 2": "0", "Button 1": "0", "Motion Flag": "0", "Retry Count": 0, "Reserved": "0", "IR ID": 0, "Version": 27, "Astar ID": 900, "LBI": 2929, "CMD3": "710b07", "Timestamp": "2025-05-16 12:44:28", "EKEY": 0, "LF Flag": 146}
2025-05-16 18:14:31 - Mismatch for 'Tag ID': Expected 17686523, Got 17629993
2025-05-16 18:14:31 - Mismatch for 'Button 3': Expected 1, Got 0
2025-05-16 18:14:31 - Validation failed with mismatches:
2025-05-16 18:14:31 - Key: Tag ID, Expected: 17686523, Actual: 17629993
2025-05-16 18:14:31 - Key: Button 3, Expected: 1, Actual: 0
2025-05-16 18:14:31 - {"Device Type": "Tag", "Tag ID": 4201991, "RSSI": "-67.00 dBm", "Monitor ID": 0, "CMD": 0, "Status Byte": "00000000", "Button 4": "0", "Button 3": "0", "Button 2": "0", "Button 1": "0", "Motion Flag": "0", "Retry Count": 0, "Reserved": "0", "IR ID": 0, "Version": 28, "Astar ID": 900, "LBI": 2903, "CMD3": "570b07", "Timestamp": "2025-05-16 12:44:28", "EKEY": 0, "LF Flag": 146}
2025-05-16 18:14:31 - Mismatch for 'Tag ID': Expected 17686523, Got 4201991
2025-05-16 18:14:31 - Mismatch for 'Button 3': Expected 1, Got 0
2025-05-16 18:14:31 - Validation failed with mismatches:
2025-05-16 18:14:31 - Key: Tag ID, Expected: 17686523, Actual: 4201991
2025-05-16 18:14:31 - Key: Button 3, Expected: 1, Actual: 0
2025-05-16 18:14:31 - {"Device Type": "Tag", "Tag ID": 17658370, "RSSI": "-80.00 dBm", "Monitor ID": 0, "CMD": 0, "Status Byte": "00000000", "Button 4": "0", "Button 3": "0", "Button 2": "0", "Button 1": "0", "Motion Flag": "0", "Retry Count": 0, "Reserved": "0", "IR ID": 0, "Version": 23, "Astar ID": 900, "LBI": 2878, "CMD3": "3e0b07", "Timestamp": "2025-05-16 12:44:28", "EKEY": 0, "LF Flag": 146}
2025-05-16 18:14:31 - Mismatch for 'Tag ID': Expected 17686523, Got 17658370
2025-05-16 18:14:31 - Mismatch for 'Button 3': Expected 1, Got 0
2025-05-16 18:14:31 - Validation failed with mismatches:
2025-05-16 18:14:31 - Key: Tag ID, Expected: 17686523, Actual: 17658370
2025-05-16 18:14:31 - Key: Button 3, Expected: 1, Actual: 0
2025-05-16 18:14:31 - {"Device Type": "Tag", "Tag ID": 17658370, "RSSI": "-80.00 dBm", "Monitor ID": 0, "CMD": 0, "Status Byte": "00000000", "Button 4": "0", "Button 3": "0", "Button 2": "0", "Button 1": "0", "Motion Flag": "0", "Retry Count": 0, "Reserved": "0", "IR ID": 0, "Version": 23, "Astar ID": 900, "LBI": 2878, "CMD3": "3e0b07", "Timestamp": "2025-05-16 12:44:29", "EKEY": 0, "LF Flag": 146}
2025-05-16 18:14:31 - Mismatch for 'Tag ID': Expected 17686523, Got 17658370
2025-05-16 18:14:31 - Mismatch for 'Button 3': Expected 1, Got 0
2025-05-16 18:14:31 - Validation failed with mismatches:
2025-05-16 18:14:31 - Key: Tag ID, Expected: 17686523, Actual: 17658370
2025-05-16 18:14:31 - Key: Button 3, Expected: 1, Actual: 0
2025-05-16 18:14:31 - {"Device Type": "Tag", "Tag ID": 17658370, "RSSI": "-80.00 dBm", "Monitor ID": 0, "CMD": 0, "Status Byte": "00000000", "Button 4": "0", "Button 3": "0", "Button 2": "0", "Button 1": "0", "Motion Flag": "0", "Retry Count": 0, "Reserved": "0", "IR ID": 0, "Version": 23, "Astar ID": 900, "LBI": 2878, "CMD3": "3e0b07", "Timestamp": "2025-05-16 12:44:29", "EKEY": 0, "LF Flag": 146}
2025-05-16 18:14:31 - Mismatch for 'Tag ID': Expected 17686523, Got 17658370
2025-05-16 18:14:31 - Mismatch for 'Button 3': Expected 1, Got 0
2025-05-16 18:14:31 - Validation failed with mismatches:
2025-05-16 18:14:31 - Key: Tag ID, Expected: 17686523, Actual: 17658370
2025-05-16 18:14:31 - Key: Button 3, Expected: 1, Actual: 0
2025-05-16 18:14:31 - {"Device Type": "Tag", "Tag ID": 17658370, "RSSI": "-80.00 dBm", "Monitor ID": 0, "CMD": 0, "Status Byte": "00000000", "Button 4": "0", "Button 3": "0", "Button 2": "0", "Button 1": "0", "Motion Flag": "0", "Retry Count": 0, "Reserved": "0", "IR ID": 0, "Version": 23, "Astar ID": 900, "LBI": 2878, "CMD3": "3e0b07", "Timestamp": "2025-05-16 12:44:29", "EKEY": 0, "LF Flag": 146}
2025-05-16 18:14:31 - Mismatch for 'Tag ID': Expected 17686523, Got 17658370
2025-05-16 18:14:31 - Mismatch for 'Button 3': Expected 1, Got 0
2025-05-16 18:14:31 - Validation failed with mismatches:
2025-05-16 18:14:31 - Key: Tag ID, Expected: 17686523, Actual: 17658370
2025-05-16 18:14:31 - Key: Button 3, Expected: 1, Actual: 0
2025-05-16 18:14:31 - {"Device Type": "Tag", "Tag ID": 17657157, "RSSI": "-75.00 dBm", "Monitor ID": 0, "CMD": 0, "Status Byte": "00000000", "Button 4": "0", "Button 3": "0", "Button 2": "0", "Button 1": "0", "Motion Flag": "0", "Retry Count": 0, "Reserved": "0", "IR ID": 0, "Version": 26, "Astar ID": 900, "LBI": 2751, "CMD3": "bf0a07", "Timestamp": "2025-05-16 12:44:29", "EKEY": 0, "LF Flag": 146}
2025-05-16 18:14:31 - Mismatch for 'Tag ID': Expected 17686523, Got 17657157
2025-05-16 18:14:31 - Mismatch for 'Button 3': Expected 1, Got 0
2025-05-16 18:14:31 - Validation failed with mismatches:
2025-05-16 18:14:31 - Key: Tag ID, Expected: 17686523, Actual: 17657157
2025-05-16 18:14:31 - Key: Button 3, Expected: 1, Actual: 0
2025-05-16 18:14:31 - {"Device Type": "Tag", "Tag ID": 4213816, "RSSI": "-89.00 dBm", "Monitor ID": 0, "CMD": 0, "Status Byte": "00000000", "Button 4": "0", "Button 3": "0", "Button 2": "0", "Button 1": "0", "Motion Flag": "0", "Retry Count": 0, "Reserved": "0", "IR ID": 0, "Version": 28, "Astar ID": 900, "LBI": 2931, "CMD3": "730b07", "Timestamp": "2025-05-16 12:44:29", "EKEY": 0, "LF Flag": 146}
2025-05-16 18:14:31 - Mismatch for 'Tag ID': Expected 17686523, Got 4213816
2025-05-16 18:14:31 - Mismatch for 'Button 3': Expected 1, Got 0
2025-05-16 18:14:31 - Validation failed with mismatches:
2025-05-16 18:14:31 - Key: Tag ID, Expected: 17686523, Actual: 4213816
2025-05-16 18:14:31 - Key: Button 3, Expected: 1, Actual: 0
2025-05-16 18:14:31 - {"Device Type": "Tag", "Tag ID": 17655929, "RSSI": "-90.00 dBm", "Monitor ID": 0, "CMD": 0, "Status Byte": "00000000", "Button 4": "0", "Button 3": "0", "Button 2": "0", "Button 1": "0", "Motion Flag": "0", "Retry Count": 0, "Reserved": "0", "IR ID": 0, "Version": 22, "Astar ID": 900, "LBI": 2851, "CMD3": "230b07", "Timestamp": "2025-05-16 12:44:29", "EKEY": 0, "LF Flag": 146}
2025-05-16 18:14:31 - Mismatch for 'Tag ID': Expected 17686523, Got 17655929
2025-05-16 18:14:31 - Mismatch for 'Button 3': Expected 1, Got 0
2025-05-16 18:14:31 - Validation failed with mismatches:
2025-05-16 18:14:31 - Key: Tag ID, Expected: 17686523, Actual: 17655929
2025-05-16 18:14:31 - Key: Button 3, Expected: 1, Actual: 0
2025-05-16 18:14:31 - {"Device Type": "Tag", "Tag ID": 4212071, "RSSI": "-71.00 dBm", "Monitor ID": 0, "CMD": 0, "Status Byte": "00000000", "Button 4": "0", "Button 3": "0", "Button 2": "0", "Button 1": "0", "Motion Flag": "0", "Retry Count": 0, "Reserved": "0", "IR ID": 0, "Version": 28, "Astar ID": 900, "LBI": 2980, "CMD3": "a40b07", "Timestamp": "2025-05-16 12:44:29", "EKEY": 0, "LF Flag": 146}
2025-05-16 18:14:31 - Mismatch for 'Tag ID': Expected 17686523, Got 4212071
2025-05-16 18:14:31 - Mismatch for 'Button 3': Expected 1, Got 0
2025-05-16 18:14:31 - Validation failed with mismatches:
2025-05-16 18:14:31 - Key: Tag ID, Expected: 17686523, Actual: 4212071
2025-05-16 18:14:31 - Key: Button 3, Expected: 1, Actual: 0
2025-05-16 18:14:31 - {"Device Type": "Tag", "Tag ID": 4213846, "RSSI": "-88.00 dBm", "Monitor ID": 0, "CMD": 0, "Status Byte": "00000000", "Button 4": "0", "Button 3": "0", "Button 2": "0", "Button 1": "0", "Motion Flag": "0", "Retry Count": 0, "Reserved": "0", "IR ID": 0, "Version": 28, "Astar ID": 900, "LBI": 2916, "CMD3": "640b07", "Timestamp": "2025-05-16 12:44:29", "EKEY": 0, "LF Flag": 146}
2025-05-16 18:14:31 - Mismatch for 'Tag ID': Expected 17686523, Got 4213846
2025-05-16 18:14:31 - Mismatch for 'Button 3': Expected 1, Got 0
2025-05-16 18:14:31 - Validation failed with mismatches:
2025-05-16 18:14:31 - Key: Tag ID, Expected: 17686523, Actual: 4213846
2025-05-16 18:14:31 - Key: Button 3, Expected: 1, Actual: 0
2025-05-16 18:14:31 - {"Device Type": "Tag", "Tag ID": 4213846, "RSSI": "-91.00 dBm", "Monitor ID": 0, "CMD": 0, "Status Byte": "00000000", "Button 4": "0", "Button 3": "0", "Button 2": "0", "Button 1": "0", "Motion Flag": "0", "Retry Count": 0, "Reserved": "0", "IR ID": 0, "Version": 28, "Astar ID": 900, "LBI": 2916, "CMD3": "640b07", "Timestamp": "2025-05-16 12:44:29", "EKEY": 0, "LF Flag": 146}
2025-05-16 18:14:31 - Mismatch for 'Tag ID': Expected 17686523, Got 4213846
2025-05-16 18:14:31 - Mismatch for 'Button 3': Expected 1, Got 0
2025-05-16 18:14:31 - Validation failed with mismatches:
2025-05-16 18:14:31 - Key: Tag ID, Expected: 17686523, Actual: 4213846
2025-05-16 18:14:31 - Key: Button 3, Expected: 1, Actual: 0
2025-05-16 18:14:31 - {"Device Type": "Tag", "Tag ID": 17654750, "RSSI": "-85.00 dBm", "Monitor ID": 0, "CMD": 0, "Status Byte": "00000000", "Button 4": "0", "Button 3": "0", "Button 2": "0", "Button 1": "0", "Motion Flag": "0", "Retry Count": 0, "Reserved": "0", "IR ID": 0, "Version": 20, "Astar ID": 900, "LBI": 2828, "CMD3": "0c0b07", "Timestamp": "2025-05-16 12:44:29", "EKEY": 0, "LF Flag": 146}
2025-05-16 18:14:31 - Mismatch for 'Tag ID': Expected 17686523, Got 17654750
2025-05-16 18:14:31 - Mismatch for 'Button 3': Expected 1, Got 0
2025-05-16 18:14:31 - Validation failed with mismatches:
2025-05-16 18:14:31 - Key: Tag ID, Expected: 17686523, Actual: 17654750
2025-05-16 18:14:31 - Key: Button 3, Expected: 1, Actual: 0
2025-05-16 18:14:31 - {"Device Type": "Tag", "Tag ID": 17654750, "RSSI": "-85.00 dBm", "Monitor ID": 0, "CMD": 0, "Status Byte": "00000000", "Button 4": "0", "Button 3": "0", "Button 2": "0", "Button 1": "0", "Motion Flag": "0", "Retry Count": 0, "Reserved": "0", "IR ID": 0, "Version": 20, "Astar ID": 900, "LBI": 2828, "CMD3": "0c0b07", "Timestamp": "2025-05-16 12:44:29", "EKEY": 0, "LF Flag": 146}
2025-05-16 18:14:31 - Mismatch for 'Tag ID': Expected 17686523, Got 17654750
2025-05-16 18:14:31 - Mismatch for 'Button 3': Expected 1, Got 0
2025-05-16 18:14:31 - Validation failed with mismatches:
2025-05-16 18:14:31 - Key: Tag ID, Expected: 17686523, Actual: 17654750
2025-05-16 18:14:31 - Key: Button 3, Expected: 1, Actual: 0
2025-05-16 18:14:31 - {"Device Type": "Tag", "Tag ID": 4213072, "RSSI": "-66.00 dBm", "Monitor ID": 0, "CMD": 0, "Status Byte": "00000000", "Button 4": "0", "Button 3": "0", "Button 2": "0", "Button 1": "0", "Motion Flag": "0", "Retry Count": 0, "Reserved": "0", "IR ID": 0, "Version": 28, "Astar ID": 900, "LBI": 2975, "CMD3": "9f0b07", "Timestamp": "2025-05-16 12:44:29", "EKEY": 0, "LF Flag": 146}
2025-05-16 18:14:31 - Mismatch for 'Tag ID': Expected 17686523, Got 4213072
2025-05-16 18:14:31 - Mismatch for 'Button 3': Expected 1, Got 0
2025-05-16 18:14:31 - Validation failed with mismatches:
2025-05-16 18:14:31 - Key: Tag ID, Expected: 17686523, Actual: 4213072
2025-05-16 18:14:31 - Key: Button 3, Expected: 1, Actual: 0
2025-05-16 18:14:31 - {"Device Type": "Tag", "Tag ID": 4213072, "RSSI": "-66.00 dBm", "Monitor ID": 0, "CMD": 0, "Status Byte": "00000000", "Button 4": "0", "Button 3": "0", "Button 2": "0", "Button 1": "0", "Motion Flag": "0", "Retry Count": 0, "Reserved": "0", "IR ID": 0, "Version": 28, "Astar ID": 900, "LBI": 2975, "CMD3": "9f0b07", "Timestamp": "2025-05-16 12:44:29", "EKEY": 0, "LF Flag": 146}
2025-05-16 18:14:31 - Mismatch for 'Tag ID': Expected 17686523, Got 4213072
2025-05-16 18:14:31 - Mismatch for 'Button 3': Expected 1, Got 0
2025-05-16 18:14:31 - Validation failed with mismatches:
2025-05-16 18:14:31 - Key: Tag ID, Expected: 17686523, Actual: 4213072
2025-05-16 18:14:31 - Key: Button 3, Expected: 1, Actual: 0
2025-05-16 18:14:31 - {"Device Type": "Tag", "Tag ID": 4213072, "RSSI": "-61.00 dBm", "Monitor ID": 0, "CMD": 0, "Status Byte": "00000000", "Button 4": "0", "Button 3": "0", "Button 2": "0", "Button 1": "0", "Motion Flag": "0", "Retry Count": 0, "Reserved": "0", "IR ID": 0, "Version": 28, "Astar ID": 900, "LBI": 2975, "CMD3": "9f0b07", "Timestamp": "2025-05-16 12:44:29", "EKEY": 0, "LF Flag": 146}
2025-05-16 18:14:31 - Mismatch for 'Tag ID': Expected 17686523, Got 4213072
2025-05-16 18:14:31 - Mismatch for 'Button 3': Expected 1, Got 0
2025-05-16 18:14:31 - Validation failed with mismatches:
2025-05-16 18:14:31 - Key: Tag ID, Expected: 17686523, Actual: 4213072
2025-05-16 18:14:31 - Key: Button 3, Expected: 1, Actual: 0
2025-05-16 18:14:31 - {"Device Type": "Tag", "Tag ID": 17657962, "RSSI": "-71.00 dBm", "Monitor ID": 0, "CMD": 0, "Status Byte": "00000000", "Button 4": "0", "Button 3": "0", "Button 2": "0", "Button 1": "0", "Motion Flag": "0", "Retry Count": 0, "Reserved": "0", "IR ID": 0, "Version": 26, "Astar ID": 900, "LBI": 2633, "CMD3": "490a07", "Timestamp": "2025-05-16 12:44:29", "EKEY": 0, "LF Flag": 146}
2025-05-16 18:14:31 - Mismatch for 'Tag ID': Expected 17686523, Got 17657962
2025-05-16 18:14:31 - Mismatch for 'Button 3': Expected 1, Got 0
2025-05-16 18:14:31 - Validation failed with mismatches:
2025-05-16 18:14:31 - Key: Tag ID, Expected: 17686523, Actual: 17657962
2025-05-16 18:14:31 - Key: Button 3, Expected: 1, Actual: 0
2025-05-16 18:14:31 - {"Device Type": "Tag", "Tag ID": 17655169, "RSSI": "-85.00 dBm", "Monitor ID": 0, "CMD": 0, "Status Byte": "00000000", "Button 4": "0", "Button 3": "0", "Button 2": "0", "Button 1": "0", "Motion Flag": "0", "Retry Count": 0, "Reserved": "0", "IR ID": 0, "Version": 20, "Astar ID": 900, "LBI": 2847, "CMD3": "1f0b07", "Timestamp": "2025-05-16 12:44:29", "EKEY": 0, "LF Flag": 146}
2025-05-16 18:14:31 - Mismatch for 'Tag ID': Expected 17686523, Got 17655169
2025-05-16 18:14:31 - Mismatch for 'Button 3': Expected 1, Got 0
2025-05-16 18:14:31 - Validation failed with mismatches:
2025-05-16 18:14:31 - Key: Tag ID, Expected: 17686523, Actual: 17655169
2025-05-16 18:14:31 - Key: Button 3, Expected: 1, Actual: 0
2025-05-16 18:14:31 - {"Device Type": "Tag", "Tag ID": 17654619, "RSSI": "-81.00 dBm", "Monitor ID": 0, "CMD": 0, "Status Byte": "00000000", "Button 4": "0", "Button 3": "0", "Button 2": "0", "Button 1": "0", "Motion Flag": "0", "Retry Count": 0, "Reserved": "0", "IR ID": 0, "Version": 20, "Astar ID": 900, "LBI": 2855, "CMD3": "270b07", "Timestamp": "2025-05-16 12:44:29", "EKEY": 0, "LF Flag": 146}
2025-05-16 18:14:31 - Mismatch for 'Tag ID': Expected 17686523, Got 17654619
2025-05-16 18:14:31 - Mismatch for 'Button 3': Expected 1, Got 0
2025-05-16 18:14:31 - Validation failed with mismatches:
2025-05-16 18:14:31 - Key: Tag ID, Expected: 17686523, Actual: 17654619
2025-05-16 18:14:31 - Key: Button 3, Expected: 1, Actual: 0
2025-05-16 18:14:31 - {"Device Type": "Tag", "Tag ID": 17658370, "RSSI": "-80.00 dBm", "Monitor ID": 0, "CMD": 0, "Status Byte": "00000000", "Button 4": "0", "Button 3": "0", "Button 2": "0", "Button 1": "0", "Motion Flag": "0", "Retry Count": 0, "Reserved": "0", "IR ID": 0, "Version": 23, "Astar ID": 900, "LBI": 2878, "CMD3": "3e0b07", "Timestamp": "2025-05-16 12:44:29", "EKEY": 0, "LF Flag": 146}
2025-05-16 18:14:31 - Mismatch for 'Tag ID': Expected 17686523, Got 17658370
2025-05-16 18:14:31 - Mismatch for 'Button 3': Expected 1, Got 0
2025-05-16 18:14:31 - Validation failed with mismatches:
2025-05-16 18:14:31 - Key: Tag ID, Expected: 17686523, Actual: 17658370
2025-05-16 18:14:31 - Key: Button 3, Expected: 1, Actual: 0
2025-05-16 18:14:31 - {"Device Type": "Tag", "Tag ID": 17657108, "RSSI": "-85.00 dBm", "Monitor ID": 0, "CMD": 0, "Status Byte": "00000000", "Button 4": "0", "Button 3": "0", "Button 2": "0", "Button 1": "0", "Motion Flag": "0", "Retry Count": 0, "Reserved": "0", "IR ID": 0, "Version": 23, "Astar ID": 900, "LBI": 2871, "CMD3": "370b07", "Timestamp": "2025-05-16 12:44:29", "EKEY": 0, "LF Flag": 146}
2025-05-16 18:14:31 - Mismatch for 'Tag ID': Expected 17686523, Got 17657108
2025-05-16 18:14:31 - Mismatch for 'Button 3': Expected 1, Got 0
2025-05-16 18:14:31 - Validation failed with mismatches:
2025-05-16 18:14:31 - Key: Tag ID, Expected: 17686523, Actual: 17657108
2025-05-16 18:14:31 - Key: Button 3, Expected: 1, Actual: 0
2025-05-16 18:14:31 - {"Device Type": "Tag", "Tag ID": 17657108, "RSSI": "-85.00 dBm", "Monitor ID": 0, "CMD": 0, "Status Byte": "00000000", "Button 4": "0", "Button 3": "0", "Button 2": "0", "Button 1": "0", "Motion Flag": "0", "Retry Count": 0, "Reserved": "0", "IR ID": 0, "Version": 23, "Astar ID": 900, "LBI": 2871, "CMD3": "370b07", "Timestamp": "2025-05-16 12:44:29", "EKEY": 0, "LF Flag": 146}
2025-05-16 18:14:31 - Mismatch for 'Tag ID': Expected 17686523, Got 17657108
2025-05-16 18:14:31 - Mismatch for 'Button 3': Expected 1, Got 0
2025-05-16 18:14:31 - Validation failed with mismatches:
2025-05-16 18:14:31 - Key: Tag ID, Expected: 17686523, Actual: 17657108
2025-05-16 18:14:31 - Key: Button 3, Expected: 1, Actual: 0
2025-05-16 18:14:31 - {"Device Type": "Tag", "Tag ID": 4205515, "RSSI": "-61.00 dBm", "Monitor ID": 0, "CMD": 0, "Status Byte": "00000000", "Button 4": "0", "Button 3": "0", "Button 2": "0", "Button 1": "0", "Motion Flag": "0", "Retry Count": 0, "Reserved": "0", "IR ID": 0, "Version": 28, "Astar ID": 900, "LBI": 2858, "CMD3": "2a0b07", "Timestamp": "2025-05-16 12:44:29", "EKEY": 0, "LF Flag": 146}
2025-05-16 18:14:31 - Mismatch for 'Tag ID': Expected 17686523, Got 4205515
2025-05-16 18:14:31 - Mismatch for 'Button 3': Expected 1, Got 0
2025-05-16 18:14:31 - Validation failed with mismatches:
2025-05-16 18:14:31 - Key: Tag ID, Expected: 17686523, Actual: 4205515
2025-05-16 18:14:31 - Key: Button 3, Expected: 1, Actual: 0
2025-05-16 18:14:31 - {"Device Type": "Tag", "Tag ID": 8447491, "RSSI": "-43.00 dBm", "Monitor ID": 0, "CMD": 0, "Status Byte": "00000010", "Button 4": "0", "Button 3": "0", "Button 2": "0", "Button 1": "0", "Motion Flag": "0", "Retry Count": 1, "Reserved": "0", "IR ID": 0, "Version": 21, "Astar ID": 100, "LBI": 3660, "CMD3": "4c0e07", "Timestamp": "2025-05-16 12:44:29", "EKEY": 0, "LF Flag": 138}
2025-05-16 18:14:31 - Mismatch for 'Tag ID': Expected 17686523, Got 8447491
2025-05-16 18:14:31 - Mismatch for 'Button 3': Expected 1, Got 0
2025-05-16 18:14:31 - Validation failed with mismatches:
2025-05-16 18:14:31 - Key: Tag ID, Expected: 17686523, Actual: 8447491
2025-05-16 18:14:31 - Key: Button 3, Expected: 1, Actual: 0
2025-05-16 18:14:31 - {"Device Type": "Tag", "Tag ID": 17657108, "RSSI": "-85.00 dBm", "Monitor ID": 0, "CMD": 0, "Status Byte": "00000000", "Button 4": "0", "Button 3": "0", "Button 2": "0", "Button 1": "0", "Motion Flag": "0", "Retry Count": 0, "Reserved": "0", "IR ID": 0, "Version": 23, "Astar ID": 900, "LBI": 2871, "CMD3": "370b07", "Timestamp": "2025-05-16 12:44:29", "EKEY": 0, "LF Flag": 146}
2025-05-16 18:14:31 - Mismatch for 'Tag ID': Expected 17686523, Got 17657108
2025-05-16 18:14:31 - Mismatch for 'Button 3': Expected 1, Got 0
2025-05-16 18:14:31 - Validation failed with mismatches:
2025-05-16 18:14:31 - Key: Tag ID, Expected: 17686523, Actual: 17657108
2025-05-16 18:14:31 - Key: Button 3, Expected: 1, Actual: 0
2025-05-16 18:14:31 - {"Device Type": "Tag", "Tag ID": 4213458, "RSSI": "-89.00 dBm", "Monitor ID": 0, "CMD": 0, "Status Byte": "00000000", "Button 4": "0", "Button 3": "0", "Button 2": "0", "Button 1": "0", "Motion Flag": "0", "Retry Count": 0, "Reserved": "0", "IR ID": 0, "Version": 28, "Astar ID": 900, "LBI": 2944, "CMD3": "800b07", "Timestamp": "2025-05-16 12:44:29", "EKEY": 0, "LF Flag": 146}
2025-05-16 18:14:31 - Mismatch for 'Tag ID': Expected 17686523, Got 4213458
2025-05-16 18:14:31 - Mismatch for 'Button 3': Expected 1, Got 0
2025-05-16 18:14:31 - Validation failed with mismatches:
2025-05-16 18:14:31 - Key: Tag ID, Expected: 17686523, Actual: 4213458
2025-05-16 18:14:31 - Key: Button 3, Expected: 1, Actual: 0
2025-05-16 18:14:31 - {"Device Type": "Tag", "Tag ID": 4210653, "RSSI": "-94.00 dBm", "Monitor ID": 0, "CMD": 0, "Status Byte": "00000000", "Button 4": "0", "Button 3": "0", "Button 2": "0", "Button 1": "0", "Motion Flag": "0", "Retry Count": 0, "Reserved": "0", "IR ID": 0, "Version": 28, "Astar ID": 900, "LBI": 2930, "CMD3": "720b07", "Timestamp": "2025-05-16 12:44:29", "EKEY": 0, "LF Flag": 146}
2025-05-16 18:14:31 - Mismatch for 'Tag ID': Expected 17686523, Got 4210653
2025-05-16 18:14:31 - Mismatch for 'Button 3': Expected 1, Got 0
2025-05-16 18:14:31 - Validation failed with mismatches:
2025-05-16 18:14:31 - Key: Tag ID, Expected: 17686523, Actual: 4210653
2025-05-16 18:14:31 - Key: Button 3, Expected: 1, Actual: 0
2025-05-16 18:14:31 - {"Device Type": "Tag", "Tag ID": 17655756, "RSSI": "-72.00 dBm", "Monitor ID": 0, "CMD": 0, "Status Byte": "00000000", "Button 4": "0", "Button 3": "0", "Button 2": "0", "Button 1": "0", "Motion Flag": "0", "Retry Count": 0, "Reserved": "0", "IR ID": 0, "Version": 26, "Astar ID": 900, "LBI": 2649, "CMD3": "590a07", "Timestamp": "2025-05-16 12:44:29", "EKEY": 0, "LF Flag": 146}
2025-05-16 18:14:31 - Mismatch for 'Tag ID': Expected 17686523, Got 17655756
2025-05-16 18:14:31 - Mismatch for 'Button 3': Expected 1, Got 0
2025-05-16 18:14:31 - Validation failed with mismatches:
2025-05-16 18:14:31 - Key: Tag ID, Expected: 17686523, Actual: 17655756
2025-05-16 18:14:31 - Key: Button 3, Expected: 1, Actual: 0
2025-05-16 18:14:31 - {"Device Type": "Tag", "Tag ID": 4201991, "RSSI": "-67.00 dBm", "Monitor ID": 0, "CMD": 0, "Status Byte": "00000000", "Button 4": "0", "Button 3": "0", "Button 2": "0", "Button 1": "0", "Motion Flag": "0", "Retry Count": 0, "Reserved": "0", "IR ID": 0, "Version": 28, "Astar ID": 900, "LBI": 2903, "CMD3": "570b07", "Timestamp": "2025-05-16 12:44:30", "EKEY": 0, "LF Flag": 146}
2025-05-16 18:14:31 - Mismatch for 'Tag ID': Expected 17686523, Got 4201991
2025-05-16 18:14:31 - Mismatch for 'Button 3': Expected 1, Got 0
2025-05-16 18:14:31 - Validation failed with mismatches:
2025-05-16 18:14:31 - Key: Tag ID, Expected: 17686523, Actual: 4201991
2025-05-16 18:14:31 - Key: Button 3, Expected: 1, Actual: 0
2025-05-16 18:14:31 - {"Device Type": "Tag", "Tag ID": 4201991, "RSSI": "-67.00 dBm", "Monitor ID": 0, "CMD": 0, "Status Byte": "00000000", "Button 4": "0", "Button 3": "0", "Button 2": "0", "Button 1": "0", "Motion Flag": "0", "Retry Count": 0, "Reserved": "0", "IR ID": 0, "Version": 28, "Astar ID": 900, "LBI": 2903, "CMD3": "570b07", "Timestamp": "2025-05-16 12:44:30", "EKEY": 0, "LF Flag": 146}
2025-05-16 18:14:31 - Mismatch for 'Tag ID': Expected 17686523, Got 4201991
2025-05-16 18:14:31 - Mismatch for 'Button 3': Expected 1, Got 0
2025-05-16 18:14:31 - Validation failed with mismatches:
2025-05-16 18:14:31 - Key: Tag ID, Expected: 17686523, Actual: 4201991
2025-05-16 18:14:31 - Key: Button 3, Expected: 1, Actual: 0
2025-05-16 18:14:31 - {"Device Type": "Tag", "Tag ID": 4202464, "RSSI": "-71.00 dBm", "Monitor ID": 0, "CMD": 0, "Status Byte": "00000000", "Button 4": "0", "Button 3": "0", "Button 2": "0", "Button 1": "0", "Motion Flag": "0", "Retry Count": 0, "Reserved": "0", "IR ID": 0, "Version": 28, "Astar ID": 900, "LBI": 2888, "CMD3": "480b07", "Timestamp": "2025-05-16 12:44:30", "EKEY": 0, "LF Flag": 146}
2025-05-16 18:14:31 - Mismatch for 'Tag ID': Expected 17686523, Got 4202464
2025-05-16 18:14:31 - Mismatch for 'Button 3': Expected 1, Got 0
2025-05-16 18:14:31 - Validation failed with mismatches:
2025-05-16 18:14:31 - Key: Tag ID, Expected: 17686523, Actual: 4202464
2025-05-16 18:14:31 - Key: Button 3, Expected: 1, Actual: 0
2025-05-16 18:14:31 - {"Device Type": "Tag", "Tag ID": 17654916, "RSSI": "-79.00 dBm", "Monitor ID": 0, "CMD": 0, "Status Byte": "00000000", "Button 4": "0", "Button 3": "0", "Button 2": "0", "Button 1": "0", "Motion Flag": "0", "Retry Count": 0, "Reserved": "0", "IR ID": 0, "Version": 16, "Astar ID": 900, "LBI": 2984, "CMD3": "a80b07", "Timestamp": "2025-05-16 12:44:30", "EKEY": 0, "LF Flag": 146}
2025-05-16 18:14:31 - Mismatch for 'Tag ID': Expected 17686523, Got 17654916
2025-05-16 18:14:31 - Mismatch for 'Button 3': Expected 1, Got 0
2025-05-16 18:14:31 - Validation failed with mismatches:
2025-05-16 18:14:31 - Key: Tag ID, Expected: 17686523, Actual: 17654916
2025-05-16 18:14:31 - Key: Button 3, Expected: 1, Actual: 0
2025-05-16 18:14:31 - {"Device Type": "Tag", "Tag ID": 4209230, "RSSI": "-95.00 dBm", "Monitor ID": 0, "CMD": 0, "Status Byte": "00000000", "Button 4": "0", "Button 3": "0", "Button 2": "0", "Button 1": "0", "Motion Flag": "0", "Retry Count": 0, "Reserved": "0", "IR ID": 0, "Version": 28, "Astar ID": 900, "LBI": 2934, "CMD3": "760b07", "Timestamp": "2025-05-16 12:44:30", "EKEY": 0, "LF Flag": 146}
2025-05-16 18:14:31 - Mismatch for 'Tag ID': Expected 17686523, Got 4209230
2025-05-16 18:14:31 - Mismatch for 'Button 3': Expected 1, Got 0
2025-05-16 18:14:31 - Validation failed with mismatches:
2025-05-16 18:14:31 - Key: Tag ID, Expected: 17686523, Actual: 4209230
2025-05-16 18:14:31 - Key: Button 3, Expected: 1, Actual: 0
2025-05-16 18:14:31 - {"Device Type": "Tag", "Tag ID": 4202014, "RSSI": "-58.00 dBm", "Monitor ID": 0, "CMD": 0, "Status Byte": "00000000", "Button 4": "0", "Button 3": "0", "Button 2": "0", "Button 1": "0", "Motion Flag": "0", "Retry Count": 0, "Reserved": "0", "IR ID": 72, "Version": 28, "Astar ID": 900, "LBI": 2711, "CMD3": "970a07", "Timestamp": "2025-05-16 12:44:30", "EKEY": 0, "LF Flag": 146}
2025-05-16 18:14:31 - Mismatch for 'Tag ID': Expected 17686523, Got 4202014
2025-05-16 18:14:31 - Mismatch for 'Button 3': Expected 1, Got 0
2025-05-16 18:14:31 - Validation failed with mismatches:
2025-05-16 18:14:31 - Key: Tag ID, Expected: 17686523, Actual: 4202014
2025-05-16 18:14:31 - Key: Button 3, Expected: 1, Actual: 0
2025-05-16 18:14:31 - {"Device Type": "Tag", "Tag ID": 8457353, "RSSI": "-51.00 dBm", "Monitor ID": 0, "CMD": 0, "Status Byte": "00000010", "Button 4": "0", "Button 3": "0", "Button 2": "0", "Button 1": "0", "Motion Flag": "0", "Retry Count": 1, "Reserved": "0", "IR ID": 3, "Version": 21, "Astar ID": 100, "LBI": 3544, "CMD3": "d80d07", "Timestamp": "2025-05-16 12:44:30", "EKEY": 0, "LF Flag": 138}
2025-05-16 18:14:31 - Mismatch for 'Tag ID': Expected 17686523, Got 8457353
2025-05-16 18:14:31 - Mismatch for 'Button 3': Expected 1, Got 0
2025-05-16 18:14:31 - Validation failed with mismatches:
2025-05-16 18:14:31 - Key: Tag ID, Expected: 17686523, Actual: 8457353
2025-05-16 18:14:31 - Key: Button 3, Expected: 1, Actual: 0
2025-05-16 18:14:31 - {"Device Type": "Tag", "Tag ID": 17659406, "RSSI": "-88.00 dBm", "Monitor ID": 0, "CMD": 0, "Status Byte": "00000000", "Button 4": "0", "Button 3": "0", "Button 2": "0", "Button 1": "0", "Motion Flag": "0", "Retry Count": 0, "Reserved": "0", "IR ID": 0, "Version": 23, "Astar ID": 900, "LBI": 2828, "CMD3": "0c0b07", "Timestamp": "2025-05-16 12:44:30", "EKEY": 0, "LF Flag": 146}
2025-05-16 18:14:31 - Mismatch for 'Tag ID': Expected 17686523, Got 17659406
2025-05-16 18:14:31 - Mismatch for 'Button 3': Expected 1, Got 0
2025-05-16 18:14:31 - Validation failed with mismatches:
2025-05-16 18:14:31 - Key: Tag ID, Expected: 17686523, Actual: 17659406
2025-05-16 18:14:31 - Key: Button 3, Expected: 1, Actual: 0
2025-05-16 18:14:31 - {"Device Type": "Tag", "Tag ID": 4212061, "RSSI": "-93.00 dBm", "Monitor ID": 0, "CMD": 0, "Status Byte": "00000000", "Button 4": "0", "Button 3": "0", "Button 2": "0", "Button 1": "0", "Motion Flag": "0", "Retry Count": 0, "Reserved": "0", "IR ID": 0, "Version": 28, "Astar ID": 900, "LBI": 2937, "CMD3": "790b07", "Timestamp": "2025-05-16 12:44:30", "EKEY": 0, "LF Flag": 146}
2025-05-16 18:14:31 - Mismatch for 'Tag ID': Expected 17686523, Got 4212061
2025-05-16 18:14:31 - Mismatch for 'Button 3': Expected 1, Got 0
2025-05-16 18:14:31 - Validation failed with mismatches:
2025-05-16 18:14:31 - Key: Tag ID, Expected: 17686523, Actual: 4212061
2025-05-16 18:14:31 - Key: Button 3, Expected: 1, Actual: 0
2025-05-16 18:14:31 - {"Device Type": "Tag", "Tag ID": 4212309, "RSSI": "-94.00 dBm", "Monitor ID": 0, "CMD": 0, "Status Byte": "00000000", "Button 4": "0", "Button 3": "0", "Button 2": "0", "Button 1": "0", "Motion Flag": "0", "Retry Count": 0, "Reserved": "0", "IR ID": 0, "Version": 28, "Astar ID": 900, "LBI": 2941, "CMD3": "7d0b07", "Timestamp": "2025-05-16 12:44:30", "EKEY": 0, "LF Flag": 146}
2025-05-16 18:14:31 - Mismatch for 'Tag ID': Expected 17686523, Got 4212309
2025-05-16 18:14:31 - Mismatch for 'Button 3': Expected 1, Got 0
2025-05-16 18:14:31 - Validation failed with mismatches:
2025-05-16 18:14:31 - Key: Tag ID, Expected: 17686523, Actual: 4212309
2025-05-16 18:14:31 - Key: Button 3, Expected: 1, Actual: 0
2025-05-16 18:14:31 - {"Device Type": "Tag", "Tag ID": 8448327, "RSSI": "-51.00 dBm", "Monitor ID": 0, "CMD": 0, "Status Byte": "00000010", "Button 4": "0", "Button 3": "0", "Button 2": "0", "Button 1": "0", "Motion Flag": "0", "Retry Count": 1, "Reserved": "0", "IR ID": 0, "Version": 21, "Astar ID": 100, "LBI": 3663, "CMD3": "150006", "Timestamp": "2025-05-16 12:44:30", "EKEY": 0, "LF Flag": 138}
2025-05-16 18:14:31 - Mismatch for 'Tag ID': Expected 17686523, Got 8448327
2025-05-16 18:14:31 - Mismatch for 'Button 3': Expected 1, Got 0
2025-05-16 18:14:31 - Validation failed with mismatches:
2025-05-16 18:14:31 - Key: Tag ID, Expected: 17686523, Actual: 8448327
2025-05-16 18:14:31 - Key: Button 3, Expected: 1, Actual: 0
2025-05-16 18:14:31 - {"Device Type": "Tag", "Tag ID": 4213912, "RSSI": "-89.00 dBm", "Monitor ID": 0, "CMD": 0, "Status Byte": "00000000", "Button 4": "0", "Button 3": "0", "Button 2": "0", "Button 1": "0", "Motion Flag": "0", "Retry Count": 0, "Reserved": "0", "IR ID": 0, "Version": 28, "Astar ID": 900, "LBI": 2921, "CMD3": "690b07", "Timestamp": "2025-05-16 12:44:30", "EKEY": 0, "LF Flag": 146}
2025-05-16 18:14:31 - Mismatch for 'Tag ID': Expected 17686523, Got 4213912
2025-05-16 18:14:31 - Mismatch for 'Button 3': Expected 1, Got 0
2025-05-16 18:14:31 - Validation failed with mismatches:
2025-05-16 18:14:31 - Key: Tag ID, Expected: 17686523, Actual: 4213912
2025-05-16 18:14:31 - Key: Button 3, Expected: 1, Actual: 0
2025-05-16 18:14:31 - {"Device Type": "Tag", "Tag ID": 4213912, "RSSI": "-89.00 dBm", "Monitor ID": 0, "CMD": 0, "Status Byte": "00000000", "Button 4": "0", "Button 3": "0", "Button 2": "0", "Button 1": "0", "Motion Flag": "0", "Retry Count": 0, "Reserved": "0", "IR ID": 0, "Version": 28, "Astar ID": 900, "LBI": 2921, "CMD3": "690b07", "Timestamp": "2025-05-16 12:44:30", "EKEY": 0, "LF Flag": 146}
2025-05-16 18:14:31 - Mismatch for 'Tag ID': Expected 17686523, Got 4213912
2025-05-16 18:14:31 - Mismatch for 'Button 3': Expected 1, Got 0
2025-05-16 18:14:31 - Validation failed with mismatches:
2025-05-16 18:14:31 - Key: Tag ID, Expected: 17686523, Actual: 4213912
2025-05-16 18:14:31 - Key: Button 3, Expected: 1, Actual: 0
2025-05-16 18:14:31 - {"Device Type": "Tag", "Tag ID": 17655194, "RSSI": "-80.00 dBm", "Monitor ID": 0, "CMD": 0, "Status Byte": "00000000", "Button 4": "0", "Button 3": "0", "Button 2": "0", "Button 1": "0", "Motion Flag": "0", "Retry Count": 0, "Reserved": "0", "IR ID": 0, "Version": 20, "Astar ID": 900, "LBI": 2894, "CMD3": "4e0b07", "Timestamp": "2025-05-16 12:44:30", "EKEY": 0, "LF Flag": 146}
2025-05-16 18:14:31 - Mismatch for 'Tag ID': Expected 17686523, Got 17655194
2025-05-16 18:14:31 - Mismatch for 'Button 3': Expected 1, Got 0
2025-05-16 18:14:31 - Validation failed with mismatches:
2025-05-16 18:14:31 - Key: Tag ID, Expected: 17686523, Actual: 17655194
2025-05-16 18:14:31 - Key: Button 3, Expected: 1, Actual: 0
2025-05-16 18:14:31 - {"Device Type": "Tag", "Tag ID": 2626497, "RSSI": "-49.00 dBm", "Monitor ID": 0, "CMD": 0, "Status Byte": "00000010", "Button 4": "0", "Button 3": "0", "Button 2": "0", "Button 1": "0", "Motion Flag": "0", "Retry Count": 1, "Reserved": "0", "IR ID": 0, "Version": 20, "Astar ID": 100, "LBI": 2422, "CMD3": "140006", "Timestamp": "2025-05-16 12:44:30", "EKEY": 0, "LF Flag": 138}
2025-05-16 18:14:31 - Mismatch for 'Tag ID': Expected 17686523, Got 2626497
2025-05-16 18:14:31 - Mismatch for 'Button 3': Expected 1, Got 0
2025-05-16 18:14:31 - Validation failed with mismatches:
2025-05-16 18:14:31 - Key: Tag ID, Expected: 17686523, Actual: 2626497
2025-05-16 18:14:31 - Key: Button 3, Expected: 1, Actual: 0
2025-05-16 18:14:31 - {"Device Type": "Tag", "Tag ID": 4213072, "RSSI": "-61.00 dBm", "Monitor ID": 0, "CMD": 0, "Status Byte": "00000000", "Button 4": "0", "Button 3": "0", "Button 2": "0", "Button 1": "0", "Motion Flag": "0", "Retry Count": 0, "Reserved": "0", "IR ID": 0, "Version": 28, "Astar ID": 900, "LBI": 2975, "CMD3": "9f0b07", "Timestamp": "2025-05-16 12:44:30", "EKEY": 0, "LF Flag": 146}
2025-05-16 18:14:31 - Mismatch for 'Tag ID': Expected 17686523, Got 4213072
2025-05-16 18:14:31 - Mismatch for 'Button 3': Expected 1, Got 0
2025-05-16 18:14:31 - Validation failed with mismatches:
2025-05-16 18:14:31 - Key: Tag ID, Expected: 17686523, Actual: 4213072
2025-05-16 18:14:31 - Key: Button 3, Expected: 1, Actual: 0
2025-05-16 18:14:31 - {"Device Type": "Tag", "Tag ID": 17654874, "RSSI": "-73.00 dBm", "Monitor ID": 0, "CMD": 0, "Status Byte": "00000000", "Button 4": "0", "Button 3": "0", "Button 2": "0", "Button 1": "0", "Motion Flag": "0", "Retry Count": 0, "Reserved": "0", "IR ID": 0, "Version": 20, "Astar ID": 900, "LBI": 2804, "CMD3": "f40a07", "Timestamp": "2025-05-16 12:44:30", "EKEY": 0, "LF Flag": 146}
2025-05-16 18:14:31 - Mismatch for 'Tag ID': Expected 17686523, Got 17654874
2025-05-16 18:14:31 - Mismatch for 'Button 3': Expected 1, Got 0
2025-05-16 18:14:31 - Validation failed with mismatches:
2025-05-16 18:14:31 - Key: Tag ID, Expected: 17686523, Actual: 17654874
2025-05-16 18:14:31 - Key: Button 3, Expected: 1, Actual: 0
2025-05-16 18:14:31 - {"Device Type": "Tag", "Tag ID": 4213072, "RSSI": "-65.00 dBm", "Monitor ID": 0, "CMD": 0, "Status Byte": "00000000", "Button 4": "0", "Button 3": "0", "Button 2": "0", "Button 1": "0", "Motion Flag": "0", "Retry Count": 0, "Reserved": "0", "IR ID": 0, "Version": 28, "Astar ID": 900, "LBI": 2975, "CMD3": "9f0b07", "Timestamp": "2025-05-16 12:44:30", "EKEY": 0, "LF Flag": 146}
2025-05-16 18:14:31 - Mismatch for 'Tag ID': Expected 17686523, Got 4213072
2025-05-16 18:14:31 - Mismatch for 'Button 3': Expected 1, Got 0
2025-05-16 18:14:31 - Validation failed with mismatches:
2025-05-16 18:14:31 - Key: Tag ID, Expected: 17686523, Actual: 4213072
2025-05-16 18:14:31 - Key: Button 3, Expected: 1, Actual: 0
2025-05-16 18:14:31 - {"Device Type": "Tag", "Tag ID": 17658116, "RSSI": "-86.00 dBm", "Monitor ID": 0, "CMD": 0, "Status Byte": "00000000", "Button 4": "0", "Button 3": "0", "Button 2": "0", "Button 1": "0", "Motion Flag": "0", "Retry Count": 0, "Reserved": "0", "IR ID": 0, "Version": 23, "Astar ID": 900, "LBI": 2851, "CMD3": "230b07", "Timestamp": "2025-05-16 12:44:30", "EKEY": 0, "LF Flag": 146}
2025-05-16 18:14:31 - Mismatch for 'Tag ID': Expected 17686523, Got 17658116
2025-05-16 18:14:31 - Mismatch for 'Button 3': Expected 1, Got 0
2025-05-16 18:14:31 - Validation failed with mismatches:
2025-05-16 18:14:31 - Key: Tag ID, Expected: 17686523, Actual: 17658116
2025-05-16 18:14:31 - Key: Button 3, Expected: 1, Actual: 0
2025-05-16 18:14:31 - {"Device Type": "Tag", "Tag ID": 4213072, "RSSI": "-65.00 dBm", "Monitor ID": 0, "CMD": 0, "Status Byte": "00000000", "Button 4": "0", "Button 3": "0", "Button 2": "0", "Button 1": "0", "Motion Flag": "0", "Retry Count": 0, "Reserved": "0", "IR ID": 0, "Version": 28, "Astar ID": 900, "LBI": 2975, "CMD3": "9f0b07", "Timestamp": "2025-05-16 12:44:30", "EKEY": 0, "LF Flag": 146}
2025-05-16 18:14:31 - Mismatch for 'Tag ID': Expected 17686523, Got 4213072
2025-05-16 18:14:31 - Mismatch for 'Button 3': Expected 1, Got 0
2025-05-16 18:14:31 - Validation failed with mismatches:
2025-05-16 18:14:31 - Key: Tag ID, Expected: 17686523, Actual: 4213072
2025-05-16 18:14:31 - Key: Button 3, Expected: 1, Actual: 0
2025-05-16 18:14:31 - {"Device Type": "Tag", "Tag ID": 4213072, "RSSI": "-60.00 dBm", "Monitor ID": 0, "CMD": 0, "Status Byte": "00000000", "Button 4": "0", "Button 3": "0", "Button 2": "0", "Button 1": "0", "Motion Flag": "0", "Retry Count": 0, "Reserved": "0", "IR ID": 0, "Version": 28, "Astar ID": 900, "LBI": 2975, "CMD3": "9f0b07", "Timestamp": "2025-05-16 12:44:30", "EKEY": 0, "LF Flag": 146}
2025-05-16 18:14:31 - Mismatch for 'Tag ID': Expected 17686523, Got 4213072
2025-05-16 18:14:31 - Mismatch for 'Button 3': Expected 1, Got 0
2025-05-16 18:14:31 - Validation failed with mismatches:
2025-05-16 18:14:31 - Key: Tag ID, Expected: 17686523, Actual: 4213072
2025-05-16 18:14:31 - Key: Button 3, Expected: 1, Actual: 0
2025-05-16 18:14:31 - {"Device Type": "Tag", "Tag ID": 17655738, "RSSI": "-71.00 dBm", "Monitor ID": 0, "CMD": 0, "Status Byte": "00000000", "Button 4": "0", "Button 3": "0", "Button 2": "0", "Button 1": "0", "Motion Flag": "0", "Retry Count": 0, "Reserved": "0", "IR ID": 0, "Version": 26, "Astar ID": 900, "LBI": 2698, "CMD3": "8a0a07", "Timestamp": "2025-05-16 12:44:30", "EKEY": 0, "LF Flag": 146}
2025-05-16 18:14:31 - Mismatch for 'Tag ID': Expected 17686523, Got 17655738
2025-05-16 18:14:31 - Mismatch for 'Button 3': Expected 1, Got 0
2025-05-16 18:14:31 - Validation failed with mismatches:
2025-05-16 18:14:31 - Key: Tag ID, Expected: 17686523, Actual: 17655738
2025-05-16 18:14:31 - Key: Button 3, Expected: 1, Actual: 0
2025-05-16 18:14:31 - {"Device Type": "Tag", "Tag ID": 17655738, "RSSI": "-71.00 dBm", "Monitor ID": 0, "CMD": 0, "Status Byte": "00000000", "Button 4": "0", "Button 3": "0", "Button 2": "0", "Button 1": "0", "Motion Flag": "0", "Retry Count": 0, "Reserved": "0", "IR ID": 0, "Version": 26, "Astar ID": 900, "LBI": 2698, "CMD3": "8a0a07", "Timestamp": "2025-05-16 12:44:30", "EKEY": 0, "LF Flag": 146}
2025-05-16 18:14:31 - Mismatch for 'Tag ID': Expected 17686523, Got 17655738
2025-05-16 18:14:31 - Mismatch for 'Button 3': Expected 1, Got 0
2025-05-16 18:14:31 - Validation failed with mismatches:
2025-05-16 18:14:31 - Key: Tag ID, Expected: 17686523, Actual: 17655738
2025-05-16 18:14:31 - Key: Button 3, Expected: 1, Actual: 0
2025-05-16 18:14:31 - {"Device Type": "Tag", "Tag ID": 2641819, "RSSI": "-55.00 dBm", "Monitor ID": 0, "CMD": 0, "Status Byte": "00000010", "Button 4": "0", "Button 3": "0", "Button 2": "0", "Button 1": "0", "Motion Flag": "0", "Retry Count": 1, "Reserved": "0", "IR ID": 0, "Version": 16, "Astar ID": 100, "LBI": 954, "CMD3": "120105", "Timestamp": "2025-05-16 12:44:30", "EKEY": 0, "LF Flag": 130}
2025-05-16 18:14:31 - Mismatch for 'Tag ID': Expected 17686523, Got 2641819
2025-05-16 18:14:31 - Mismatch for 'Button 3': Expected 1, Got 0
2025-05-16 18:14:31 - Validation failed with mismatches:
2025-05-16 18:14:31 - Key: Tag ID, Expected: 17686523, Actual: 2641819
2025-05-16 18:14:31 - Key: Button 3, Expected: 1, Actual: 0
2025-05-16 18:14:31 - {"Device Type": "Tag", "Tag ID": 17656821, "RSSI": "-74.00 dBm", "Monitor ID": 0, "CMD": 0, "Status Byte": "00000000", "Button 4": "0", "Button 3": "0", "Button 2": "0", "Button 1": "0", "Motion Flag": "0", "Retry Count": 0, "Reserved": "0", "IR ID": 0, "Version": 28, "Astar ID": 900, "LBI": 2767, "CMD3": "cf0a07", "Timestamp": "2025-05-16 12:44:30", "EKEY": 0, "LF Flag": 146}
2025-05-16 18:14:31 - Mismatch for 'Tag ID': Expected 17686523, Got 17656821
2025-05-16 18:14:31 - Mismatch for 'Button 3': Expected 1, Got 0
2025-05-16 18:14:31 - Validation failed with mismatches:
2025-05-16 18:14:31 - Key: Tag ID, Expected: 17686523, Actual: 17656821
2025-05-16 18:14:31 - Key: Button 3, Expected: 1, Actual: 0
2025-05-16 18:14:31 - {"Device Type": "Tag", "Tag ID": 17656191, "RSSI": "-76.00 dBm", "Monitor ID": 0, "CMD": 0, "Status Byte": "00000000", "Button 4": "0", "Button 3": "0", "Button 2": "0", "Button 1": "0", "Motion Flag": "0", "Retry Count": 0, "Reserved": "0", "IR ID": 0, "Version": 20, "Astar ID": 900, "LBI": 2847, "CMD3": "1f0b07", "Timestamp": "2025-05-16 12:44:30", "EKEY": 0, "LF Flag": 146}
2025-05-16 18:14:31 - Mismatch for 'Tag ID': Expected 17686523, Got 17656191
2025-05-16 18:14:31 - Mismatch for 'Button 3': Expected 1, Got 0
2025-05-16 18:14:31 - Validation failed with mismatches:
2025-05-16 18:14:31 - Key: Tag ID, Expected: 17686523, Actual: 17656191
2025-05-16 18:14:31 - Key: Button 3, Expected: 1, Actual: 0
2025-05-16 18:14:31 - {"Device Type": "Tag", "Tag ID": 8460071, "RSSI": "-41.00 dBm", "Monitor ID": 0, "CMD": 0, "Status Byte": "10000010", "Button 4": "1", "Button 3": "0", "Button 2": "0", "Button 1": "0", "Motion Flag": "0", "Retry Count": 1, "Reserved": "0", "IR ID": 0, "Version": 4, "Astar ID": 100, "LBI": 906, "CMD3": "920105", "Timestamp": "2025-05-16 12:44:30", "EKEY": 0, "LF Flag": 128}
2025-05-16 18:14:31 - Mismatch for 'Tag ID': Expected 17686523, Got 8460071
2025-05-16 18:14:31 - Mismatch for 'Button 4': Expected 0, Got 1
2025-05-16 18:14:31 - Mismatch for 'Button 3': Expected 1, Got 0
2025-05-16 18:14:31 - Validation failed with mismatches:
2025-05-16 18:14:31 - Key: Tag ID, Expected: 17686523, Actual: 8460071
2025-05-16 18:14:31 - Key: Button 4, Expected: 0, Actual: 1
2025-05-16 18:14:31 - Key: Button 3, Expected: 1, Actual: 0
2025-05-16 18:14:31 - {"Device Type": "Tag", "Tag ID": 4213228, "RSSI": "-95.00 dBm", "Monitor ID": 0, "CMD": 0, "Status Byte": "00000000", "Button 4": "0", "Button 3": "0", "Button 2": "0", "Button 1": "0", "Motion Flag": "0", "Retry Count": 0, "Reserved": "0", "IR ID": 0, "Version": 28, "Astar ID": 900, "LBI": 2926, "CMD3": "6e0b07", "Timestamp": "2025-05-16 12:44:30", "EKEY": 0, "LF Flag": 146}
2025-05-16 18:14:31 - Mismatch for 'Tag ID': Expected 17686523, Got 4213228
2025-05-16 18:14:31 - Mismatch for 'Button 3': Expected 1, Got 0
2025-05-16 18:14:31 - Validation failed with mismatches:
2025-05-16 18:14:31 - Key: Tag ID, Expected: 17686523, Actual: 4213228
2025-05-16 18:14:31 - Key: Button 3, Expected: 1, Actual: 0
2025-05-16 18:14:31 - {"Device Type": "Tag", "Tag ID": 17657108, "RSSI": "-85.00 dBm", "Monitor ID": 0, "CMD": 0, "Status Byte": "00000000", "Button 4": "0", "Button 3": "0", "Button 2": "0", "Button 1": "0", "Motion Flag": "0", "Retry Count": 0, "Reserved": "0", "IR ID": 0, "Version": 23, "Astar ID": 900, "LBI": 2871, "CMD3": "370b07", "Timestamp": "2025-05-16 12:44:30", "EKEY": 0, "LF Flag": 146}
2025-05-16 18:14:31 - Mismatch for 'Tag ID': Expected 17686523, Got 17657108
2025-05-16 18:14:31 - Mismatch for 'Button 3': Expected 1, Got 0
2025-05-16 18:14:31 - Validation failed with mismatches:
2025-05-16 18:14:31 - Key: Tag ID, Expected: 17686523, Actual: 17657108
2025-05-16 18:14:31 - Key: Button 3, Expected: 1, Actual: 0
2025-05-16 18:14:31 - {"Device Type": "Tag", "Tag ID": 8467789, "RSSI": "-53.00 dBm", "Monitor ID": 0, "CMD": 0, "Status Byte": "10000010", "Button 4": "1", "Button 3": "0", "Button 2": "0", "Button 1": "0", "Motion Flag": "0", "Retry Count": 1, "Reserved": "0", "IR ID": 0, "Version": 24, "Astar ID": 100, "LBI": 950, "CMD3": "920105", "Timestamp": "2025-05-16 12:44:30", "EKEY": 0, "LF Flag": 128}
2025-05-16 18:14:31 - Mismatch for 'Tag ID': Expected 17686523, Got 8467789
2025-05-16 18:14:31 - Mismatch for 'Button 4': Expected 0, Got 1
2025-05-16 18:14:31 - Mismatch for 'Button 3': Expected 1, Got 0
2025-05-16 18:14:31 - Validation failed with mismatches:
2025-05-16 18:14:31 - Key: Tag ID, Expected: 17686523, Actual: 8467789
2025-05-16 18:14:31 - Key: Button 4, Expected: 0, Actual: 1
2025-05-16 18:14:31 - Key: Button 3, Expected: 1, Actual: 0
2025-05-16 18:14:31 - {"Device Type": "Tag", "Tag ID": 8477407, "RSSI": "-48.00 dBm", "Monitor ID": 0, "CMD": 0, "Status Byte": "10000010", "Button 4": "1", "Button 3": "0", "Button 2": "0", "Button 1": "0", "Motion Flag": "0", "Retry Count": 1, "Reserved": "0", "IR ID": 0, "Version": 26, "Astar ID": 100, "LBI": 2423, "CMD3": "1a0006", "Timestamp": "2025-05-16 12:44:30", "EKEY": 0, "LF Flag": 138}
2025-05-16 18:14:31 - Mismatch for 'Tag ID': Expected 17686523, Got 8477407
2025-05-16 18:14:31 - Mismatch for 'Button 4': Expected 0, Got 1
2025-05-16 18:14:31 - Mismatch for 'Button 3': Expected 1, Got 0
2025-05-16 18:14:31 - Validation failed with mismatches:
2025-05-16 18:14:31 - Key: Tag ID, Expected: 17686523, Actual: 8477407
2025-05-16 18:14:31 - Key: Button 4, Expected: 0, Actual: 1
2025-05-16 18:14:31 - Key: Button 3, Expected: 1, Actual: 0
2025-05-16 18:14:31 - {"Device Type": "Tag", "Tag ID": 4213326, "RSSI": "-92.00 dBm", "Monitor ID": 0, "CMD": 0, "Status Byte": "00000000", "Button 4": "0", "Button 3": "0", "Button 2": "0", "Button 1": "0", "Motion Flag": "0", "Retry Count": 0, "Reserved": "0", "IR ID": 0, "Version": 28, "Astar ID": 900, "LBI": 2941, "CMD3": "7d0b07", "Timestamp": "2025-05-16 12:44:30", "EKEY": 0, "LF Flag": 146}
2025-05-16 18:14:31 - Mismatch for 'Tag ID': Expected 17686523, Got 4213326
2025-05-16 18:14:31 - Mismatch for 'Button 3': Expected 1, Got 0
2025-05-16 18:14:31 - Validation failed with mismatches:
2025-05-16 18:14:31 - Key: Tag ID, Expected: 17686523, Actual: 4213326
2025-05-16 18:14:31 - Key: Button 3, Expected: 1, Actual: 0
2025-05-16 18:14:31 - {"Device Type": "Tag", "Tag ID": 4201991, "RSSI": "-67.00 dBm", "Monitor ID": 0, "CMD": 0, "Status Byte": "00000000", "Button 4": "0", "Button 3": "0", "Button 2": "0", "Button 1": "0", "Motion Flag": "0", "Retry Count": 0, "Reserved": "0", "IR ID": 0, "Version": 28, "Astar ID": 900, "LBI": 2903, "CMD3": "570b07", "Timestamp": "2025-05-16 12:44:31", "EKEY": 0, "LF Flag": 146}
2025-05-16 18:14:31 - Mismatch for 'Tag ID': Expected 17686523, Got 4201991
2025-05-16 18:14:31 - Mismatch for 'Button 3': Expected 1, Got 0
2025-05-16 18:14:31 - Validation failed with mismatches:
2025-05-16 18:14:31 - Key: Tag ID, Expected: 17686523, Actual: 4201991
2025-05-16 18:14:31 - Key: Button 3, Expected: 1, Actual: 0
2025-05-16 18:14:31 - {"Device Type": "Tag", "Tag ID": 4201991, "RSSI": "-67.00 dBm", "Monitor ID": 0, "CMD": 0, "Status Byte": "00000000", "Button 4": "0", "Button 3": "0", "Button 2": "0", "Button 1": "0", "Motion Flag": "0", "Retry Count": 0, "Reserved": "0", "IR ID": 0, "Version": 28, "Astar ID": 900, "LBI": 2903, "CMD3": "570b07", "Timestamp": "2025-05-16 12:44:31", "EKEY": 0, "LF Flag": 146}
2025-05-16 18:14:31 - Mismatch for 'Tag ID': Expected 17686523, Got 4201991
2025-05-16 18:14:31 - Mismatch for 'Button 3': Expected 1, Got 0
2025-05-16 18:14:31 - Validation failed with mismatches:
2025-05-16 18:14:31 - Key: Tag ID, Expected: 17686523, Actual: 4201991
2025-05-16 18:14:31 - Key: Button 3, Expected: 1, Actual: 0
2025-05-16 18:14:31 - {"Device Type": "Tag", "Tag ID": 4201991, "RSSI": "-67.00 dBm", "Monitor ID": 0, "CMD": 0, "Status Byte": "00000000", "Button 4": "0", "Button 3": "0", "Button 2": "0", "Button 1": "0", "Motion Flag": "0", "Retry Count": 0, "Reserved": "0", "IR ID": 0, "Version": 28, "Astar ID": 900, "LBI": 2903, "CMD3": "570b07", "Timestamp": "2025-05-16 12:44:31", "EKEY": 0, "LF Flag": 146}
2025-05-16 18:14:31 - Mismatch for 'Tag ID': Expected 17686523, Got 4201991
2025-05-16 18:14:31 - Mismatch for 'Button 3': Expected 1, Got 0
2025-05-16 18:14:31 - Validation failed with mismatches:
2025-05-16 18:14:31 - Key: Tag ID, Expected: 17686523, Actual: 4201991
2025-05-16 18:14:31 - Key: Button 3, Expected: 1, Actual: 0
2025-05-16 18:14:31 - {"Device Type": "Tag", "Tag ID": 4201991, "RSSI": "-67.00 dBm", "Monitor ID": 0, "CMD": 0, "Status Byte": "00000000", "Button 4": "0", "Button 3": "0", "Button 2": "0", "Button 1": "0", "Motion Flag": "0", "Retry Count": 0, "Reserved": "0", "IR ID": 0, "Version": 28, "Astar ID": 900, "LBI": 2903, "CMD3": "570b07", "Timestamp": "2025-05-16 12:44:31", "EKEY": 0, "LF Flag": 146}
2025-05-16 18:14:31 - Mismatch for 'Tag ID': Expected 17686523, Got 4201991
2025-05-16 18:14:31 - Mismatch for 'Button 3': Expected 1, Got 0
2025-05-16 18:14:31 - Validation failed with mismatches:
2025-05-16 18:14:31 - Key: Tag ID, Expected: 17686523, Actual: 4201991
2025-05-16 18:14:31 - Key: Button 3, Expected: 1, Actual: 0
2025-05-16 18:14:31 - {"Device Type": "Tag", "Tag ID": 17658370, "RSSI": "-84.00 dBm", "Monitor ID": 0, "CMD": 0, "Status Byte": "00000000", "Button 4": "0", "Button 3": "0", "Button 2": "0", "Button 1": "0", "Motion Flag": "0", "Retry Count": 0, "Reserved": "0", "IR ID": 0, "Version": 23, "Astar ID": 900, "LBI": 2878, "CMD3": "3e0b07", "Timestamp": "2025-05-16 12:44:31", "EKEY": 0, "LF Flag": 146}
2025-05-16 18:14:31 - Mismatch for 'Tag ID': Expected 17686523, Got 17658370
2025-05-16 18:14:31 - Mismatch for 'Button 3': Expected 1, Got 0
2025-05-16 18:14:31 - Validation failed with mismatches:
2025-05-16 18:14:31 - Key: Tag ID, Expected: 17686523, Actual: 17658370
2025-05-16 18:14:31 - Key: Button 3, Expected: 1, Actual: 0
2025-05-16 18:14:31 - {"Device Type": "Tag", "Tag ID": 17658370, "RSSI": "-84.00 dBm", "Monitor ID": 0, "CMD": 0, "Status Byte": "00000000", "Button 4": "0", "Button 3": "0", "Button 2": "0", "Button 1": "0", "Motion Flag": "0", "Retry Count": 0, "Reserved": "0", "IR ID": 0, "Version": 23, "Astar ID": 900, "LBI": 2878, "CMD3": "3e0b07", "Timestamp": "2025-05-16 12:44:31", "EKEY": 0, "LF Flag": 146}
2025-05-16 18:14:31 - Mismatch for 'Tag ID': Expected 17686523, Got 17658370
2025-05-16 18:14:31 - Mismatch for 'Button 3': Expected 1, Got 0
2025-05-16 18:14:31 - Validation failed with mismatches:
2025-05-16 18:14:31 - Key: Tag ID, Expected: 17686523, Actual: 17658370
2025-05-16 18:14:31 - Key: Button 3, Expected: 1, Actual: 0
2025-05-16 18:14:31 - {"Device Type": "Tag", "Tag ID": 9741740, "RSSI": "-78.00 dBm", "Monitor ID": 0, "CMD": 112, "Status Byte": "10000010", "Button 4": "1", "Button 3": "0", "Button 2": "0", "Button 1": "0", "Motion Flag": "0", "Retry Count": 1, "Reserved": "0", "IR ID": 0, "Version": 215, "Astar ID": 100, "LBI": 3957, "CMD3": "757f00", "Timestamp": "2025-05-16 12:44:31", "EKEY": 0, "LF Flag": 138}
2025-05-16 18:14:31 - Mismatch for 'Tag ID': Expected 17686523, Got 9741740
2025-05-16 18:14:31 - Mismatch for 'Button 4': Expected 0, Got 1
2025-05-16 18:14:31 - Mismatch for 'Button 3': Expected 1, Got 0
2025-05-16 18:14:31 - Validation failed with mismatches:
2025-05-16 18:14:31 - Key: Tag ID, Expected: 17686523, Actual: 9741740
2025-05-16 18:14:31 - Key: Button 4, Expected: 0, Actual: 1
2025-05-16 18:14:31 - Key: Button 3, Expected: 1, Actual: 0
2025-05-16 18:14:31 - {"Device Type": "Tag", "Tag ID": 17658580, "RSSI": "-74.00 dBm", "Monitor ID": 0, "CMD": 0, "Status Byte": "00000000", "Button 4": "0", "Button 3": "0", "Button 2": "0", "Button 1": "0", "Motion Flag": "0", "Retry Count": 0, "Reserved": "0", "IR ID": 0, "Version": 16, "Astar ID": 900, "LBI": 2960, "CMD3": "900b07", "Timestamp": "2025-05-16 12:44:31", "EKEY": 0, "LF Flag": 146}
2025-05-16 18:14:31 - Mismatch for 'Tag ID': Expected 17686523, Got 17658580
2025-05-16 18:14:31 - Mismatch for 'Button 3': Expected 1, Got 0
2025-05-16 18:14:31 - Validation failed with mismatches:
2025-05-16 18:14:31 - Key: Tag ID, Expected: 17686523, Actual: 17658580
2025-05-16 18:14:31 - Key: Button 3, Expected: 1, Actual: 0
2025-05-16 18:14:31 - {"Device Type": "Tag", "Tag ID": 4202014, "RSSI": "-61.00 dBm", "Monitor ID": 0, "CMD": 0, "Status Byte": "00001000", "Button 4": "0", "Button 3": "0", "Button 2": "0", "Button 1": "0", "Motion Flag": "1", "Retry Count": 0, "Reserved": "0", "IR ID": 72, "Version": 28, "Astar ID": 900, "LBI": 2711, "CMD3": "970a07", "Timestamp": "2025-05-16 12:44:31", "EKEY": 0, "LF Flag": 146}
2025-05-16 18:14:31 - Mismatch for 'Tag ID': Expected 17686523, Got 4202014
2025-05-16 18:14:31 - Mismatch for 'Button 3': Expected 1, Got 0
2025-05-16 18:14:31 - Validation failed with mismatches:
2025-05-16 18:14:31 - Key: Tag ID, Expected: 17686523, Actual: 4202014
2025-05-16 18:14:31 - Key: Button 3, Expected: 1, Actual: 0
2025-05-16 18:14:31 - {"Device Type": "Tag", "Tag ID": 4213116, "RSSI": "-94.00 dBm", "Monitor ID": 0, "CMD": 0, "Status Byte": "00000000", "Button 4": "0", "Button 3": "0", "Button 2": "0", "Button 1": "0", "Motion Flag": "0", "Retry Count": 0, "Reserved": "0", "IR ID": 0, "Version": 28, "Astar ID": 900, "LBI": 2924, "CMD3": "6c0b07", "Timestamp": "2025-05-16 12:44:31", "EKEY": 0, "LF Flag": 146}
2025-05-16 18:14:31 - Mismatch for 'Tag ID': Expected 17686523, Got 4213116
2025-05-16 18:14:31 - Mismatch for 'Button 3': Expected 1, Got 0
2025-05-16 18:14:31 - Validation failed with mismatches:
2025-05-16 18:14:31 - Key: Tag ID, Expected: 17686523, Actual: 4213116
2025-05-16 18:14:31 - Key: Button 3, Expected: 1, Actual: 0
2025-05-16 18:14:31 - {"Device Type": "Tag", "Tag ID": 4214130, "RSSI": "-88.00 dBm", "Monitor ID": 0, "CMD": 0, "Status Byte": "00000000", "Button 4": "0", "Button 3": "0", "Button 2": "0", "Button 1": "0", "Motion Flag": "0", "Retry Count": 0, "Reserved": "0", "IR ID": 0, "Version": 28, "Astar ID": 900, "LBI": 2925, "CMD3": "6d0b07", "Timestamp": "2025-05-16 12:44:31", "EKEY": 0, "LF Flag": 146}
2025-05-16 18:14:31 - Mismatch for 'Tag ID': Expected 17686523, Got 4214130
2025-05-16 18:14:31 - Mismatch for 'Button 3': Expected 1, Got 0
2025-05-16 18:14:31 - Validation failed with mismatches:
2025-05-16 18:14:31 - Key: Tag ID, Expected: 17686523, Actual: 4214130
2025-05-16 18:14:31 - Key: Button 3, Expected: 1, Actual: 0
2025-05-16 18:14:31 - {"Device Type": "Tag", "Tag ID": 4209174, "RSSI": "-95.00 dBm", "Monitor ID": 0, "CMD": 0, "Status Byte": "00000000", "Button 4": "0", "Button 3": "0", "Button 2": "0", "Button 1": "0", "Motion Flag": "0", "Retry Count": 0, "Reserved": "0", "IR ID": 0, "Version": 28, "Astar ID": 900, "LBI": 2945, "CMD3": "810b07", "Timestamp": "2025-05-16 12:44:31", "EKEY": 0, "LF Flag": 146}
2025-05-16 18:14:31 - Mismatch for 'Tag ID': Expected 17686523, Got 4209174
2025-05-16 18:14:31 - Mismatch for 'Button 3': Expected 1, Got 0
2025-05-16 18:14:31 - Validation failed with mismatches:
2025-05-16 18:14:31 - Key: Tag ID, Expected: 17686523, Actual: 4209174
2025-05-16 18:14:31 - Key: Button 3, Expected: 1, Actual: 0
2025-05-16 18:14:31 - {"Device Type": "Tag", "Tag ID": 17657962, "RSSI": "-75.00 dBm", "Monitor ID": 0, "CMD": 0, "Status Byte": "00000000", "Button 4": "0", "Button 3": "0", "Button 2": "0", "Button 1": "0", "Motion Flag": "0", "Retry Count": 0, "Reserved": "0", "IR ID": 0, "Version": 26, "Astar ID": 900, "LBI": 2633, "CMD3": "490a07", "Timestamp": "2025-05-16 12:44:31", "EKEY": 0, "LF Flag": 146}
2025-05-16 18:14:31 - Mismatch for 'Tag ID': Expected 17686523, Got 17657962
2025-05-16 18:14:31 - Mismatch for 'Button 3': Expected 1, Got 0
2025-05-16 18:14:31 - Validation failed with mismatches:
2025-05-16 18:14:31 - Key: Tag ID, Expected: 17686523, Actual: 17657962
2025-05-16 18:14:31 - Key: Button 3, Expected: 1, Actual: 0
2025-05-16 18:14:31 - {"Device Type": "Tag", "Tag ID": 17655929, "RSSI": "-90.00 dBm", "Monitor ID": 0, "CMD": 0, "Status Byte": "00000000", "Button 4": "0", "Button 3": "0", "Button 2": "0", "Button 1": "0", "Motion Flag": "0", "Retry Count": 0, "Reserved": "0", "IR ID": 0, "Version": 22, "Astar ID": 900, "LBI": 2851, "CMD3": "230b07", "Timestamp": "2025-05-16 12:44:31", "EKEY": 0, "LF Flag": 146}
2025-05-16 18:14:31 - Mismatch for 'Tag ID': Expected 17686523, Got 17655929
2025-05-16 18:14:31 - Mismatch for 'Button 3': Expected 1, Got 0
2025-05-16 18:14:31 - Validation failed with mismatches:
2025-05-16 18:14:31 - Key: Tag ID, Expected: 17686523, Actual: 17655929
2025-05-16 18:14:31 - Key: Button 3, Expected: 1, Actual: 0
2025-05-16 18:14:31 - {"Device Type": "Tag", "Tag ID": 4213846, "RSSI": "-92.00 dBm", "Monitor ID": 0, "CMD": 0, "Status Byte": "00000000", "Button 4": "0", "Button 3": "0", "Button 2": "0", "Button 1": "0", "Motion Flag": "0", "Retry Count": 0, "Reserved": "0", "IR ID": 0, "Version": 28, "Astar ID": 900, "LBI": 2916, "CMD3": "640b07", "Timestamp": "2025-05-16 12:44:31", "EKEY": 0, "LF Flag": 146}
2025-05-16 18:14:31 - Mismatch for 'Tag ID': Expected 17686523, Got 4213846
2025-05-16 18:14:31 - Mismatch for 'Button 3': Expected 1, Got 0
2025-05-16 18:14:31 - Validation failed with mismatches:
2025-05-16 18:14:31 - Key: Tag ID, Expected: 17686523, Actual: 4213846
2025-05-16 18:14:31 - Key: Button 3, Expected: 1, Actual: 0
2025-05-16 18:14:31 - {"Device Type": "Tag", "Tag ID": 4213846, "RSSI": "-92.00 dBm", "Monitor ID": 0, "CMD": 0, "Status Byte": "00000000", "Button 4": "0", "Button 3": "0", "Button 2": "0", "Button 1": "0", "Motion Flag": "0", "Retry Count": 0, "Reserved": "0", "IR ID": 0, "Version": 28, "Astar ID": 900, "LBI": 2916, "CMD3": "640b07", "Timestamp": "2025-05-16 12:44:31", "EKEY": 0, "LF Flag": 146}
2025-05-16 18:14:31 - Mismatch for 'Tag ID': Expected 17686523, Got 4213846
2025-05-16 18:14:31 - Mismatch for 'Button 3': Expected 1, Got 0
2025-05-16 18:14:31 - Validation failed with mismatches:
2025-05-16 18:14:31 - Key: Tag ID, Expected: 17686523, Actual: 4213846
2025-05-16 18:14:31 - Key: Button 3, Expected: 1, Actual: 0
2025-05-16 18:14:31 - {"Device Type": "Tag", "Tag ID": 4212071, "RSSI": "-71.00 dBm", "Monitor ID": 0, "CMD": 0, "Status Byte": "00000000", "Button 4": "0", "Button 3": "0", "Button 2": "0", "Button 1": "0", "Motion Flag": "0", "Retry Count": 0, "Reserved": "0", "IR ID": 0, "Version": 28, "Astar ID": 900, "LBI": 2980, "CMD3": "a40b07", "Timestamp": "2025-05-16 12:44:31", "EKEY": 0, "LF Flag": 146}
2025-05-16 18:14:31 - Mismatch for 'Tag ID': Expected 17686523, Got 4212071
2025-05-16 18:14:31 - Mismatch for 'Button 3': Expected 1, Got 0
2025-05-16 18:14:31 - Validation failed with mismatches:
2025-05-16 18:14:31 - Key: Tag ID, Expected: 17686523, Actual: 4212071
2025-05-16 18:14:31 - Key: Button 3, Expected: 1, Actual: 0
2025-05-16 18:14:31 - {"Device Type": "Tag", "Tag ID": 8477482, "RSSI": "-50.00 dBm", "Monitor ID": 0, "CMD": 0, "Status Byte": "10000010", "Button 4": "1", "Button 3": "0", "Button 2": "0", "Button 1": "0", "Motion Flag": "0", "Retry Count": 1, "Reserved": "0", "IR ID": 0, "Version": 26, "Astar ID": 100, "LBI": 2327, "CMD3": "00002f", "Timestamp": "2025-05-16 12:44:31", "EKEY": 0, "LF Flag": 138}
2025-05-16 18:14:31 - Mismatch for 'Tag ID': Expected 17686523, Got 8477482
2025-05-16 18:14:31 - Mismatch for 'Button 4': Expected 0, Got 1
2025-05-16 18:14:31 - Mismatch for 'Button 3': Expected 1, Got 0
2025-05-16 18:14:31 - Validation failed with mismatches:
2025-05-16 18:14:31 - Key: Tag ID, Expected: 17686523, Actual: 8477482
2025-05-16 18:14:31 - Key: Button 4, Expected: 0, Actual: 1
2025-05-16 18:14:31 - Key: Button 3, Expected: 1, Actual: 0
2025-05-16 18:14:31 - {"Device Type": "Tag", "Tag ID": 8477482, "RSSI": "-48.00 dBm", "Monitor ID": 0, "CMD": 0, "Status Byte": "10000010", "Button 4": "1", "Button 3": "0", "Button 2": "0", "Button 1": "0", "Motion Flag": "0", "Retry Count": 1, "Reserved": "0", "IR ID": 0, "Version": 26, "Astar ID": 100, "LBI": 2327, "CMD3": "00002f", "Timestamp": "2025-05-16 12:44:31", "EKEY": 0, "LF Flag": 138}
2025-05-16 18:14:31 - Mismatch for 'Tag ID': Expected 17686523, Got 8477482
2025-05-16 18:14:31 - Mismatch for 'Button 4': Expected 0, Got 1
2025-05-16 18:14:31 - Mismatch for 'Button 3': Expected 1, Got 0
2025-05-16 18:14:31 - Validation failed with mismatches:
2025-05-16 18:14:31 - Key: Tag ID, Expected: 17686523, Actual: 8477482
2025-05-16 18:14:31 - Key: Button 4, Expected: 0, Actual: 1
2025-05-16 18:14:31 - Key: Button 3, Expected: 1, Actual: 0
2025-05-16 18:14:31 - {"Device Type": "Tag", "Tag ID": 8437939, "RSSI": "-80.00 dBm", "Monitor ID": 0, "CMD": 0, "Status Byte": "00000010", "Button 4": "0", "Button 3": "0", "Button 2": "0", "Button 1": "0", "Motion Flag": "0", "Retry Count": 1, "Reserved": "0", "IR ID": 0, "Version": 24, "Astar ID": 100, "LBI": 971, "CMD3": "920105", "Timestamp": "2025-05-16 12:44:31", "EKEY": 0, "LF Flag": 128}
2025-05-16 18:14:31 - Mismatch for 'Tag ID': Expected 17686523, Got 8437939
2025-05-16 18:14:31 - Mismatch for 'Button 3': Expected 1, Got 0
2025-05-16 18:14:31 - Validation failed with mismatches:
2025-05-16 18:14:31 - Key: Tag ID, Expected: 17686523, Actual: 8437939
2025-05-16 18:14:31 - Key: Button 3, Expected: 1, Actual: 0
2025-05-16 18:14:31 - {"Device Type": "Tag", "Tag ID": 17654750, "RSSI": "-85.00 dBm", "Monitor ID": 0, "CMD": 0, "Status Byte": "00000000", "Button 4": "0", "Button 3": "0", "Button 2": "0", "Button 1": "0", "Motion Flag": "0", "Retry Count": 0, "Reserved": "0", "IR ID": 0, "Version": 20, "Astar ID": 900, "LBI": 2828, "CMD3": "0c0b07", "Timestamp": "2025-05-16 12:44:31", "EKEY": 0, "LF Flag": 146}
2025-05-16 18:14:31 - Mismatch for 'Tag ID': Expected 17686523, Got 17654750
2025-05-16 18:14:31 - Mismatch for 'Button 3': Expected 1, Got 0
2025-05-16 18:14:31 - Validation failed with mismatches:
2025-05-16 18:14:31 - Key: Tag ID, Expected: 17686523, Actual: 17654750
2025-05-16 18:14:31 - Key: Button 3, Expected: 1, Actual: 0
2025-05-16 18:14:31 - {"Device Type": "Tag", "Tag ID": 4213072, "RSSI": "-60.00 dBm", "Monitor ID": 0, "CMD": 0, "Status Byte": "00000000", "Button 4": "0", "Button 3": "0", "Button 2": "0", "Button 1": "0", "Motion Flag": "0", "Retry Count": 0, "Reserved": "0", "IR ID": 0, "Version": 28, "Astar ID": 900, "LBI": 2975, "CMD3": "9f0b07", "Timestamp": "2025-05-16 12:44:31", "EKEY": 0, "LF Flag": 146}
2025-05-16 18:14:31 - Mismatch for 'Tag ID': Expected 17686523, Got 4213072
2025-05-16 18:14:31 - Mismatch for 'Button 3': Expected 1, Got 0
2025-05-16 18:14:31 - Validation failed with mismatches:
2025-05-16 18:14:31 - Key: Tag ID, Expected: 17686523, Actual: 4213072
2025-05-16 18:14:31 - Key: Button 3, Expected: 1, Actual: 0
2025-05-16 18:14:31 - {"Device Type": "Tag", "Tag ID": 4213072, "RSSI": "-60.00 dBm", "Monitor ID": 0, "CMD": 0, "Status Byte": "00000000", "Button 4": "0", "Button 3": "0", "Button 2": "0", "Button 1": "0", "Motion Flag": "0", "Retry Count": 0, "Reserved": "0", "IR ID": 0, "Version": 28, "Astar ID": 900, "LBI": 2975, "CMD3": "9f0b07", "Timestamp": "2025-05-16 12:44:31", "EKEY": 0, "LF Flag": 146}
2025-05-16 18:14:31 - Mismatch for 'Tag ID': Expected 17686523, Got 4213072
2025-05-16 18:14:31 - Mismatch for 'Button 3': Expected 1, Got 0
2025-05-16 18:14:31 - Validation failed with mismatches:
2025-05-16 18:14:31 - Key: Tag ID, Expected: 17686523, Actual: 4213072
2025-05-16 18:14:31 - Key: Button 3, Expected: 1, Actual: 0
2025-05-16 18:14:31 - {"Device Type": "Tag", "Tag ID": 4213072, "RSSI": "-64.00 dBm", "Monitor ID": 0, "CMD": 0, "Status Byte": "00000000", "Button 4": "0", "Button 3": "0", "Button 2": "0", "Button 1": "0", "Motion Flag": "0", "Retry Count": 0, "Reserved": "0", "IR ID": 0, "Version": 28, "Astar ID": 900, "LBI": 2975, "CMD3": "9f0b07", "Timestamp": "2025-05-16 12:44:31", "EKEY": 0, "LF Flag": 146}
2025-05-16 18:14:31 - Mismatch for 'Tag ID': Expected 17686523, Got 4213072
2025-05-16 18:14:31 - Mismatch for 'Button 3': Expected 1, Got 0
2025-05-16 18:14:31 - Validation failed with mismatches:
2025-05-16 18:14:31 - Key: Tag ID, Expected: 17686523, Actual: 4213072
2025-05-16 18:14:31 - Key: Button 3, Expected: 1, Actual: 0
2025-05-16 18:14:31 - {"Device Type": "Tag", "Tag ID": 4213072, "RSSI": "-60.00 dBm", "Monitor ID": 0, "CMD": 0, "Status Byte": "00000000", "Button 4": "0", "Button 3": "0", "Button 2": "0", "Button 1": "0", "Motion Flag": "0", "Retry Count": 0, "Reserved": "0", "IR ID": 0, "Version": 28, "Astar ID": 900, "LBI": 2975, "CMD3": "9f0b07", "Timestamp": "2025-05-16 12:44:31", "EKEY": 0, "LF Flag": 146}
2025-05-16 18:14:31 - Mismatch for 'Tag ID': Expected 17686523, Got 4213072
2025-05-16 18:14:31 - Mismatch for 'Button 3': Expected 1, Got 0
2025-05-16 18:14:31 - Validation failed with mismatches:
2025-05-16 18:14:31 - Key: Tag ID, Expected: 17686523, Actual: 4213072
2025-05-16 18:14:31 - Key: Button 3, Expected: 1, Actual: 0
2025-05-16 18:14:31 - {"Device Type": "Tag", "Tag ID": 4213072, "RSSI": "-64.00 dBm", "Monitor ID": 0, "CMD": 0, "Status Byte": "00000000", "Button 4": "0", "Button 3": "0", "Button 2": "0", "Button 1": "0", "Motion Flag": "0", "Retry Count": 0, "Reserved": "0", "IR ID": 0, "Version": 28, "Astar ID": 900, "LBI": 2975, "CMD3": "9f0b07", "Timestamp": "2025-05-16 12:44:31", "EKEY": 0, "LF Flag": 146}
2025-05-16 18:14:31 - Mismatch for 'Tag ID': Expected 17686523, Got 4213072
2025-05-16 18:14:31 - Mismatch for 'Button 3': Expected 1, Got 0
2025-05-16 18:14:31 - Validation failed with mismatches:
2025-05-16 18:14:31 - Key: Tag ID, Expected: 17686523, Actual: 4213072
2025-05-16 18:14:31 - Key: Button 3, Expected: 1, Actual: 0
2025-07-22 09:55:12 - Executing Button_01 : To validate button1 short press 

2025-07-22 09:55:21 - Executing Location_01 : To validate Location packet 
 
2025-07-22 09:56:50 - Executing Button_01 : To validate button1 short press 

2025-07-22 09:56:59 - Executing Location_01 : To validate Location packet 
 
2025-07-22 09:57:29 - Executing Battery_01 : To validate battery voltage 
  
2025-07-22 09:57:37 - Executing Version_01 : To validate tag FW version 
  
2025-07-22 09:59:06 - Executing Button_10 : To validate simultaneous short key press on 1,3  
2025-07-22 09:59:15 - Executing Motion_01 : To validate Resting state to Motion state  
2025-07-22 10:08:26 - Executing Button_01 : To validate button1 short press 

2025-07-22 10:08:29 - tag1skey1
2025-07-22 10:08:36 - Executing Location_01 : To validate Location packet 
 
2025-07-22 10:08:39 - servo1.start
2025-07-22 10:08:45 - servo1.stop
2025-07-22 10:08:49 - Executing Battery_01 : To validate battery voltage 
  
2025-07-22 10:08:52 - tag1skey1
2025-07-22 10:09:09 - Executing Version_01 : To validate tag FW version 
  
2025-07-22 10:09:12 - tag1skey1
2025-07-22 10:09:26 - tag1skey2
2025-07-22 10:09:40 - tag1skey3
2025-07-22 10:09:50 - tag1lkey1
2025-07-22 10:09:59 - tag1lkey2
2025-07-22 10:10:09 - tag1lkey3
2025-07-22 10:10:19 - tag1dkey1
2025-07-22 10:10:29 - tag1dkey2
2025-07-22 10:10:38 - tag1multiskey1,2
2025-07-22 10:10:50 - Executing Button_10 : To validate simultaneous short key press on 1,3  
2025-07-22 10:10:53 - tag1multiskey1,3
2025-07-22 10:11:00 - Executing Motion_01 : To validate Resting state to Motion state  
2025-07-22 10:11:03 - servo1.start
2025-07-22 10:11:36 - servo1.start
2025-07-22 10:11:39 - servo1.stop
2025-07-22 10:12:20 - servo1.start
2025-07-22 10:14:51 - servo1.stop
2025-07-22 10:15:18 - servo1.start
2025-07-22 10:15:21 - servo1.stop
2025-07-22 10:16:02 - servo1.start
2025-07-22 10:20:39 - servo1.stop
2025-07-22 10:22:21 - servo1.start
2025-07-22 10:22:24 - servo1.stop
2025-07-22 10:24:55 - servo1.start
2025-07-22 10:33:31 - servo1.stop
2025-07-22 10:34:58 - servo1.start
2025-07-22 10:35:01 - servo1.stop
2025-07-22 10:37:32 - servo1.start
2025-07-22 10:39:09 - servo1.stop
2025-07-22 10:41:12 - servo1.start
2025-07-22 10:41:15 - servo1.stop
2025-07-22 10:43:23 - tag1skey3
2025-07-22 10:50:48 - tag1skey3
2025-07-22 10:50:58 - {"Device Type": "Tag", "Tag ID": 17686527, "RSSI": "-60.00 dBm", "Monitor ID": 8449603, "CMD": 0, "Status Byte": "01000010", "Button 4": "0", "Button 3": "1", "Button 2": "0", "Button 1": "0", "Motion Flag": "0", "Retry Count": 1, "Reserved": "0", "IR ID": 501, "Version": 113, "Astar ID": 1, "LBI": 3011, "CMD3": "c30b07", "Timestamp": "2025-07-22 05:20:53", "EKEY": 4, "LF Flag": 3}
2025-07-22 10:50:58 - Validation successful!
2025-07-22 11:01:24 - tag1skey3
2025-07-22 11:01:33 - {"Device Type": "Tag", "Tag ID": 17686527, "RSSI": "-59.00 dBm", "Monitor ID": 8449603, "CMD": 0, "Status Byte": "01000010", "Button 4": "0", "Button 3": "1", "Button 2": "0", "Button 1": "0", "Motion Flag": "0", "Retry Count": 1, "Reserved": "0", "IR ID": 501, "Version": 113, "Astar ID": 1, "LBI": 2996, "CMD3": "190014", "Timestamp": "2025-07-22 05:31:29", "EKEY": 4, "LF Flag": 3}
2025-07-22 11:01:33 - Validation successful!
2025-07-22 11:01:33 - open_ll(opt=0)
2025-07-22 11:01:33 - device_open(u/js220/003155) \\?\usb#vid_16d0&pid_10ba#003155#{e27188c8-98ff-41de-be50-653324c6b19c}
2025-07-22 11:01:33 - open(opt=0)
2025-07-22 11:01:33 - bulk_in_stream_open 130
2025-07-22 11:01:33 - bulk_in_initialize pipe_id=0x82
2025-07-22 11:01:33 - MAXIMUM_TRANSFER_SIZE pipe_id=0x82 bytes=2097152
2025-07-22 11:01:33 - port0 connect rsp
2025-07-22 11:01:33 - JS220 app_id=3, FW=1.3.0, HW=1.0.0, FPGA=1.3.3, protocol=1.0.0
2025-07-22 11:01:33 - open complete
2025-07-22 11:01:33 - on_sampling_frequency(2000000)
2025-07-22 11:01:33 - jsdrv_downsample_alloc signal_n=1, gpi_n=1
2025-07-22 11:01:33 - read(duration=None, contiguous_duration=1, out_format=None)
2025-07-22 11:01:34 - received stop callback: pending stop
2025-07-22 11:01:34 - read available range 477826304, 478827248
2025-07-22 11:01:34 - read actual 477827248, 478827248
2025-07-22 11:01:34 - close
2025-07-22 11:01:34 - device_close(u/js220/003155)
2025-07-22 11:01:34 - bulk_in_finalize ep=0x82
2025-07-22 11:01:34 - close
2025-07-22 11:01:34 - jsdrv_finalize 0000027E49012B50
2025-07-22 11:01:34 - USB backend finalize
2025-07-22 11:01:34 - JS220 USB upper-level thread done u/js220/003155
2025-07-22 11:01:34 - finalize usb backend
2025-07-22 11:01:34 - winusb backend finalize
2025-07-22 11:01:34 - USB backend_thread done
2025-07-22 11:01:34 - USB device_thread closing u/js220/003155
2025-07-22 11:01:34 - device_close(u/js220/003155)
2025-07-22 11:01:34 - USB device_thread closed u/js220/003155
2025-07-22 11:02:37 - tag1skey3
2025-07-22 11:02:48 - {"Device Type": "Tag", "Tag ID": 17686527, "RSSI": "-58.00 dBm", "Monitor ID": 8449603, "CMD": 0, "Status Byte": "01001010", "Button 4": "0", "Button 3": "1", "Button 2": "0", "Button 1": "0", "Motion Flag": "1", "Retry Count": 1, "Reserved": "0", "IR ID": 501, "Version": 113, "Astar ID": 1, "LBI": 2996, "CMD3": "b40b07", "Timestamp": "2025-07-22 05:32:43", "EKEY": 4, "LF Flag": 3}
2025-07-22 11:02:48 - Validation successful!
2025-07-22 11:02:48 - open_ll(opt=0)
2025-07-22 11:02:48 - device_open(u/js220/003155) \\?\usb#vid_16d0&pid_10ba#003155#{e27188c8-98ff-41de-be50-653324c6b19c}
2025-07-22 11:02:48 - open(opt=0)
2025-07-22 11:02:48 - bulk_in_stream_open 130
2025-07-22 11:02:48 - bulk_in_initialize pipe_id=0x82
2025-07-22 11:02:48 - MAXIMUM_TRANSFER_SIZE pipe_id=0x82 bytes=2097152
2025-07-22 11:02:48 - port0 connect rsp
2025-07-22 11:02:48 - JS220 app_id=3, FW=1.3.0, HW=1.0.0, FPGA=1.3.3, protocol=1.0.0
2025-07-22 11:02:48 - open complete
2025-07-22 11:02:48 - on_sampling_frequency(2000000)
2025-07-22 11:02:48 - jsdrv_downsample_alloc signal_n=1, gpi_n=1
2025-07-22 11:02:49 - read(duration=None, contiguous_duration=1, out_format=None)
2025-07-22 11:02:50 - received stop callback: pending stop
2025-07-22 11:02:50 - read available range 553320464, 554321912
2025-07-22 11:02:50 - read actual 553321912, 554321912
2025-07-22 11:02:50 - close
2025-07-22 11:02:50 - device_close(u/js220/003155)
2025-07-22 11:02:50 - bulk_in_finalize ep=0x82
2025-07-22 11:02:50 - close
2025-07-22 11:02:50 - jsdrv_finalize 000001CF28F04000
2025-07-22 11:02:50 - USB backend finalize
2025-07-22 11:02:50 - JS220 USB upper-level thread done u/js220/003155
2025-07-22 11:02:50 - finalize usb backend
2025-07-22 11:02:50 - winusb backend finalize
2025-07-22 11:02:50 - USB backend_thread done
2025-07-22 11:02:50 - USB device_thread closing u/js220/003155
2025-07-22 11:02:50 - device_close(u/js220/003155)
2025-07-22 11:02:50 - USB device_thread closed u/js220/003155
2025-07-22 11:04:27 - tag1skey3
2025-07-22 11:04:38 - {"Device Type": "Tag", "Tag ID": 17686527, "RSSI": "-63.00 dBm", "Monitor ID": 8449603, "CMD": 0, "Status Byte": "00001010", "Button 4": "0", "Button 3": "0", "Button 2": "0", "Button 1": "0", "Motion Flag": "1", "Retry Count": 1, "Reserved": "0", "IR ID": 501, "Version": 113, "Astar ID": 1, "LBI": 2996, "CMD3": "1b0014", "Timestamp": "2025-07-22 05:34:29", "EKEY": 0, "LF Flag": 3}
2025-07-22 11:04:38 - Mismatch for 'Button 3': Expected 1, Got 0
2025-07-22 11:04:38 - Validation failed with mismatches:
2025-07-22 11:04:38 - Key: Button 3, Expected: 1, Actual: 0
2025-07-22 11:04:38 - {"Device Type": "Tag", "Tag ID": 17686527, "RSSI": "-56.00 dBm", "Monitor ID": 8449603, "CMD": 0, "Status Byte": "01001010", "Button 4": "0", "Button 3": "1", "Button 2": "0", "Button 1": "0", "Motion Flag": "1", "Retry Count": 1, "Reserved": "0", "IR ID": 501, "Version": 113, "Astar ID": 1, "LBI": 2996, "CMD3": "710006", "Timestamp": "2025-07-22 05:34:33", "EKEY": 4, "LF Flag": 3}
2025-07-22 11:04:38 - Validation successful!
2025-07-22 11:04:38 - open_ll(opt=0)
2025-07-22 11:04:38 - device_open(u/js220/003155) \\?\usb#vid_16d0&pid_10ba#003155#{e27188c8-98ff-41de-be50-653324c6b19c}
2025-07-22 11:04:38 - open(opt=0)
2025-07-22 11:04:38 - bulk_in_stream_open 130
2025-07-22 11:04:38 - bulk_in_initialize pipe_id=0x82
2025-07-22 11:04:38 - MAXIMUM_TRANSFER_SIZE pipe_id=0x82 bytes=2097152
2025-07-22 11:04:38 - port0 connect rsp
2025-07-22 11:04:38 - JS220 app_id=3, FW=1.3.0, HW=1.0.0, FPGA=1.3.3, protocol=1.0.0
2025-07-22 11:04:38 - open complete
2025-07-22 11:04:38 - on_sampling_frequency(2000000)
2025-07-22 11:04:38 - jsdrv_downsample_alloc signal_n=1, gpi_n=1
2025-07-22 11:04:38 - read(duration=None, contiguous_duration=1, out_format=None)
2025-07-22 11:04:39 - received stop callback: pending stop
2025-07-22 11:04:39 - read available range 662817488, 663818684
2025-07-22 11:04:39 - read actual 662818684, 663818684
2025-07-22 11:04:39 - close
2025-07-22 11:04:39 - device_close(u/js220/003155)
2025-07-22 11:04:39 - bulk_in_finalize ep=0x82
2025-07-22 11:04:39 - close
2025-07-22 11:04:39 - jsdrv_finalize 00000297AB38F860
2025-07-22 11:04:39 - USB backend finalize
2025-07-22 11:04:39 - JS220 USB upper-level thread done u/js220/003155
2025-07-22 11:04:39 - finalize usb backend
2025-07-22 11:04:39 - winusb backend finalize
2025-07-22 11:04:39 - USB backend_thread done
2025-07-22 11:04:39 - USB device_thread closing u/js220/003155
2025-07-22 11:04:39 - device_close(u/js220/003155)
2025-07-22 11:04:39 - USB device_thread closed u/js220/003155
2025-07-22 14:48:46 - tag1skey3
2025-07-22 15:37:57 - tag1skey3
2025-07-22 15:38:03 - {"Device Type": "Tag", "Tag ID": 9295078, "RSSI": "-82.00 dBm", "Monitor ID": 0, "CMD": 0, "Status Byte": "00001000", "Button 4": "0", "Button 3": "0", "Button 2": "0", "Button 1": "0", "Motion Flag": "1", "Retry Count": 0, "Reserved": "0", "IR ID": 0, "Version": 113, "Astar ID": 900, "LBI": 793, "CMD3": "190b07", "Timestamp": "2025-07-22 10:07:58", "EKEY": 0, "LF Flag": 144}
2025-07-22 15:38:03 - Mismatch for 'Tag ID': Expected 17686527, Got 9295078
2025-07-22 15:38:03 - Mismatch for 'Button 3': Expected 1, Got 0
2025-07-22 15:38:03 - Validation failed with mismatches:
2025-07-22 15:38:03 - Key: Tag ID, Expected: 17686527, Actual: 9295078
2025-07-22 15:38:03 - Key: Button 3, Expected: 1, Actual: 0
2025-07-22 15:38:03 - {"Device Type": "Tag", "Tag ID": 9295078, "RSSI": "-84.00 dBm", "Monitor ID": 0, "CMD": 0, "Status Byte": "00001000", "Button 4": "0", "Button 3": "0", "Button 2": "0", "Button 1": "0", "Motion Flag": "1", "Retry Count": 0, "Reserved": "0", "IR ID": 0, "Version": 113, "Astar ID": 900, "LBI": 793, "CMD3": "190b07", "Timestamp": "2025-07-22 10:08:01", "EKEY": 0, "LF Flag": 144}
2025-07-22 15:38:03 - Mismatch for 'Tag ID': Expected 17686527, Got 9295078
2025-07-22 15:38:03 - Mismatch for 'Button 3': Expected 1, Got 0
2025-07-22 15:38:03 - Validation failed with mismatches:
2025-07-22 15:38:03 - Key: Tag ID, Expected: 17686527, Actual: 9295078
2025-07-22 15:38:03 - Key: Button 3, Expected: 1, Actual: 0
2025-07-22 15:38:29 - tag1skey3
2025-07-22 15:38:36 - {"Device Type": "Tag", "Tag ID": 908625, "RSSI": "-80.00 dBm", "Monitor ID": 0, "CMD": 0, "Status Byte": "00000000", "Button 4": "0", "Button 3": "0", "Button 2": "0", "Button 1": "0", "Motion Flag": "0", "Retry Count": 0, "Reserved": "0", "IR ID": 0, "Version": 8, "Astar ID": 900, "LBI": 913, "CMD3": "910b07", "Timestamp": "2025-07-22 10:08:34", "EKEY": 0, "LF Flag": 144}
2025-07-22 15:38:36 - Mismatch for 'Tag ID': Expected 17686527, Got 908625
2025-07-22 15:38:36 - Mismatch for 'Button 3': Expected 1, Got 0
2025-07-22 15:38:36 - Validation failed with mismatches:
2025-07-22 15:38:36 - Key: Tag ID, Expected: 17686527, Actual: 908625
2025-07-22 15:38:36 - Key: Button 3, Expected: 1, Actual: 0
2025-07-22 15:38:36 - {"Device Type": "Tag", "Tag ID": 17686527, "RSSI": "-61.00 dBm", "Monitor ID": 8508906, "CMD": 0, "Status Byte": "01000010", "Button 4": "0", "Button 3": "1", "Button 2": "0", "Button 1": "0", "Motion Flag": "0", "Retry Count": 1, "Reserved": "0", "IR ID": 101, "Version": 113, "Astar ID": 1, "LBI": 2994, "CMD3": "710006", "Timestamp": "2025-07-22 10:08:35", "EKEY": 4, "LF Flag": 2}
2025-07-22 15:38:36 - Validation successful!
2025-07-22 15:38:37 - open_ll(opt=0)
2025-07-22 15:38:37 - device_open(u/js220/003155) \\?\usb#vid_16d0&pid_10ba#003155#{e27188c8-98ff-41de-be50-653324c6b19c}
2025-07-22 15:38:37 - open(opt=0)
2025-07-22 15:38:37 - bulk_in_stream_open 130
2025-07-22 15:38:37 - bulk_in_initialize pipe_id=0x82
2025-07-22 15:38:37 - MAXIMUM_TRANSFER_SIZE pipe_id=0x82 bytes=2097152
2025-07-22 15:38:37 - port0 connect rsp
2025-07-22 15:38:37 - JS220 app_id=3, FW=1.3.0, HW=1.0.0, FPGA=1.3.3, protocol=1.0.0
2025-07-22 15:38:37 - open complete
2025-07-22 15:38:37 - on_sampling_frequency(2000000)
2025-07-22 15:38:37 - jsdrv_downsample_alloc signal_n=1, gpi_n=1
2025-07-22 15:38:37 - read(duration=None, contiguous_duration=1, out_format=None)
2025-07-22 15:38:38 - received stop callback: pending stop
2025-07-22 15:38:38 - read available range 3555280544, 3556280984
2025-07-22 15:38:38 - read actual 3555280984, 3556280984
2025-07-22 15:38:38 - close
2025-07-22 15:38:38 - device_close(u/js220/003155)
2025-07-22 15:38:38 - bulk_in_finalize ep=0x82
2025-07-22 15:38:38 - close
2025-07-22 15:38:38 - jsdrv_finalize 000001B95BAA9630
2025-07-22 15:38:38 - USB backend finalize
2025-07-22 15:38:38 - JS220 USB upper-level thread done u/js220/003155
2025-07-22 15:38:38 - finalize usb backend
2025-07-22 15:38:38 - winusb backend finalize
2025-07-22 15:38:38 - USB backend_thread done
2025-07-22 15:38:38 - USB device_thread closing u/js220/003155
2025-07-22 15:38:38 - device_close(u/js220/003155)
2025-07-22 15:38:38 - USB device_thread closed u/js220/003155
2025-07-22 15:41:58 - tag1skey3
2025-07-22 15:42:04 - {"Device Type": "Tag", "Tag ID": 9295078, "RSSI": "-84.00 dBm", "Monitor ID": 0, "CMD": 0, "Status Byte": "00001000", "Button 4": "0", "Button 3": "0", "Button 2": "0", "Button 1": "0", "Motion Flag": "1", "Retry Count": 0, "Reserved": "0", "IR ID": 0, "Version": 113, "Astar ID": 900, "LBI": 795, "CMD3": "1b0b07", "Timestamp": "2025-07-22 10:11:59", "EKEY": 0, "LF Flag": 144}
2025-07-22 15:42:04 - Mismatch for 'Tag ID': Expected 17686527, Got 9295078
2025-07-22 15:42:04 - Mismatch for 'Button 3': Expected 1, Got 0
2025-07-22 15:42:04 - Validation failed with mismatches:
2025-07-22 15:42:04 - Key: Tag ID, Expected: 17686527, Actual: 9295078
2025-07-22 15:42:04 - Key: Button 3, Expected: 1, Actual: 0
2025-07-22 15:42:04 - {"Device Type": "Tag", "Tag ID": 9295078, "RSSI": "-84.00 dBm", "Monitor ID": 0, "CMD": 0, "Status Byte": "00001000", "Button 4": "0", "Button 3": "0", "Button 2": "0", "Button 1": "0", "Motion Flag": "1", "Retry Count": 0, "Reserved": "0", "IR ID": 0, "Version": 113, "Astar ID": 900, "LBI": 795, "CMD3": "1b0b07", "Timestamp": "2025-07-22 10:12:01", "EKEY": 0, "LF Flag": 144}
2025-07-22 15:42:04 - Mismatch for 'Tag ID': Expected 17686527, Got 9295078
2025-07-22 15:42:04 - Mismatch for 'Button 3': Expected 1, Got 0
2025-07-22 15:42:04 - Validation failed with mismatches:
2025-07-22 15:42:04 - Key: Tag ID, Expected: 17686527, Actual: 9295078
2025-07-22 15:42:04 - Key: Button 3, Expected: 1, Actual: 0
2025-07-22 15:42:04 - {"Device Type": "Tag", "Tag ID": 4211784, "RSSI": "-85.00 dBm", "Monitor ID": 0, "CMD": 0, "Status Byte": "00000000", "Button 4": "0", "Button 3": "0", "Button 2": "0", "Button 1": "0", "Motion Flag": "0", "Retry Count": 0, "Reserved": "0", "IR ID": 0, "Version": 28, "Astar ID": 900, "LBI": 2686, "CMD3": "7e0a07", "Timestamp": "2025-07-22 10:12:04", "EKEY": 0, "LF Flag": 146}
2025-07-22 15:42:04 - Mismatch for 'Tag ID': Expected 17686527, Got 4211784
2025-07-22 15:42:04 - Mismatch for 'Button 3': Expected 1, Got 0
2025-07-22 15:42:04 - Validation failed with mismatches:
2025-07-22 15:42:04 - Key: Tag ID, Expected: 17686527, Actual: 4211784
2025-07-22 15:42:04 - Key: Button 3, Expected: 1, Actual: 0
2025-07-22 15:42:05 - open_ll(opt=0)
2025-07-22 15:42:05 - device_open(u/js220/003155) \\?\usb#vid_16d0&pid_10ba#003155#{e27188c8-98ff-41de-be50-653324c6b19c}
2025-07-22 15:42:05 - open(opt=0)
2025-07-22 15:42:05 - bulk_in_stream_open 130
2025-07-22 15:42:05 - bulk_in_initialize pipe_id=0x82
2025-07-22 15:42:05 - MAXIMUM_TRANSFER_SIZE pipe_id=0x82 bytes=2097152
2025-07-22 15:42:05 - port0 connect rsp
2025-07-22 15:42:05 - JS220 app_id=3, FW=1.3.0, HW=1.0.0, FPGA=1.3.3, protocol=1.0.0
2025-07-22 15:42:05 - open complete
2025-07-22 15:42:05 - on_sampling_frequency(2000000)
2025-07-22 15:42:05 - jsdrv_downsample_alloc signal_n=1, gpi_n=1
2025-07-22 15:42:05 - read(duration=None, contiguous_duration=1, out_format=None)
2025-07-22 15:42:06 - received stop callback: pending stop
2025-07-22 15:42:06 - read available range 3763192640, 3764193080
2025-07-22 15:42:06 - read actual 3763193080, 3764193080
2025-07-22 15:42:06 - close
2025-07-22 15:42:06 - device_close(u/js220/003155)
2025-07-22 15:42:06 - bulk_in_finalize ep=0x82
2025-07-22 15:42:06 - close
2025-07-22 15:42:06 - jsdrv_finalize 00000253542BBF90
2025-07-22 15:42:06 - USB backend finalize
2025-07-22 15:42:06 - JS220 USB upper-level thread done u/js220/003155
2025-07-22 15:42:06 - finalize usb backend
2025-07-22 15:42:06 - winusb backend finalize
2025-07-22 15:42:06 - USB backend_thread done
2025-07-22 15:42:06 - USB device_thread closing u/js220/003155
2025-07-22 15:42:06 - device_close(u/js220/003155)
2025-07-22 15:42:06 - USB device_thread closed u/js220/003155
2025-07-22 15:42:38 - tag1skey3
2025-07-22 15:42:47 - {"Device Type": "Tag", "Tag ID": 9295078, "RSSI": "-89.00 dBm", "Monitor ID": 0, "CMD": 0, "Status Byte": "00001000", "Button 4": "0", "Button 3": "0", "Button 2": "0", "Button 1": "0", "Motion Flag": "1", "Retry Count": 0, "Reserved": "0", "IR ID": 0, "Version": 113, "Astar ID": 900, "LBI": 795, "CMD3": "1b0b07", "Timestamp": "2025-07-22 10:12:42", "EKEY": 0, "LF Flag": 144}
2025-07-22 15:42:47 - Mismatch for 'Tag ID': Expected 17686527, Got 9295078
2025-07-22 15:42:47 - Mismatch for 'Button 3': Expected 1, Got 0
2025-07-22 15:42:47 - Validation failed with mismatches:
2025-07-22 15:42:47 - Key: Tag ID, Expected: 17686527, Actual: 9295078
2025-07-22 15:42:47 - Key: Button 3, Expected: 1, Actual: 0
2025-07-22 15:42:47 - {"Device Type": "Tag", "Tag ID": 17684215, "RSSI": "-77.00 dBm", "Monitor ID": 0, "CMD": 0, "Status Byte": "00000010", "Button 4": "0", "Button 3": "0", "Button 2": "0", "Button 1": "0", "Motion Flag": "0", "Retry Count": 1, "Reserved": "0", "IR ID": 0, "Version": 113, "Astar ID": 1, "LBI": 2704, "CMD3": "900a07", "Timestamp": "2025-07-22 10:12:42", "EKEY": 0, "LF Flag": 2}
2025-07-22 15:42:47 - Mismatch for 'Tag ID': Expected 17686527, Got 17684215
2025-07-22 15:42:47 - Mismatch for 'Button 3': Expected 1, Got 0
2025-07-22 15:42:47 - Validation failed with mismatches:
2025-07-22 15:42:47 - Key: Tag ID, Expected: 17686527, Actual: 17684215
2025-07-22 15:42:47 - Key: Button 3, Expected: 1, Actual: 0
2025-07-22 15:42:47 - open_ll(opt=0)
2025-07-22 15:42:47 - device_open(u/js220/003155) \\?\usb#vid_16d0&pid_10ba#003155#{e27188c8-98ff-41de-be50-653324c6b19c}
2025-07-22 15:42:47 - open(opt=0)
2025-07-22 15:42:47 - bulk_in_stream_open 130
2025-07-22 15:42:47 - bulk_in_initialize pipe_id=0x82
2025-07-22 15:42:47 - MAXIMUM_TRANSFER_SIZE pipe_id=0x82 bytes=2097152
2025-07-22 15:42:47 - port0 connect rsp
2025-07-22 15:42:47 - JS220 app_id=3, FW=1.3.0, HW=1.0.0, FPGA=1.3.3, protocol=1.0.0
2025-07-22 15:42:47 - open complete
2025-07-22 15:42:47 - on_sampling_frequency(2000000)
2025-07-22 15:42:47 - jsdrv_downsample_alloc signal_n=1, gpi_n=1
2025-07-22 15:42:48 - read(duration=None, contiguous_duration=1, out_format=None)
2025-07-22 15:42:49 - received stop callback: pending stop
2025-07-22 15:42:49 - read available range 3806003408, 3807004604
2025-07-22 15:42:49 - read actual 3806004604, 3807004604
2025-07-22 15:42:49 - close
2025-07-22 15:42:49 - device_close(u/js220/003155)
2025-07-22 15:42:49 - bulk_in_finalize ep=0x82
2025-07-22 15:42:49 - close
2025-07-22 15:42:49 - jsdrv_finalize 000001FBB6DF53B0
2025-07-22 15:42:49 - USB backend finalize
2025-07-22 15:42:49 - JS220 USB upper-level thread done u/js220/003155
2025-07-22 15:42:49 - finalize usb backend
2025-07-22 15:42:49 - winusb backend finalize
2025-07-22 15:42:49 - USB backend_thread done
2025-07-22 15:42:49 - USB device_thread closing u/js220/003155
2025-07-22 15:42:49 - device_close(u/js220/003155)
2025-07-22 15:42:49 - USB device_thread closed u/js220/003155
2025-07-22 15:44:11 - tag1skey3
2025-07-22 15:44:20 - {"Device Type": "Tag", "Tag ID": 17686527, "RSSI": "-57.00 dBm", "Monitor ID": 0, "CMD": 0, "Status Byte": "00000010", "Button 4": "0", "Button 3": "0", "Button 2": "0", "Button 1": "0", "Motion Flag": "0", "Retry Count": 1, "Reserved": "0", "IR ID": 0, "Version": 113, "Astar ID": 1, "LBI": 2992, "CMD3": "b00b07", "Timestamp": "2025-07-22 10:14:15", "EKEY": 0, "LF Flag": 2}
2025-07-22 15:44:20 - Mismatch for 'Button 3': Expected 1, Got 0
2025-07-22 15:44:20 - Validation failed with mismatches:
2025-07-22 15:44:20 - Key: Button 3, Expected: 1, Actual: 0
2025-07-22 15:44:20 - {"Device Type": "Tag", "Tag ID": 17686527, "RSSI": "-65.00 dBm", "Monitor ID": 0, "CMD": 0, "Status Byte": "01000010", "Button 4": "0", "Button 3": "1", "Button 2": "0", "Button 1": "0", "Motion Flag": "0", "Retry Count": 1, "Reserved": "0", "IR ID": 0, "Version": 113, "Astar ID": 1, "LBI": 2992, "CMD3": "160014", "Timestamp": "2025-07-22 10:14:17", "EKEY": 4, "LF Flag": 2}
2025-07-22 15:44:20 - Validation successful!
2025-07-22 15:44:20 - open_ll(opt=0)
2025-07-22 15:44:20 - device_open(u/js220/003155) \\?\usb#vid_16d0&pid_10ba#003155#{e27188c8-98ff-41de-be50-653324c6b19c}
2025-07-22 15:44:20 - open(opt=0)
2025-07-22 15:44:20 - bulk_in_stream_open 130
2025-07-22 15:44:20 - bulk_in_initialize pipe_id=0x82
2025-07-22 15:44:20 - MAXIMUM_TRANSFER_SIZE pipe_id=0x82 bytes=2097152
2025-07-22 15:44:20 - port0 connect rsp
2025-07-22 15:44:20 - JS220 app_id=3, FW=1.3.0, HW=1.0.0, FPGA=1.3.3, protocol=1.0.0
2025-07-22 15:44:20 - open complete
2025-07-22 15:44:20 - on_sampling_frequency(2000000)
2025-07-22 15:44:20 - jsdrv_downsample_alloc signal_n=1, gpi_n=1
2025-07-22 15:44:20 - read(duration=None, contiguous_duration=1, out_format=None)
2025-07-22 15:44:21 - received stop callback: pending stop
2025-07-22 15:44:21 - read available range 3898456160, 3899457104
2025-07-22 15:44:21 - read actual 3898457104, 3899457104
2025-07-22 15:44:21 - close
2025-07-22 15:44:21 - device_close(u/js220/003155)
2025-07-22 15:44:21 - bulk_in_finalize ep=0x82
2025-07-22 15:44:21 - close
2025-07-22 15:44:21 - jsdrv_finalize 000002116010B7C0
2025-07-22 15:44:21 - USB backend finalize
2025-07-22 15:44:21 - JS220 USB upper-level thread done u/js220/003155
2025-07-22 15:44:21 - finalize usb backend
2025-07-22 15:44:21 - winusb backend finalize
2025-07-22 15:44:21 - USB backend_thread done
2025-07-22 15:44:21 - USB device_thread closing u/js220/003155
2025-07-22 15:44:21 - device_close(u/js220/003155)
2025-07-22 15:44:21 - USB device_thread closed u/js220/003155
2025-07-22 16:59:41 - tag1skey3
2025-07-22 16:59:47 - {"Device Type": "Tag", "Tag ID": 17684957, "RSSI": "-75.00 dBm", "Monitor ID": 0, "CMD": 0, "Status Byte": "00000000", "Button 4": "0", "Button 3": "0", "Button 2": "0", "Button 1": "0", "Motion Flag": "0", "Retry Count": 0, "Reserved": "0", "IR ID": 0, "Version": 28, "Astar ID": 900, "LBI": 2931, "CMD3": "730b07", "Timestamp": "2025-07-22 11:29:43", "EKEY": 0, "LF Flag": 146}
2025-07-22 16:59:47 - Mismatch for 'Tag ID': Expected 17686527, Got 17684957
2025-07-22 16:59:47 - Mismatch for 'Button 3': Expected 1, Got 0
2025-07-22 16:59:47 - Validation failed with mismatches:
2025-07-22 16:59:47 - Key: Tag ID, Expected: 17686527, Actual: 17684957
2025-07-22 16:59:47 - Key: Button 3, Expected: 1, Actual: 0
2025-07-22 16:59:47 - {"Device Type": "Tag", "Tag ID": 17686527, "RSSI": "-53.00 dBm", "Monitor ID": 8508906, "CMD": 0, "Status Byte": "00000010", "Button 4": "0", "Button 3": "0", "Button 2": "0", "Button 1": "0", "Motion Flag": "0", "Retry Count": 1, "Reserved": "0", "IR ID": 101, "Version": 113, "Astar ID": 1, "LBI": 2994, "CMD3": "b20b07", "Timestamp": "2025-07-22 11:29:43", "EKEY": 0, "LF Flag": 2}
2025-07-22 16:59:47 - Mismatch for 'Button 3': Expected 1, Got 0
2025-07-22 16:59:47 - Validation failed with mismatches:
2025-07-22 16:59:47 - Key: Button 3, Expected: 1, Actual: 0
2025-07-22 16:59:47 - {"Device Type": "Tag", "Tag ID": 4211784, "RSSI": "-94.00 dBm", "Monitor ID": 0, "CMD": 0, "Status Byte": "00001000", "Button 4": "0", "Button 3": "0", "Button 2": "0", "Button 1": "0", "Motion Flag": "1", "Retry Count": 0, "Reserved": "0", "IR ID": 0, "Version": 28, "Astar ID": 900, "LBI": 2687, "CMD3": "7f0a07", "Timestamp": "2025-07-22 11:29:43", "EKEY": 0, "LF Flag": 146}
2025-07-22 16:59:47 - Mismatch for 'Tag ID': Expected 17686527, Got 4211784
2025-07-22 16:59:47 - Mismatch for 'Button 3': Expected 1, Got 0
2025-07-22 16:59:47 - Validation failed with mismatches:
2025-07-22 16:59:47 - Key: Tag ID, Expected: 17686527, Actual: 4211784
2025-07-22 16:59:47 - Key: Button 3, Expected: 1, Actual: 0
2025-07-22 16:59:47 - {"Device Type": "Tag", "Tag ID": 4211784, "RSSI": "-94.00 dBm", "Monitor ID": 0, "CMD": 0, "Status Byte": "00001000", "Button 4": "0", "Button 3": "0", "Button 2": "0", "Button 1": "0", "Motion Flag": "1", "Retry Count": 0, "Reserved": "0", "IR ID": 0, "Version": 28, "Astar ID": 900, "LBI": 2687, "CMD3": "7f0a07", "Timestamp": "2025-07-22 11:29:44", "EKEY": 0, "LF Flag": 146}
2025-07-22 16:59:47 - Mismatch for 'Tag ID': Expected 17686527, Got 4211784
2025-07-22 16:59:47 - Mismatch for 'Button 3': Expected 1, Got 0
2025-07-22 16:59:47 - Validation failed with mismatches:
2025-07-22 16:59:47 - Key: Tag ID, Expected: 17686527, Actual: 4211784
2025-07-22 16:59:47 - Key: Button 3, Expected: 1, Actual: 0
2025-07-22 16:59:47 - {"Device Type": "Tag", "Tag ID": 9295078, "RSSI": "-74.00 dBm", "Monitor ID": 0, "CMD": 0, "Status Byte": "00001000", "Button 4": "0", "Button 3": "0", "Button 2": "0", "Button 1": "0", "Motion Flag": "1", "Retry Count": 0, "Reserved": "0", "IR ID": 0, "Version": 113, "Astar ID": 900, "LBI": 792, "CMD3": "180b07", "Timestamp": "2025-07-22 11:29:45", "EKEY": 0, "LF Flag": 144}
2025-07-22 16:59:47 - Mismatch for 'Tag ID': Expected 17686527, Got 9295078
2025-07-22 16:59:47 - Mismatch for 'Button 3': Expected 1, Got 0
2025-07-22 16:59:47 - Validation failed with mismatches:
2025-07-22 16:59:47 - Key: Tag ID, Expected: 17686527, Actual: 9295078
2025-07-22 16:59:47 - Key: Button 3, Expected: 1, Actual: 0
2025-07-22 16:59:47 - {"Device Type": "Tag", "Tag ID": 908625, "RSSI": "-85.00 dBm", "Monitor ID": 0, "CMD": 0, "Status Byte": "00001000", "Button 4": "0", "Button 3": "0", "Button 2": "0", "Button 1": "0", "Motion Flag": "1", "Retry Count": 0, "Reserved": "0", "IR ID": 0, "Version": 8, "Astar ID": 900, "LBI": 913, "CMD3": "910b07", "Timestamp": "2025-07-22 11:29:47", "EKEY": 0, "LF Flag": 144}
2025-07-22 16:59:47 - Mismatch for 'Tag ID': Expected 17686527, Got 908625
2025-07-22 16:59:47 - Mismatch for 'Button 3': Expected 1, Got 0
2025-07-22 16:59:47 - Validation failed with mismatches:
2025-07-22 16:59:47 - Key: Tag ID, Expected: 17686527, Actual: 908625
2025-07-22 16:59:47 - Key: Button 3, Expected: 1, Actual: 0
2025-07-22 16:59:47 - open_ll(opt=0)
2025-07-22 16:59:47 - device_open(u/js220/003155) \\?\usb#vid_16d0&pid_10ba#003155#{e27188c8-98ff-41de-be50-653324c6b19c}
2025-07-22 16:59:47 - open(opt=0)
2025-07-22 16:59:47 - bulk_in_stream_open 130
2025-07-22 16:59:47 - bulk_in_initialize pipe_id=0x82
2025-07-22 16:59:47 - MAXIMUM_TRANSFER_SIZE pipe_id=0x82 bytes=2097152
2025-07-22 16:59:47 - port0 connect rsp
2025-07-22 16:59:47 - JS220 app_id=3, FW=1.3.0, HW=1.0.0, FPGA=1.3.3, protocol=1.0.0
2025-07-22 16:59:47 - open complete
2025-07-22 16:59:47 - on_sampling_frequency(2000000)
2025-07-22 16:59:47 - jsdrv_downsample_alloc signal_n=1, gpi_n=1
2025-07-22 16:59:47 - read(duration=None, contiguous_duration=1, out_format=None)
2025-07-22 16:59:49 - received stop callback: pending stop
2025-07-22 16:59:49 - read available range 8425966784, 8426967476
2025-07-22 16:59:49 - read actual 8425967476, 8426967476
2025-07-22 16:59:49 - close
2025-07-22 16:59:49 - device_close(u/js220/003155)
2025-07-22 16:59:49 - bulk_in_finalize ep=0x82
2025-07-22 16:59:49 - close
2025-07-22 16:59:49 - jsdrv_finalize 000002B9C5C004F0
2025-07-22 16:59:49 - USB backend finalize
2025-07-22 16:59:49 - JS220 USB upper-level thread done u/js220/003155
2025-07-22 16:59:49 - finalize usb backend
2025-07-22 16:59:49 - winusb backend finalize
2025-07-22 16:59:49 - USB backend_thread done
2025-07-22 16:59:49 - USB device_thread closing u/js220/003155
2025-07-22 16:59:49 - device_close(u/js220/003155)
2025-07-22 16:59:49 - USB device_thread closed u/js220/003155
2025-07-22 17:00:09 - tag1skey3
2025-07-22 17:00:16 - {"Device Type": "Tag", "Tag ID": 4211784, "RSSI": "-85.00 dBm", "Monitor ID": 0, "CMD": 0, "Status Byte": "00000000", "Button 4": "0", "Button 3": "0", "Button 2": "0", "Button 1": "0", "Motion Flag": "0", "Retry Count": 0, "Reserved": "0", "IR ID": 0, "Version": 28, "Astar ID": 900, "LBI": 2687, "CMD3": "7f0a07", "Timestamp": "2025-07-22 11:30:11", "EKEY": 0, "LF Flag": 146}
2025-07-22 17:00:16 - Mismatch for 'Tag ID': Expected 17686527, Got 4211784
2025-07-22 17:00:16 - Mismatch for 'Button 3': Expected 1, Got 0
2025-07-22 17:00:16 - Validation failed with mismatches:
2025-07-22 17:00:16 - Key: Tag ID, Expected: 17686527, Actual: 4211784
2025-07-22 17:00:16 - Key: Button 3, Expected: 1, Actual: 0
2025-07-22 17:00:16 - {"Device Type": "Tag", "Tag ID": 17684957, "RSSI": "-65.00 dBm", "Monitor ID": 0, "CMD": 0, "Status Byte": "00000000", "Button 4": "0", "Button 3": "0", "Button 2": "0", "Button 1": "0", "Motion Flag": "0", "Retry Count": 0, "Reserved": "0", "IR ID": 0, "Version": 28, "Astar ID": 900, "LBI": 2931, "CMD3": "730b07", "Timestamp": "2025-07-22 11:30:12", "EKEY": 0, "LF Flag": 146}
2025-07-22 17:00:16 - Mismatch for 'Tag ID': Expected 17686527, Got 17684957
2025-07-22 17:00:16 - Mismatch for 'Button 3': Expected 1, Got 0
2025-07-22 17:00:16 - Validation failed with mismatches:
2025-07-22 17:00:16 - Key: Tag ID, Expected: 17686527, Actual: 17684957
2025-07-22 17:00:16 - Key: Button 3, Expected: 1, Actual: 0
2025-07-22 17:00:16 - {"Device Type": "Tag", "Tag ID": 4211784, "RSSI": "-86.00 dBm", "Monitor ID": 0, "CMD": 0, "Status Byte": "00000000", "Button 4": "0", "Button 3": "0", "Button 2": "0", "Button 1": "0", "Motion Flag": "0", "Retry Count": 0, "Reserved": "0", "IR ID": 0, "Version": 28, "Astar ID": 900, "LBI": 2687, "CMD3": "7f0a07", "Timestamp": "2025-07-22 11:30:13", "EKEY": 0, "LF Flag": 146}
2025-07-22 17:00:16 - Mismatch for 'Tag ID': Expected 17686527, Got 4211784
2025-07-22 17:00:16 - Mismatch for 'Button 3': Expected 1, Got 0
2025-07-22 17:00:16 - Validation failed with mismatches:
2025-07-22 17:00:16 - Key: Tag ID, Expected: 17686527, Actual: 4211784
2025-07-22 17:00:16 - Key: Button 3, Expected: 1, Actual: 0
2025-07-22 17:00:16 - {"Device Type": "Tag", "Tag ID": 17686527, "RSSI": "-53.00 dBm", "Monitor ID": 8508906, "CMD": 0, "Status Byte": "01000010", "Button 4": "0", "Button 3": "1", "Button 2": "0", "Button 1": "0", "Motion Flag": "0", "Retry Count": 1, "Reserved": "0", "IR ID": 101, "Version": 113, "Astar ID": 1, "LBI": 2995, "CMD3": "170014", "Timestamp": "2025-07-22 11:30:14", "EKEY": 4, "LF Flag": 2}
2025-07-22 17:00:16 - Validation successful!
2025-07-22 17:00:16 - open_ll(opt=0)
2025-07-22 17:00:16 - device_open(u/js220/003155) \\?\usb#vid_16d0&pid_10ba#003155#{e27188c8-98ff-41de-be50-653324c6b19c}
2025-07-22 17:00:16 - open(opt=0)
2025-07-22 17:00:16 - bulk_in_stream_open 130
2025-07-22 17:00:16 - bulk_in_initialize pipe_id=0x82
2025-07-22 17:00:16 - MAXIMUM_TRANSFER_SIZE pipe_id=0x82 bytes=2097152
2025-07-22 17:00:16 - port0 connect rsp
2025-07-22 17:00:16 - JS220 app_id=3, FW=1.3.0, HW=1.0.0, FPGA=1.3.3, protocol=1.0.0
2025-07-22 17:00:16 - open complete
2025-07-22 17:00:16 - on_sampling_frequency(2000000)
2025-07-22 17:00:16 - jsdrv_downsample_alloc signal_n=1, gpi_n=1
2025-07-22 17:00:16 - read(duration=None, contiguous_duration=1, out_format=None)
2025-07-22 17:00:17 - received stop callback: pending stop
2025-07-22 17:00:17 - read available range 8454645392, 8455645832
2025-07-22 17:00:17 - read actual 8454645832, 8455645832
2025-07-22 17:00:17 - close
2025-07-22 17:00:17 - device_close(u/js220/003155)
2025-07-22 17:00:17 - bulk_in_finalize ep=0x82
2025-07-22 17:00:17 - close
2025-07-22 17:00:17 - jsdrv_finalize 000001F522A4FFE0
2025-07-22 17:00:17 - USB backend finalize
2025-07-22 17:00:17 - JS220 USB upper-level thread done u/js220/003155
2025-07-22 17:00:17 - finalize usb backend
2025-07-22 17:00:17 - winusb backend finalize
2025-07-22 17:00:17 - USB backend_thread done
2025-07-22 17:00:17 - USB device_thread closing u/js220/003155
2025-07-22 17:00:17 - device_close(u/js220/003155)
2025-07-22 17:00:17 - USB device_thread closed u/js220/003155
2025-07-25 10:30:33 - tag1skey3
2025-07-25 10:30:42 - open_ll(opt=0)
2025-07-25 10:30:42 - device_open(u/js220/003155) \\?\usb#vid_16d0&pid_10ba#003155#{e27188c8-98ff-41de-be50-653324c6b19c}
2025-07-25 10:30:42 - open(opt=0)
2025-07-25 10:30:42 - bulk_in_stream_open 130
2025-07-25 10:30:42 - bulk_in_initialize pipe_id=0x82
2025-07-25 10:30:42 - MAXIMUM_TRANSFER_SIZE pipe_id=0x82 bytes=2097152
2025-07-25 10:30:42 - port0 connect rsp
2025-07-25 10:30:42 - JS220 app_id=3, FW=1.3.0, HW=1.0.0, FPGA=1.3.3, protocol=1.0.0
2025-07-25 10:30:42 - open complete
2025-07-25 10:30:42 - on_sampling_frequency(2000000)
2025-07-25 10:30:42 - jsdrv_downsample_alloc signal_n=1, gpi_n=1
2025-07-25 10:30:42 - read(duration=None, contiguous_duration=1, out_format=None)
2025-07-25 10:30:43 - received stop callback: pending stop
2025-07-25 10:30:43 - read available range 8726288, 9726980
2025-07-25 10:30:43 - read actual 8726980, 9726980
2025-07-25 10:30:43 - close
2025-07-25 10:30:43 - device_close(u/js220/003155)
2025-07-25 10:30:43 - bulk_in_finalize ep=0x82
2025-07-25 10:30:44 - close
2025-07-25 10:30:44 - jsdrv_finalize 00000283DC892E20
2025-07-25 10:30:44 - USB backend finalize
2025-07-25 10:30:44 - JS220 USB upper-level thread done u/js220/003155
2025-07-25 10:30:44 - finalize usb backend
2025-07-25 10:30:44 - winusb backend finalize
2025-07-25 10:30:44 - USB backend_thread done
2025-07-25 10:30:44 - USB device_thread closing u/js220/003155
2025-07-25 10:30:44 - device_close(u/js220/003155)
2025-07-25 10:30:44 - USB device_thread closed u/js220/003155
2025-07-25 10:31:16 - tag1skey3
2025-07-25 10:31:26 - {"Device Type": "Tag", "Tag ID": 17684215, "RSSI": "-77.00 dBm", "Monitor ID": 0, "CMD": 0, "Status Byte": "00000010", "Button 4": "0", "Button 3": "0", "Button 2": "0", "Button 1": "0", "Motion Flag": "0", "Retry Count": 1, "Reserved": "0", "IR ID": 0, "Version": 113, "Astar ID": 1, "LBI": 2674, "CMD3": "710006", "Timestamp": "2025-07-25 05:01:18", "EKEY": 0, "LF Flag": 2}
2025-07-25 10:31:26 - Mismatch for 'Tag ID': Expected 17686527, Got 17684215
2025-07-25 10:31:26 - Mismatch for 'Button 3': Expected 1, Got 0
2025-07-25 10:31:26 - Validation failed with mismatches:
2025-07-25 10:31:26 - Key: Tag ID, Expected: 17686527, Actual: 17684215
2025-07-25 10:31:26 - Key: Button 3, Expected: 1, Actual: 0
2025-07-25 10:31:26 - {"Device Type": "Tag", "Tag ID": 17686527, "RSSI": "-59.00 dBm", "Monitor ID": 0, "CMD": 0, "Status Byte": "01000010", "Button 4": "0", "Button 3": "1", "Button 2": "0", "Button 1": "0", "Motion Flag": "0", "Retry Count": 1, "Reserved": "0", "IR ID": 2000, "Version": 113, "Astar ID": 1, "LBI": 2991, "CMD3": "160014", "Timestamp": "2025-07-25 05:01:21", "EKEY": 4, "LF Flag": 2}
2025-07-25 10:31:26 - Validation successful!
2025-07-25 10:31:26 - open_ll(opt=0)
2025-07-25 10:31:26 - device_open(u/js220/003155) \\?\usb#vid_16d0&pid_10ba#003155#{e27188c8-98ff-41de-be50-653324c6b19c}
2025-07-25 10:31:26 - open(opt=0)
2025-07-25 10:31:26 - bulk_in_stream_open 130
2025-07-25 10:31:26 - bulk_in_initialize pipe_id=0x82
2025-07-25 10:31:26 - MAXIMUM_TRANSFER_SIZE pipe_id=0x82 bytes=2097152
2025-07-25 10:31:26 - port0 connect rsp
2025-07-25 10:31:26 - JS220 app_id=3, FW=1.3.0, HW=1.0.0, FPGA=1.3.3, protocol=1.0.0
2025-07-25 10:31:26 - open complete
2025-07-25 10:31:26 - on_sampling_frequency(2000000)
2025-07-25 10:31:26 - jsdrv_downsample_alloc signal_n=1, gpi_n=1
2025-07-25 10:31:26 - read(duration=None, contiguous_duration=1, out_format=None)
2025-07-25 10:31:27 - received stop callback: pending stop
2025-07-25 10:31:27 - read available range 52498688, 53499380
2025-07-25 10:31:27 - read actual 52499380, 53499380
2025-07-25 10:31:27 - close
2025-07-25 10:31:27 - device_close(u/js220/003155)
2025-07-25 10:31:27 - bulk_in_finalize ep=0x82
2025-07-25 10:31:27 - close
2025-07-25 10:31:27 - jsdrv_finalize 00000228AC365100
2025-07-25 10:31:27 - USB backend finalize
2025-07-25 10:31:27 - JS220 USB upper-level thread done u/js220/003155
2025-07-25 10:31:27 - finalize usb backend
2025-07-25 10:31:27 - winusb backend finalize
2025-07-25 10:31:27 - USB backend_thread done
2025-07-25 10:31:27 - USB device_thread closing u/js220/003155
2025-07-25 10:31:27 - device_close(u/js220/003155)
2025-07-25 10:31:27 - USB device_thread closed u/js220/003155
2025-07-25 11:22:44 - tag1skey3
2025-07-25 11:49:02 - tag1skey3
2025-07-25 11:50:34 - tag1skey3
2025-07-25 11:50:45 - {"Device Type": "Tag", "Tag ID": 17685004, "RSSI": "-65.00 dBm", "Monitor ID": 0, "CMD": 0, "Status Byte": "11100100", "Button 4": "1", "Button 3": "1", "Button 2": "1", "Button 1": "0", "Motion Flag": "0", "Retry Count": 2, "Reserved": "0", "IR ID": 0, "Version": 4, "Astar ID": 1, "LBI": 949, "CMD3": "b50b07", "Timestamp": "2025-07-25 06:20:37", "EKEY": 0, "LF Flag": 0}
2025-07-25 11:50:45 - Mismatch for 'Tag ID': Expected 17686527, Got 17685004
2025-07-25 11:50:45 - Mismatch for 'Button 4': Expected 0, Got 1
2025-07-25 11:50:45 - Mismatch for 'Button 2': Expected 0, Got 1
2025-07-25 11:50:45 - Validation failed with mismatches:
2025-07-25 11:50:45 - Key: Tag ID, Expected: 17686527, Actual: 17685004
2025-07-25 11:50:45 - Key: Button 4, Expected: 0, Actual: 1
2025-07-25 11:50:45 - Key: Button 2, Expected: 0, Actual: 1
2025-07-25 11:50:45 - {"Device Type": "Tag", "Tag ID": 17684215, "RSSI": "-81.00 dBm", "Monitor ID": 0, "CMD": 0, "Status Byte": "00000010", "Button 4": "0", "Button 3": "0", "Button 2": "0", "Button 1": "0", "Motion Flag": "0", "Retry Count": 1, "Reserved": "0", "IR ID": 0, "Version": 113, "Astar ID": 1, "LBI": 2687, "CMD3": "1a0014", "Timestamp": "2025-07-25 06:20:40", "EKEY": 0, "LF Flag": 2}
2025-07-25 11:50:45 - Mismatch for 'Tag ID': Expected 17686527, Got 17684215
2025-07-25 11:50:45 - Mismatch for 'Button 3': Expected 1, Got 0
2025-07-25 11:50:45 - Validation failed with mismatches:
2025-07-25 11:50:45 - Key: Tag ID, Expected: 17686527, Actual: 17684215
2025-07-25 11:50:45 - Key: Button 3, Expected: 1, Actual: 0
2025-07-25 11:50:45 - open_ll(opt=0)
2025-07-25 11:50:45 - device_open(u/js220/003155) \\?\usb#vid_16d0&pid_10ba#003155#{e27188c8-98ff-41de-be50-653324c6b19c}
2025-07-25 11:50:45 - open(opt=0)
2025-07-25 11:50:45 - bulk_in_stream_open 130
2025-07-25 11:50:45 - bulk_in_initialize pipe_id=0x82
2025-07-25 11:50:45 - MAXIMUM_TRANSFER_SIZE pipe_id=0x82 bytes=2097152
2025-07-25 11:50:45 - port0 connect rsp
2025-07-25 11:50:45 - JS220 app_id=3, FW=1.3.0, HW=1.0.0, FPGA=1.3.3, protocol=1.0.0
2025-07-25 11:50:45 - port0 connect rsp
2025-07-25 11:50:45 - JS220 app_id=3, FW=1.3.0, HW=1.0.0, FPGA=1.3.3, protocol=1.0.0
2025-07-25 11:50:45 - open complete
2025-07-25 11:50:45 - on_sampling_frequency(2000000)
2025-07-25 11:50:45 - jsdrv_downsample_alloc signal_n=1, gpi_n=1
2025-07-25 11:50:46 - read(duration=None, contiguous_duration=0.25, out_format=None)
2025-07-25 11:50:46 - received stop callback: pending stop
2025-07-25 11:50:46 - read available range 4812246464, 4812498464
2025-07-25 11:50:46 - read actual 4812248464, 4812498464
2025-07-25 11:50:46 - close
2025-07-25 11:50:46 - device_close(u/js220/003155)
2025-07-25 11:50:46 - bulk_in_finalize ep=0x82
2025-07-25 11:50:47 - close
2025-07-25 11:50:47 - jsdrv_finalize 000001FCE914C690
2025-07-25 11:50:47 - USB backend finalize
2025-07-25 11:50:47 - JS220 USB upper-level thread done u/js220/003155
2025-07-25 11:50:47 - finalize usb backend
2025-07-25 11:50:47 - winusb backend finalize
2025-07-25 11:50:47 - USB backend_thread done
2025-07-25 11:50:47 - USB device_thread closing u/js220/003155
2025-07-25 11:50:47 - device_close(u/js220/003155)
2025-07-25 11:50:47 - USB device_thread closed u/js220/003155
2025-07-25 11:51:30 - tag1skey3
2025-07-25 11:51:40 - {"Device Type": "Tag", "Tag ID": 17686527, "RSSI": "-56.00 dBm", "Monitor ID": 0, "CMD": 0, "Status Byte": "01000010", "Button 4": "0", "Button 3": "1", "Button 2": "0", "Button 1": "0", "Motion Flag": "0", "Retry Count": 1, "Reserved": "0", "IR ID": 0, "Version": 113, "Astar ID": 1, "LBI": 2983, "CMD3": "170014", "Timestamp": "2025-07-25 06:21:36", "EKEY": 4, "LF Flag": 2}
2025-07-25 11:51:40 - Validation successful!
2025-07-25 11:51:41 - USB device_thread started u/js220/003155
2025-07-25 11:51:41 - JS220 USB upper-level thread started for u/js220/003155
2025-07-25 11:51:41 - open_ll(opt=0)
2025-07-25 11:51:41 - device_open(u/js220/003155) \\?\usb#vid_16d0&pid_10ba#003155#{e27188c8-98ff-41de-be50-653324c6b19c}
2025-07-25 11:51:41 - open(opt=0)
2025-07-25 11:51:41 - bulk_in_stream_open 130
2025-07-25 11:51:41 - bulk_in_initialize pipe_id=0x82
2025-07-25 11:51:41 - MAXIMUM_TRANSFER_SIZE pipe_id=0x82 bytes=2097152
2025-07-25 11:51:41 - port0 connect rsp
2025-07-25 11:51:41 - JS220 app_id=3, FW=1.3.0, HW=1.0.0, FPGA=1.3.3, protocol=1.0.0
2025-07-25 11:51:41 - open complete
2025-07-25 11:51:41 - on_sampling_frequency(2000000)
2025-07-25 11:51:41 - jsdrv_downsample_alloc signal_n=1, gpi_n=1
2025-07-25 11:51:41 - read(duration=None, contiguous_duration=0.25, out_format=None)
2025-07-25 11:51:41 - received stop callback: pending stop
2025-07-25 11:51:41 - read available range 4867269152, 4867521152
2025-07-25 11:51:41 - read actual 4867271152, 4867521152
2025-07-25 11:51:41 - close
2025-07-25 11:51:41 - device_close(u/js220/003155)
2025-07-25 11:51:41 - bulk_in_finalize ep=0x82
2025-07-25 11:51:42 - close
2025-07-25 11:51:42 - jsdrv_finalize 0000014BC45978F0
2025-07-25 11:51:42 - USB backend finalize
2025-07-25 11:51:42 - JS220 USB upper-level thread done u/js220/003155
2025-07-25 11:51:42 - finalize usb backend
2025-07-25 11:51:42 - winusb backend finalize
2025-07-25 11:51:42 - USB backend_thread done
2025-07-25 11:51:42 - USB device_thread closing u/js220/003155
2025-07-25 11:51:42 - device_close(u/js220/003155)
2025-07-25 11:51:42 - USB device_thread closed u/js220/003155
2025-07-25 11:53:48 - tag1skey3
2025-07-25 11:53:59 - {"Device Type": "Tag", "Tag ID": 17684215, "RSSI": "-82.00 dBm", "Monitor ID": 0, "CMD": 0, "Status Byte": "00000010", "Button 4": "0", "Button 3": "0", "Button 2": "0", "Button 1": "0", "Motion Flag": "0", "Retry Count": 1, "Reserved": "0", "IR ID": 0, "Version": 113, "Astar ID": 1, "LBI": 2687, "CMD3": "710006", "Timestamp": "2025-07-25 06:23:54", "EKEY": 0, "LF Flag": 2}
2025-07-25 11:53:59 - Mismatch for 'Tag ID': Expected 17686527, Got 17684215
2025-07-25 11:53:59 - Mismatch for 'Button 3': Expected 1, Got 0
2025-07-25 11:53:59 - Validation failed with mismatches:
2025-07-25 11:53:59 - Key: Tag ID, Expected: 17686527, Actual: 17684215
2025-07-25 11:53:59 - Key: Button 3, Expected: 1, Actual: 0
2025-07-25 11:53:59 - open_ll(opt=0)
2025-07-25 11:53:59 - device_open(u/js220/003155) \\?\usb#vid_16d0&pid_10ba#003155#{e27188c8-98ff-41de-be50-653324c6b19c}
2025-07-25 11:53:59 - open(opt=0)
2025-07-25 11:53:59 - bulk_in_stream_open 130
2025-07-25 11:53:59 - bulk_in_initialize pipe_id=0x82
2025-07-25 11:53:59 - MAXIMUM_TRANSFER_SIZE pipe_id=0x82 bytes=2097152
2025-07-25 11:53:59 - port0 connect rsp
2025-07-25 11:53:59 - JS220 app_id=3, FW=1.3.0, HW=1.0.0, FPGA=1.3.3, protocol=1.0.0
2025-07-25 11:53:59 - open complete
2025-07-25 11:53:59 - on_sampling_frequency(2000000)
2025-07-25 11:53:59 - jsdrv_downsample_alloc signal_n=1, gpi_n=1
2025-07-25 11:53:59 - read(duration=None, contiguous_duration=0.25, out_format=None)
2025-07-25 11:54:00 - received stop callback: pending stop
2025-07-25 11:54:00 - read available range 5005754240, 5006006240
2025-07-25 11:54:00 - read actual 5005756240, 5006006240
2025-07-25 11:54:00 - close
2025-07-25 11:54:00 - device_close(u/js220/003155)
2025-07-25 11:54:00 - bulk_in_finalize ep=0x82
2025-07-25 11:54:00 - close
2025-07-25 11:54:00 - jsdrv_finalize 000001EC9629DD30
2025-07-25 11:54:00 - USB backend finalize
2025-07-25 11:54:00 - JS220 USB upper-level thread done u/js220/003155
2025-07-25 11:54:00 - finalize usb backend
2025-07-25 11:54:00 - winusb backend finalize
2025-07-25 11:54:00 - USB backend_thread done
2025-07-25 11:54:00 - USB device_thread closing u/js220/003155
2025-07-25 11:54:00 - device_close(u/js220/003155)
2025-07-25 11:54:00 - USB device_thread closed u/js220/003155
2025-07-25 11:54:56 - tag1skey3
2025-07-25 11:55:06 - {"Device Type": "Tag", "Tag ID": 17685004, "RSSI": "-61.00 dBm", "Monitor ID": 0, "CMD": 0, "Status Byte": "11100100", "Button 4": "1", "Button 3": "1", "Button 2": "1", "Button 1": "0", "Motion Flag": "0", "Retry Count": 2, "Reserved": "0", "IR ID": 0, "Version": 4, "Astar ID": 1, "LBI": 948, "CMD3": "410036", "Timestamp": "2025-07-25 06:25:01", "EKEY": 0, "LF Flag": 0}
2025-07-25 11:55:06 - Mismatch for 'Tag ID': Expected 17686527, Got 17685004
2025-07-25 11:55:06 - Mismatch for 'Button 4': Expected 0, Got 1
2025-07-25 11:55:06 - Mismatch for 'Button 2': Expected 0, Got 1
2025-07-25 11:55:06 - Validation failed with mismatches:
2025-07-25 11:55:06 - Key: Tag ID, Expected: 17686527, Actual: 17685004
2025-07-25 11:55:06 - Key: Button 4, Expected: 0, Actual: 1
2025-07-25 11:55:06 - Key: Button 2, Expected: 0, Actual: 1
2025-07-25 11:55:06 - {"Device Type": "Monitor", "Tag ID": 232783617, "RSSI": "-71.50 dBm", "Monitor ID": 48, "CMD": 0, "Status Byte": "00000000", "Button 4": "0", "Button 3": "0", "Button 2": "0", "Button 1": "0", "Motion Flag": "0", "Retry Count": 0, "Reserved": "0", "IR ID": 66, "Version": 0, "Astar ID": 369, "LBI": 47616, "CMD3": "0bba0b", "Timestamp": "2039-09-20 09:44:39", "EKEY": 104, "LF Flag": 4}
2025-07-25 11:55:06 - Mismatch for 'Tag ID': Expected 17686527, Got 232783617
2025-07-25 11:55:06 - Mismatch for 'Button 3': Expected 1, Got 0
2025-07-25 11:55:06 - Validation failed with mismatches:
2025-07-25 11:55:06 - Key: Tag ID, Expected: 17686527, Actual: 232783617
2025-07-25 11:55:06 - Key: Button 3, Expected: 1, Actual: 0
2025-07-25 11:55:06 - open_ll(opt=0)
2025-07-25 11:55:06 - device_open(u/js220/003155) \\?\usb#vid_16d0&pid_10ba#003155#{e27188c8-98ff-41de-be50-653324c6b19c}
2025-07-25 11:55:06 - open(opt=0)
2025-07-25 11:55:06 - bulk_in_stream_open 130
2025-07-25 11:55:06 - bulk_in_initialize pipe_id=0x82
2025-07-25 11:55:06 - MAXIMUM_TRANSFER_SIZE pipe_id=0x82 bytes=2097152
2025-07-25 11:55:06 - port0 connect rsp
2025-07-25 11:55:06 - JS220 app_id=3, FW=1.3.0, HW=1.0.0, FPGA=1.3.3, protocol=1.0.0
2025-07-25 11:55:06 - open complete
2025-07-25 11:55:06 - on_sampling_frequency(2000000)
2025-07-25 11:55:06 - jsdrv_downsample_alloc signal_n=1, gpi_n=1
2025-07-25 11:55:06 - read(duration=None, contiguous_duration=0.25, out_format=None)
2025-07-25 11:55:07 - received stop callback: pending stop
2025-07-25 11:55:07 - read available range 5072810432, 5073062432
2025-07-25 11:55:07 - read actual 5072812432, 5073062432
2025-07-25 11:55:07 - _on_cmd_publish_cbk(u/js220/003155/s/gpi/1/!data)
Traceback (most recent call last):
  File "pyjoulescope_driver/binding.pyx", line 1029, in pyjoulescope_driver.binding._on_cmd_publish_cbk
  File "C:\Users\cheluvagb\PycharmProjects\PythonProject\.venv\Lib\site-packages\joulescope\v1\device.py", line 461, in _on_stream
    if self.stream_buffer.is_duration_max or self.stream_buffer.is_contiguous_duration_max:
       ^^^^^^^^^^^^^^^^^^^^^^^^^^^^^^^^^^
AttributeError: 'NoneType' object has no attribute 'is_duration_max'
2025-07-25 11:55:07 - close
2025-07-25 11:55:07 - device_close(u/js220/003155)
2025-07-25 11:55:07 - bulk_in_finalize ep=0x82
2025-07-25 11:55:07 - close
2025-07-25 11:55:07 - jsdrv_finalize 000002D3A267AC00
2025-07-25 11:55:07 - USB backend finalize
2025-07-25 11:55:07 - JS220 USB upper-level thread done u/js220/003155
2025-07-25 11:55:07 - finalize usb backend
2025-07-25 11:55:07 - winusb backend finalize
2025-07-25 11:55:07 - USB backend_thread done
2025-07-25 11:55:07 - USB device_thread closing u/js220/003155
2025-07-25 11:55:07 - device_close(u/js220/003155)
2025-07-25 11:55:07 - USB device_thread closed u/js220/003155
2025-07-25 11:57:51 - tag1skey3
2025-07-25 11:57:59 - {"Device Type": "Tag", "Tag ID": 17684215, "RSSI": "-84.00 dBm", "Monitor ID": 0, "CMD": 0, "Status Byte": "00000010", "Button 4": "0", "Button 3": "0", "Button 2": "0", "Button 1": "0", "Motion Flag": "0", "Retry Count": 1, "Reserved": "0", "IR ID": 0, "Version": 113, "Astar ID": 1, "LBI": 2687, "CMD3": "7f0a07", "Timestamp": "2025-07-25 06:27:54", "EKEY": 0, "LF Flag": 2}
2025-07-25 11:57:59 - Mismatch for 'Tag ID': Expected 17686527, Got 17684215
2025-07-25 11:57:59 - Mismatch for 'Button 3': Expected 1, Got 0
2025-07-25 11:57:59 - Validation failed with mismatches:
2025-07-25 11:57:59 - Key: Tag ID, Expected: 17686527, Actual: 17684215
2025-07-25 11:57:59 - Key: Button 3, Expected: 1, Actual: 0
2025-07-25 11:57:59 - open_ll(opt=0)
2025-07-25 11:57:59 - device_open(u/js220/003155) \\?\usb#vid_16d0&pid_10ba#003155#{e27188c8-98ff-41de-be50-653324c6b19c}
2025-07-25 11:57:59 - open(opt=0)
2025-07-25 11:57:59 - bulk_in_stream_open 130
2025-07-25 11:57:59 - bulk_in_initialize pipe_id=0x82
2025-07-25 11:57:59 - MAXIMUM_TRANSFER_SIZE pipe_id=0x82 bytes=2097152
2025-07-25 11:57:59 - port0 connect rsp
2025-07-25 11:57:59 - JS220 app_id=3, FW=1.3.0, HW=1.0.0, FPGA=1.3.3, protocol=1.0.0
2025-07-25 11:57:59 - open complete
2025-07-25 11:57:59 - on_sampling_frequency(2000000)
2025-07-25 11:57:59 - jsdrv_downsample_alloc signal_n=1, gpi_n=1
2025-07-25 11:57:59 - read(duration=None, contiguous_duration=0.25, out_format=None)
2025-07-25 11:58:00 - received stop callback: pending stop
2025-07-25 11:58:00 - read available range 8736368, 8988368
2025-07-25 11:58:00 - read actual 8738368, 8988368
2025-07-25 11:58:00 - close
2025-07-25 11:58:00 - device_close(u/js220/003155)
2025-07-25 11:58:00 - bulk_in_finalize ep=0x82
2025-07-25 11:58:00 - close
2025-07-25 11:58:00 - jsdrv_finalize 00000200BB009D20
2025-07-25 11:58:00 - USB backend finalize
2025-07-25 11:58:00 - JS220 USB upper-level thread done u/js220/003155
2025-07-25 11:58:00 - finalize usb backend
2025-07-25 11:58:00 - winusb backend finalize
2025-07-25 11:58:00 - USB backend_thread done
2025-07-25 11:58:00 - USB device_thread closing u/js220/003155
2025-07-25 11:58:00 - device_close(u/js220/003155)
2025-07-25 11:58:00 - USB device_thread closed u/js220/003155
2025-07-25 11:59:39 - tag1skey3
2025-07-25 11:59:47 - {"Device Type": "Tag", "Tag ID": 17684215, "RSSI": "-83.00 dBm", "Monitor ID": 0, "CMD": 0, "Status Byte": "00000010", "Button 4": "0", "Button 3": "0", "Button 2": "0", "Button 1": "0", "Motion Flag": "0", "Retry Count": 1, "Reserved": "0", "IR ID": 0, "Version": 113, "Astar ID": 1, "LBI": 2687, "CMD3": "7f0a07", "Timestamp": "2025-07-25 06:29:42", "EKEY": 0, "LF Flag": 2}
2025-07-25 11:59:47 - Mismatch for 'Tag ID': Expected 17686527, Got 17684215
2025-07-25 11:59:47 - Mismatch for 'Button 3': Expected 1, Got 0
2025-07-25 11:59:47 - Validation failed with mismatches:
2025-07-25 11:59:47 - Key: Tag ID, Expected: 17686527, Actual: 17684215
2025-07-25 11:59:47 - Key: Button 3, Expected: 1, Actual: 0
2025-07-25 11:59:47 - open_ll(opt=0)
2025-07-25 11:59:47 - device_open(u/js220/003155) \\?\usb#vid_16d0&pid_10ba#003155#{e27188c8-98ff-41de-be50-653324c6b19c}
2025-07-25 11:59:47 - open(opt=0)
2025-07-25 11:59:47 - bulk_in_stream_open 130
2025-07-25 11:59:47 - bulk_in_initialize pipe_id=0x82
2025-07-25 11:59:47 - MAXIMUM_TRANSFER_SIZE pipe_id=0x82 bytes=2097152
2025-07-25 11:59:47 - port0 connect rsp
2025-07-25 11:59:47 - JS220 app_id=3, FW=1.3.0, HW=1.0.0, FPGA=1.3.3, protocol=1.0.0
2025-07-25 11:59:47 - open complete
2025-07-25 11:59:47 - on_sampling_frequency(2000000)
2025-07-25 11:59:47 - jsdrv_downsample_alloc signal_n=1, gpi_n=1
2025-07-25 11:59:47 - read(duration=None, contiguous_duration=0.25, out_format=None)
2025-07-25 11:59:48 - received stop callback: pending stop
2025-07-25 11:59:48 - read available range 116684096, 116936096
2025-07-25 11:59:48 - read actual 116686096, 116936096
2025-07-25 11:59:48 - close
2025-07-25 11:59:48 - device_close(u/js220/003155)
2025-07-25 11:59:48 - bulk_in_finalize ep=0x82
2025-07-25 11:59:48 - close
2025-07-25 11:59:48 - jsdrv_finalize 000001E56079CFC0
2025-07-25 11:59:48 - USB backend finalize
2025-07-25 11:59:48 - JS220 USB upper-level thread done u/js220/003155
2025-07-25 11:59:48 - finalize usb backend
2025-07-25 11:59:48 - winusb backend finalize
2025-07-25 11:59:48 - USB backend_thread done
2025-07-25 11:59:48 - USB device_thread closing u/js220/003155
2025-07-25 11:59:48 - device_close(u/js220/003155)
2025-07-25 11:59:48 - USB device_thread closed u/js220/003155
2025-07-25 12:00:25 - tag1skey3
2025-07-25 12:00:33 - {"Device Type": "Tag", "Tag ID": 17686527, "RSSI": "-57.00 dBm", "Monitor ID": 0, "CMD": 0, "Status Byte": "01000010", "Button 4": "0", "Button 3": "1", "Button 2": "0", "Button 1": "0", "Motion Flag": "0", "Retry Count": 1, "Reserved": "0", "IR ID": 0, "Version": 113, "Astar ID": 1, "LBI": 2985, "CMD3": "160014", "Timestamp": "2025-07-25 06:30:30", "EKEY": 4, "LF Flag": 2}
2025-07-25 12:00:33 - Validation successful!
2025-07-25 12:00:33 - open_ll(opt=0)
2025-07-25 12:00:33 - device_open(u/js220/003155) \\?\usb#vid_16d0&pid_10ba#003155#{e27188c8-98ff-41de-be50-653324c6b19c}
2025-07-25 12:00:33 - open(opt=0)
2025-07-25 12:00:33 - bulk_in_stream_open 130
2025-07-25 12:00:33 - bulk_in_initialize pipe_id=0x82
2025-07-25 12:00:33 - MAXIMUM_TRANSFER_SIZE pipe_id=0x82 bytes=2097152
2025-07-25 12:00:33 - port0 connect rsp
2025-07-25 12:00:33 - JS220 app_id=3, FW=1.3.0, HW=1.0.0, FPGA=1.3.3, protocol=1.0.0
2025-07-25 12:00:33 - open complete
2025-07-25 12:00:33 - on_sampling_frequency(2000000)
2025-07-25 12:00:33 - jsdrv_downsample_alloc signal_n=1, gpi_n=1
2025-07-25 12:00:33 - read(duration=None, contiguous_duration=0.25, out_format=None)
2025-07-25 12:00:33 - received stop callback: pending stop
2025-07-25 12:00:33 - read available range 162480560, 162732560
2025-07-25 12:00:33 - read actual 162482560, 162732560
2025-07-25 12:00:34 - close
2025-07-25 12:00:34 - device_close(u/js220/003155)
2025-07-25 12:00:34 - bulk_in_finalize ep=0x82
2025-07-25 12:00:34 - close
2025-07-25 12:00:34 - jsdrv_finalize 000001DCFE8AF8C0
2025-07-25 12:00:34 - USB backend finalize
2025-07-25 12:00:34 - JS220 USB upper-level thread done u/js220/003155
2025-07-25 12:00:34 - finalize usb backend
2025-07-25 12:00:34 - winusb backend finalize
2025-07-25 12:00:34 - USB backend_thread done
2025-07-25 12:00:34 - USB device_thread closing u/js220/003155
2025-07-25 12:00:34 - device_close(u/js220/003155)
2025-07-25 12:00:34 - USB device_thread closed u/js220/003155
2025-07-25 12:01:46 - tag1skey3
2025-07-25 12:01:54 - {"Device Type": "Tag", "Tag ID": 17685004, "RSSI": "-65.00 dBm", "Monitor ID": 479281, "CMD": 0, "Status Byte": "11100110", "Button 4": "1", "Button 3": "1", "Button 2": "1", "Button 1": "0", "Motion Flag": "0", "Retry Count": 3, "Reserved": "0", "IR ID": 1, "Version": 4, "Astar ID": 1, "LBI": 949, "CMD3": "410036", "Timestamp": "2025-07-25 06:31:49", "EKEY": 0, "LF Flag": 0}
2025-07-25 12:01:54 - Mismatch for 'Tag ID': Expected 17686527, Got 17685004
2025-07-25 12:01:54 - Mismatch for 'Button 4': Expected 0, Got 1
2025-07-25 12:01:54 - Mismatch for 'Button 2': Expected 0, Got 1
2025-07-25 12:01:54 - Validation failed with mismatches:
2025-07-25 12:01:54 - Key: Tag ID, Expected: 17686527, Actual: 17685004
2025-07-25 12:01:54 - Key: Button 4, Expected: 0, Actual: 1
2025-07-25 12:01:54 - Key: Button 2, Expected: 0, Actual: 1
2025-07-25 12:01:54 - {"Device Type": "Monitor", "Tag ID": 232783617, "RSSI": "-71.50 dBm", "Monitor ID": 44, "CMD": 0, "Status Byte": "00000000", "Button 4": "0", "Button 3": "0", "Button 2": "0", "Button 1": "0", "Motion Flag": "0", "Retry Count": 0, "Reserved": "0", "IR ID": 2, "Version": 0, "Astar ID": 369, "LBI": 47616, "CMD3": "0bba0b", "Timestamp": "2039-09-21 14:45:27", "EKEY": 104, "LF Flag": 0}
2025-07-25 12:01:54 - Mismatch for 'Tag ID': Expected 17686527, Got 232783617
2025-07-25 12:01:54 - Mismatch for 'Button 3': Expected 1, Got 0
2025-07-25 12:01:54 - Validation failed with mismatches:
2025-07-25 12:01:54 - Key: Tag ID, Expected: 17686527, Actual: 232783617
2025-07-25 12:01:54 - Key: Button 3, Expected: 1, Actual: 0
2025-07-25 12:01:54 - {"Device Type": "Tag", "Tag ID": 17686527, "RSSI": "-57.00 dBm", "Monitor ID": 0, "CMD": 0, "Status Byte": "01000010", "Button 4": "0", "Button 3": "1", "Button 2": "0", "Button 1": "0", "Motion Flag": "0", "Retry Count": 1, "Reserved": "0", "IR ID": 0, "Version": 113, "Astar ID": 1, "LBI": 3002, "CMD3": "160014", "Timestamp": "2025-07-25 06:31:51", "EKEY": 4, "LF Flag": 2}
2025-07-25 12:01:54 - Validation successful!
2025-07-25 12:01:54 - open_ll(opt=0)
2025-07-25 12:01:54 - device_open(u/js220/003155) \\?\usb#vid_16d0&pid_10ba#003155#{e27188c8-98ff-41de-be50-653324c6b19c}
2025-07-25 12:01:54 - open(opt=0)
2025-07-25 12:01:54 - bulk_in_stream_open 130
2025-07-25 12:01:54 - bulk_in_initialize pipe_id=0x82
2025-07-25 12:01:54 - MAXIMUM_TRANSFER_SIZE pipe_id=0x82 bytes=2097152
2025-07-25 12:01:54 - port0 connect rsp
2025-07-25 12:01:54 - JS220 app_id=3, FW=1.3.0, HW=1.0.0, FPGA=1.3.3, protocol=1.0.0
2025-07-25 12:01:54 - open complete
2025-07-25 12:01:54 - on_sampling_frequency(2000000)
2025-07-25 12:01:54 - jsdrv_downsample_alloc signal_n=1, gpi_n=1
2025-07-25 12:01:54 - read(duration=None, contiguous_duration=0.25, out_format=None)
2025-07-25 12:01:54 - received stop callback: pending stop
2025-07-25 12:01:54 - read available range 243517712, 243769712
2025-07-25 12:01:54 - read actual 243519712, 243769712
2025-07-25 12:01:55 - close
2025-07-25 12:01:55 - device_close(u/js220/003155)
2025-07-25 12:01:55 - bulk_in_finalize ep=0x82
2025-07-25 12:01:55 - close
2025-07-25 12:01:55 - jsdrv_finalize 000001C7A80B10B0
2025-07-25 12:01:55 - USB backend finalize
2025-07-25 12:01:55 - JS220 USB upper-level thread done u/js220/003155
2025-07-25 12:01:55 - finalize usb backend
2025-07-25 12:01:55 - winusb backend finalize
2025-07-25 12:01:55 - USB backend_thread done
2025-07-25 12:01:55 - USB device_thread closing u/js220/003155
2025-07-25 12:01:55 - device_close(u/js220/003155)
2025-07-25 12:01:55 - USB device_thread closed u/js220/003155
2025-07-25 12:25:14 - tag1skey3
2025-07-25 12:25:21 - open_ll(opt=0)
2025-07-25 12:25:21 - device_open(u/js220/003155) \\?\usb#vid_16d0&pid_10ba#003155#{e27188c8-98ff-41de-be50-653324c6b19c}
2025-07-25 12:25:21 - open(opt=0)
2025-07-25 12:25:21 - bulk_in_stream_open 130
2025-07-25 12:25:21 - bulk_in_initialize pipe_id=0x82
2025-07-25 12:25:21 - MAXIMUM_TRANSFER_SIZE pipe_id=0x82 bytes=2097152
2025-07-25 12:25:21 - port0 connect rsp
2025-07-25 12:25:21 - JS220 app_id=3, FW=1.3.0, HW=1.0.0, FPGA=1.3.3, protocol=1.0.0
2025-07-25 12:25:21 - port0 connect rsp
2025-07-25 12:25:21 - JS220 app_id=3, FW=1.3.0, HW=1.0.0, FPGA=1.3.3, protocol=1.0.0
2025-07-25 12:25:21 - open complete
2025-07-25 12:25:21 - on_sampling_frequency(2000000)
2025-07-25 12:25:21 - jsdrv_downsample_alloc signal_n=1, gpi_n=1
2025-07-25 12:25:21 - read(duration=None, contiguous_duration=0.25, out_format=None)
2025-07-25 12:25:22 - received stop callback: pending stop
2025-07-25 12:25:22 - read available range 1650695792, 1650947792
2025-07-25 12:25:22 - read actual 1650697792, 1650947792
2025-07-25 12:25:22 - close
2025-07-25 12:25:22 - device_close(u/js220/003155)
2025-07-25 12:25:22 - bulk_in_finalize ep=0x82
2025-07-25 12:25:22 - close
2025-07-25 12:25:22 - jsdrv_finalize 000001AFA6A12CF0
2025-07-25 12:25:22 - USB backend finalize
2025-07-25 12:25:22 - JS220 USB upper-level thread done u/js220/003155
2025-07-25 12:25:22 - finalize usb backend
2025-07-25 12:25:22 - winusb backend finalize
2025-07-25 12:25:22 - USB backend_thread done
2025-07-25 12:25:22 - USB device_thread closing u/js220/003155
2025-07-25 12:25:22 - device_close(u/js220/003155)
2025-07-25 12:25:22 - USB device_thread closed u/js220/003155
2025-07-25 12:25:48 - tag1skey3
2025-07-25 12:25:57 - {"Device Type": "Tag", "Tag ID": 17686527, "RSSI": "-55.00 dBm", "Monitor ID": 0, "CMD": 0, "Status Byte": "01000010", "Button 4": "0", "Button 3": "1", "Button 2": "0", "Button 1": "0", "Motion Flag": "0", "Retry Count": 1, "Reserved": "0", "IR ID": 0, "Version": 113, "Astar ID": 1, "LBI": 2985, "CMD3": "160014", "Timestamp": "2025-07-25 06:55:52", "EKEY": 4, "LF Flag": 2}
2025-07-25 12:25:57 - Validation successful!
2025-07-25 12:25:57 - open_ll(opt=0)
2025-07-25 12:25:57 - device_open(u/js220/003155) \\?\usb#vid_16d0&pid_10ba#003155#{e27188c8-98ff-41de-be50-653324c6b19c}
2025-07-25 12:25:57 - open(opt=0)
2025-07-25 12:25:57 - bulk_in_stream_open 130
2025-07-25 12:25:57 - bulk_in_initialize pipe_id=0x82
2025-07-25 12:25:57 - MAXIMUM_TRANSFER_SIZE pipe_id=0x82 bytes=2097152
2025-07-25 12:25:57 - port0 connect rsp
2025-07-25 12:25:57 - JS220 app_id=3, FW=1.3.0, HW=1.0.0, FPGA=1.3.3, protocol=1.0.0
2025-07-25 12:25:57 - open complete
2025-07-25 12:25:57 - on_sampling_frequency(2000000)
2025-07-25 12:25:57 - jsdrv_downsample_alloc signal_n=1, gpi_n=1
2025-07-25 12:25:58 - read(duration=None, contiguous_duration=0.25, out_format=None)
2025-07-25 12:25:58 - received stop callback: pending stop
2025-07-25 12:25:58 - read available range 1687028144, 1687280144
2025-07-25 12:25:58 - read actual 1687030144, 1687280144
2025-07-25 12:25:58 - close
2025-07-25 12:25:58 - device_close(u/js220/003155)
2025-07-25 12:25:58 - bulk_in_finalize ep=0x82
2025-07-25 12:25:58 - close
2025-07-25 12:25:58 - jsdrv_finalize 0000017A4B2840B0
2025-07-25 12:25:58 - USB backend finalize
2025-07-25 12:25:58 - JS220 USB upper-level thread done u/js220/003155
2025-07-25 12:25:58 - finalize usb backend
2025-07-25 12:25:58 - winusb backend finalize
2025-07-25 12:25:58 - USB backend_thread done
2025-07-25 12:25:58 - USB device_thread closing u/js220/003155
2025-07-25 12:25:58 - device_close(u/js220/003155)
2025-07-25 12:25:58 - USB device_thread closed u/js220/003155
2025-07-25 12:50:50 - tag1skey3
2025-07-25 12:51:00 - {"Device Type": "Tag", "Tag ID": 17686527, "RSSI": "-64.00 dBm", "Monitor ID": 8508906, "CMD": 0, "Status Byte": "00000010", "Button 4": "0", "Button 3": "0", "Button 2": "0", "Button 1": "0", "Motion Flag": "0", "Retry Count": 1, "Reserved": "0", "IR ID": 101, "Version": 113, "Astar ID": 1, "LBI": 2990, "CMD3": "ae0b07", "Timestamp": "2025-07-25 07:20:52", "EKEY": 0, "LF Flag": 2}
2025-07-25 12:51:00 - Mismatch for 'Button 3': Expected 1, Got 0
2025-07-25 12:51:00 - Validation failed with mismatches:
2025-07-25 12:51:00 - Key: Button 3, Expected: 1, Actual: 0
2025-07-25 12:51:00 - {"Device Type": "Tag", "Tag ID": 17686527, "RSSI": "-59.00 dBm", "Monitor ID": 8508906, "CMD": 0, "Status Byte": "01000010", "Button 4": "0", "Button 3": "1", "Button 2": "0", "Button 1": "0", "Motion Flag": "0", "Retry Count": 1, "Reserved": "0", "IR ID": 101, "Version": 113, "Astar ID": 1, "LBI": 2990, "CMD3": "170014", "Timestamp": "2025-07-25 07:20:55", "EKEY": 4, "LF Flag": 2}
2025-07-25 12:51:00 - Validation successful!
2025-07-25 12:51:00 - open_ll(opt=0)
2025-07-25 12:51:00 - device_open(u/js220/003155) \\?\usb#vid_16d0&pid_10ba#003155#{e27188c8-98ff-41de-be50-653324c6b19c}
2025-07-25 12:51:00 - open(opt=0)
2025-07-25 12:51:00 - bulk_in_stream_open 130
2025-07-25 12:51:00 - bulk_in_initialize pipe_id=0x82
2025-07-25 12:51:00 - MAXIMUM_TRANSFER_SIZE pipe_id=0x82 bytes=2097152
2025-07-25 12:51:00 - port0 connect rsp
2025-07-25 12:51:00 - JS220 app_id=3, FW=1.3.0, HW=1.0.0, FPGA=1.3.3, protocol=1.0.0
2025-07-25 12:51:00 - open complete
2025-07-25 12:51:00 - on_sampling_frequency(2000000)
2025-07-25 12:51:00 - jsdrv_downsample_alloc signal_n=1, gpi_n=1
2025-07-25 12:51:01 - read(duration=None, contiguous_duration=0.25, out_format=None)
2025-07-25 12:51:01 - received stop callback: pending stop
2025-07-25 12:51:01 - read available range 3190126496, 3190378496
2025-07-25 12:51:01 - read actual 3190128496, 3190378496
2025-07-25 12:51:01 - close
2025-07-25 12:51:01 - device_close(u/js220/003155)
2025-07-25 12:51:01 - bulk_in_finalize ep=0x82
2025-07-25 12:51:02 - close
2025-07-25 12:51:02 - jsdrv_finalize 000002729630D880
2025-07-25 12:51:02 - USB backend finalize
2025-07-25 12:51:02 - JS220 USB upper-level thread done u/js220/003155
2025-07-25 12:51:02 - finalize usb backend
2025-07-25 12:51:02 - winusb backend finalize
2025-07-25 12:51:02 - USB backend_thread done
2025-07-25 12:51:02 - USB device_thread closing u/js220/003155
2025-07-25 12:51:02 - device_close(u/js220/003155)
2025-07-25 12:51:02 - USB device_thread closed u/js220/003155
2025-07-25 13:52:31 - tag1skey3
2025-07-25 13:52:41 - {"Device Type": "Tag", "Tag ID": 17686527, "RSSI": "-57.00 dBm", "Monitor ID": 8508906, "CMD": 0, "Status Byte": "00000010", "Button 4": "0", "Button 3": "0", "Button 2": "0", "Button 1": "0", "Motion Flag": "0", "Retry Count": 1, "Reserved": "0", "IR ID": 101, "Version": 113, "Astar ID": 1, "LBI": 2986, "CMD3": "aa0b07", "Timestamp": "2025-07-25 08:22:36", "EKEY": 0, "LF Flag": 2}
2025-07-25 13:52:41 - Mismatch for 'Button 3': Expected 1, Got 0
2025-07-25 13:52:41 - Validation failed with mismatches:
2025-07-25 13:52:41 - Key: Button 3, Expected: 1, Actual: 0
2025-07-25 13:52:41 - {"Device Type": "Monitor", "Tag ID": 232191745, "RSSI": "-71.50 dBm", "Monitor ID": 250, "CMD": 0, "Status Byte": "00000000", "Button 4": "0", "Button 3": "0", "Button 2": "0", "Button 1": "0", "Motion Flag": "0", "Retry Count": 0, "Reserved": "0", "IR ID": 2, "Version": 0, "Astar ID": 369, "LBI": 33024, "CMD3": "0a810a", "Timestamp": "2039-10-11 07:25:59", "EKEY": 104, "LF Flag": 0}
2025-07-25 13:52:41 - Mismatch for 'Tag ID': Expected 17686527, Got 232191745
2025-07-25 13:52:41 - Mismatch for 'Button 3': Expected 1, Got 0
2025-07-25 13:52:41 - Validation failed with mismatches:
2025-07-25 13:52:41 - Key: Tag ID, Expected: 17686527, Actual: 232191745
2025-07-25 13:52:41 - Key: Button 3, Expected: 1, Actual: 0
2025-07-25 13:52:41 - {"Device Type": "Monitor", "Tag ID": 268370187, "RSSI": "-94.50 dBm", "Monitor ID": 15346189, "CMD": 213, "Status Byte": "10000001", "Button 4": "1", "Button 3": "0", "Button 2": "0", "Button 1": "0", "Motion Flag": "0", "Retry Count": 0, "Reserved": "1", "IR ID": 16896, "Version": 101, "Astar ID": 28928, "LBI": 1, "CMD3": "aa0b17", "Timestamp": "2003-05-22 00:04:16", "EKEY": 131, "LF Flag": 104}
2025-07-25 13:52:41 - Mismatch for 'Tag ID': Expected 17686527, Got 268370187
2025-07-25 13:52:41 - Mismatch for 'Button 4': Expected 0, Got 1
2025-07-25 13:52:41 - Mismatch for 'Button 3': Expected 1, Got 0
2025-07-25 13:52:41 - Validation failed with mismatches:
2025-07-25 13:52:41 - Key: Tag ID, Expected: 17686527, Actual: 268370187
2025-07-25 13:52:41 - Key: Button 4, Expected: 0, Actual: 1
2025-07-25 13:52:41 - Key: Button 3, Expected: 1, Actual: 0
2025-07-25 13:52:41 - open_ll(opt=0)
2025-07-25 13:52:41 - device_open(u/js220/003155) \\?\usb#vid_16d0&pid_10ba#003155#{e27188c8-98ff-41de-be50-653324c6b19c}
2025-07-25 13:52:41 - open(opt=0)
2025-07-25 13:52:41 - bulk_in_stream_open 130
2025-07-25 13:52:41 - bulk_in_initialize pipe_id=0x82
2025-07-25 13:52:41 - MAXIMUM_TRANSFER_SIZE pipe_id=0x82 bytes=2097152
2025-07-25 13:52:41 - port0 connect rsp
2025-07-25 13:52:41 - JS220 app_id=3, FW=1.3.0, HW=1.0.0, FPGA=1.3.3, protocol=1.0.0
2025-07-25 13:52:41 - open complete
2025-07-25 13:52:41 - on_sampling_frequency(2000000)
2025-07-25 13:52:41 - jsdrv_downsample_alloc signal_n=1, gpi_n=1
2025-07-25 13:52:41 - read(duration=None, contiguous_duration=0.25, out_format=None)
2025-07-25 13:52:42 - received stop callback: pending stop
2025-07-25 13:52:42 - read available range 6890622512, 6890874512
2025-07-25 13:52:42 - read actual 6890624512, 6890874512
2025-07-25 13:52:42 - _on_cmd_publish_cbk(u/js220/003155/s/gpi/1/!data)
Traceback (most recent call last):
  File "pyjoulescope_driver/binding.pyx", line 1029, in pyjoulescope_driver.binding._on_cmd_publish_cbk
  File "C:\Users\cheluvagb\PycharmProjects\PythonProject\.venv\Lib\site-packages\joulescope\v1\device.py", line 461, in _on_stream
    if self.stream_buffer.is_duration_max or self.stream_buffer.is_contiguous_duration_max:
       ^^^^^^^^^^^^^^^^^^^^^^^^^^^^^^^^^^
AttributeError: 'NoneType' object has no attribute 'is_duration_max'
2025-07-25 13:52:42 - close
2025-07-25 13:52:42 - device_close(u/js220/003155)
2025-07-25 13:52:42 - bulk_in_finalize ep=0x82
2025-07-25 13:52:42 - close
2025-07-25 13:52:42 - jsdrv_finalize 0000020634735180
2025-07-25 13:52:42 - USB backend finalize
2025-07-25 13:52:42 - JS220 USB upper-level thread done u/js220/003155
2025-07-25 13:52:42 - finalize usb backend
2025-07-25 13:52:42 - winusb backend finalize
2025-07-25 13:52:42 - USB backend_thread done
2025-07-25 13:52:42 - USB device_thread closing u/js220/003155
2025-07-25 13:52:42 - device_close(u/js220/003155)
2025-07-25 13:52:42 - USB device_thread closed u/js220/003155
2025-07-25 13:54:29 - tag1skey3
2025-07-25 13:54:35 - JS220 USB upper-level thread started for u/js220/003155
2025-07-25 13:54:35 - open_ll(opt=0)
2025-07-25 13:54:35 - device_open(u/js220/003155) \\?\usb#vid_16d0&pid_10ba#003155#{e27188c8-98ff-41de-be50-653324c6b19c}
2025-07-25 13:54:35 - open(opt=0)
2025-07-25 13:54:35 - bulk_in_stream_open 130
2025-07-25 13:54:35 - bulk_in_initialize pipe_id=0x82
2025-07-25 13:54:35 - MAXIMUM_TRANSFER_SIZE pipe_id=0x82 bytes=2097152
2025-07-25 13:54:35 - port0 connect rsp
2025-07-25 13:54:35 - JS220 app_id=3, FW=1.3.0, HW=1.0.0, FPGA=1.3.3, protocol=1.0.0
2025-07-25 13:54:36 - open complete
2025-07-25 13:54:36 - on_sampling_frequency(2000000)
2025-07-25 13:54:36 - jsdrv_downsample_alloc signal_n=1, gpi_n=1
2025-07-25 13:54:36 - read(duration=None, contiguous_duration=0.25, out_format=None)
2025-07-25 13:54:36 - received stop callback: pending stop
2025-07-25 13:54:36 - read available range 8880512, 9132512
2025-07-25 13:54:36 - read actual 8882512, 9132512
2025-07-25 13:54:36 - _on_cmd_publish_cbk(u/js220/003155/s/gpi/1/!data)
Traceback (most recent call last):
  File "pyjoulescope_driver/binding.pyx", line 1029, in pyjoulescope_driver.binding._on_cmd_publish_cbk
  File "C:\Users\cheluvagb\PycharmProjects\PythonProject\.venv\Lib\site-packages\joulescope\v1\device.py", line 461, in _on_stream
    if self.stream_buffer.is_duration_max or self.stream_buffer.is_contiguous_duration_max:
       ^^^^^^^^^^^^^^^^^^^^^^^^^^^^^^^^^^
AttributeError: 'NoneType' object has no attribute 'is_duration_max'
2025-07-25 13:54:36 - close
2025-07-25 13:54:36 - device_close(u/js220/003155)
2025-07-25 13:54:36 - bulk_in_finalize ep=0x82
2025-07-25 13:54:37 - close
2025-07-25 13:54:37 - jsdrv_finalize 0000015860BE3FA0
2025-07-25 13:54:37 - USB backend finalize
2025-07-25 13:54:37 - JS220 USB upper-level thread done u/js220/003155
2025-07-25 13:54:37 - finalize usb backend
2025-07-25 13:54:37 - winusb backend finalize
2025-07-25 13:54:37 - USB backend_thread done
2025-07-25 13:54:37 - USB device_thread closing u/js220/003155
2025-07-25 13:54:37 - device_close(u/js220/003155)
2025-07-25 13:54:37 - USB device_thread closed u/js220/003155
2025-07-25 14:00:09 - tag1skey3
2025-07-25 14:00:17 - {"Device Type": "Tag", "Tag ID": 17684215, "RSSI": "-83.00 dBm", "Monitor ID": 0, "CMD": 0, "Status Byte": "00000010", "Button 4": "0", "Button 3": "0", "Button 2": "0", "Button 1": "0", "Motion Flag": "0", "Retry Count": 1, "Reserved": "0", "IR ID": 0, "Version": 113, "Astar ID": 1, "LBI": 2689, "CMD3": "710006", "Timestamp": "2025-07-25 08:30:12", "EKEY": 0, "LF Flag": 2}
2025-07-25 14:00:17 - Mismatch for 'Tag ID': Expected 17686527, Got 17684215
2025-07-25 14:00:17 - Mismatch for 'Button 3': Expected 1, Got 0
2025-07-25 14:00:17 - Validation failed with mismatches:
2025-07-25 14:00:17 - Key: Tag ID, Expected: 17686527, Actual: 17684215
2025-07-25 14:00:17 - Key: Button 3, Expected: 1, Actual: 0
2025-07-25 14:00:17 - USB device_thread started u/js220/003155
2025-07-25 14:00:17 - JS220 USB upper-level thread started for u/js220/003155
2025-07-25 14:00:17 - open_ll(opt=0)
2025-07-25 14:00:17 - device_open(u/js220/003155) \\?\usb#vid_16d0&pid_10ba#003155#{e27188c8-98ff-41de-be50-653324c6b19c}
2025-07-25 14:00:17 - open(opt=0)
2025-07-25 14:00:17 - bulk_in_stream_open 130
2025-07-25 14:00:17 - bulk_in_initialize pipe_id=0x82
2025-07-25 14:00:17 - MAXIMUM_TRANSFER_SIZE pipe_id=0x82 bytes=2097152
2025-07-25 14:00:17 - port0 connect rsp
2025-07-25 14:00:17 - JS220 app_id=3, FW=1.3.0, HW=1.0.0, FPGA=1.3.3, protocol=1.0.0
2025-07-25 14:00:17 - open complete
2025-07-25 14:00:17 - on_sampling_frequency(2000000)
2025-07-25 14:00:17 - jsdrv_downsample_alloc signal_n=1, gpi_n=1
2025-07-25 14:00:17 - read(duration=None, contiguous_duration=0.25, out_format=None)
2025-07-25 14:00:18 - received stop callback: pending stop
2025-07-25 14:00:18 - read available range 8862368, 9114368
2025-07-25 14:00:18 - read actual 8864368, 9114368
2025-07-25 14:00:18 - _on_cmd_publish_cbk(u/js220/003155/s/gpi/1/!data)
Traceback (most recent call last):
  File "pyjoulescope_driver/binding.pyx", line 1029, in pyjoulescope_driver.binding._on_cmd_publish_cbk
  File "C:\Users\cheluvagb\PycharmProjects\PythonProject\.venv\Lib\site-packages\joulescope\v1\device.py", line 461, in _on_stream
    if self.stream_buffer.is_duration_max or self.stream_buffer.is_contiguous_duration_max:
       ^^^^^^^^^^^^^^^^^^^^^^^^^^^^^^^^^^
AttributeError: 'NoneType' object has no attribute 'is_duration_max'
2025-07-25 14:00:18 - close
2025-07-25 14:00:18 - device_close(u/js220/003155)
2025-07-25 14:00:18 - bulk_in_finalize ep=0x82
2025-07-25 14:00:19 - close
2025-07-25 14:00:19 - jsdrv_finalize 000002556F80A240
2025-07-25 14:00:19 - USB backend finalize
2025-07-25 14:00:19 - JS220 USB upper-level thread done u/js220/003155
2025-07-25 14:00:19 - finalize usb backend
2025-07-25 14:00:19 - winusb backend finalize
2025-07-25 14:00:19 - USB backend_thread done
2025-07-25 14:00:19 - USB device_thread closing u/js220/003155
2025-07-25 14:00:19 - device_close(u/js220/003155)
2025-07-25 14:00:19 - USB device_thread closed u/js220/003155
2025-07-25 14:02:50 - tag1skey3
2025-07-25 14:02:57 - open_ll(opt=0)
2025-07-25 14:02:57 - device_open(u/js220/003155) \\?\usb#vid_16d0&pid_10ba#003155#{e27188c8-98ff-41de-be50-653324c6b19c}
2025-07-25 14:02:57 - open(opt=0)
2025-07-25 14:02:57 - bulk_in_stream_open 130
2025-07-25 14:02:57 - bulk_in_initialize pipe_id=0x82
2025-07-25 14:02:57 - MAXIMUM_TRANSFER_SIZE pipe_id=0x82 bytes=2097152
2025-07-25 14:02:57 - port0 connect rsp
2025-07-25 14:02:57 - JS220 app_id=3, FW=1.3.0, HW=1.0.0, FPGA=1.3.3, protocol=1.0.0
2025-07-25 14:02:57 - open complete
2025-07-25 14:02:57 - on_sampling_frequency(2000000)
2025-07-25 14:02:57 - jsdrv_downsample_alloc signal_n=1, gpi_n=1
2025-07-25 14:02:57 - read(duration=None, contiguous_duration=0.25, out_format=None)
2025-07-25 14:02:58 - received stop callback: pending stop
2025-07-25 14:02:58 - read available range 8866400, 9118400
2025-07-25 14:02:58 - read actual 8868400, 9118400
2025-07-25 14:02:58 - close
2025-07-25 14:02:58 - device_close(u/js220/003155)
2025-07-25 14:02:58 - bulk_in_finalize ep=0x82
2025-07-25 14:02:59 - close
2025-07-25 14:02:59 - jsdrv_finalize 000001D457365FA0
2025-07-25 14:02:59 - USB backend finalize
2025-07-25 14:02:59 - JS220 USB upper-level thread done u/js220/003155
2025-07-25 14:02:59 - finalize usb backend
2025-07-25 14:02:59 - winusb backend finalize
2025-07-25 14:02:59 - USB backend_thread done
2025-07-25 14:02:59 - USB device_thread closing u/js220/003155
2025-07-25 14:02:59 - device_close(u/js220/003155)
2025-07-25 14:02:59 - USB device_thread closed u/js220/003155
2025-07-25 14:04:36 - tag1skey3
2025-07-25 14:04:47 - {"Device Type": "Tag", "Tag ID": 17686527, "RSSI": "-65.00 dBm", "Monitor ID": 8508906, "CMD": 0, "Status Byte": "00000100", "Button 4": "0", "Button 3": "0", "Button 2": "0", "Button 1": "0", "Motion Flag": "0", "Retry Count": 2, "Reserved": "0", "IR ID": 101, "Version": 113, "Astar ID": 1, "LBI": 2986, "CMD3": "410036", "Timestamp": "2025-07-25 08:34:40", "EKEY": 0, "LF Flag": 2}
2025-07-25 14:04:47 - Mismatch for 'Button 3': Expected 1, Got 0
2025-07-25 14:04:47 - Validation failed with mismatches:
2025-07-25 14:04:47 - Key: Button 3, Expected: 1, Actual: 0
2025-07-25 14:04:47 - {"Device Type": "Tag", "Tag ID": 17686527, "RSSI": "-59.00 dBm", "Monitor ID": 8508906, "CMD": 0, "Status Byte": "01000010", "Button 4": "0", "Button 3": "1", "Button 2": "0", "Button 1": "0", "Motion Flag": "0", "Retry Count": 1, "Reserved": "0", "IR ID": 101, "Version": 113, "Astar ID": 1, "LBI": 2986, "CMD3": "160014", "Timestamp": "2025-07-25 08:34:42", "EKEY": 4, "LF Flag": 2}
2025-07-25 14:04:47 - Validation successful!
2025-07-25 14:04:47 - open_ll(opt=0)
2025-07-25 14:04:47 - device_open(u/js220/003155) \\?\usb#vid_16d0&pid_10ba#003155#{e27188c8-98ff-41de-be50-653324c6b19c}
2025-07-25 14:04:47 - open(opt=0)
2025-07-25 14:04:47 - bulk_in_stream_open 130
2025-07-25 14:04:47 - bulk_in_initialize pipe_id=0x82
2025-07-25 14:04:47 - MAXIMUM_TRANSFER_SIZE pipe_id=0x82 bytes=2097152
2025-07-25 14:04:47 - port0 connect rsp
2025-07-25 14:04:47 - JS220 app_id=3, FW=1.3.0, HW=1.0.0, FPGA=1.3.3, protocol=1.0.0
2025-07-25 14:04:47 - open complete
2025-07-25 14:04:47 - on_sampling_frequency(2000000)
2025-07-25 14:04:47 - jsdrv_downsample_alloc signal_n=1, gpi_n=1
2025-07-25 14:04:47 - read(duration=None, contiguous_duration=0.25, out_format=None)
2025-07-25 14:04:48 - received stop callback: pending stop
2025-07-25 14:04:48 - read available range 119058944, 119310944
2025-07-25 14:04:48 - read actual 119060944, 119310944
2025-07-25 14:04:48 - close
2025-07-25 14:04:48 - device_close(u/js220/003155)
2025-07-25 14:04:48 - bulk_in_finalize ep=0x82
2025-07-25 14:04:49 - close
2025-07-25 14:04:49 - jsdrv_finalize 000001C17F52C640
2025-07-25 14:04:49 - USB backend finalize
2025-07-25 14:04:49 - JS220 USB upper-level thread done u/js220/003155
2025-07-25 14:04:49 - finalize usb backend
2025-07-25 14:04:49 - winusb backend finalize
2025-07-25 14:04:49 - USB backend_thread done
2025-07-25 14:04:49 - USB device_thread closing u/js220/003155
2025-07-25 14:04:49 - device_close(u/js220/003155)
2025-07-25 14:04:49 - USB device_thread closed u/js220/003155
2025-07-25 14:29:58 - tag1skey3
2025-07-25 14:30:08 - {"Device Type": "Tag", "Tag ID": 17685004, "RSSI": "-59.00 dBm", "Monitor ID": 8508906, "CMD": 0, "Status Byte": "11100100", "Button 4": "1", "Button 3": "1", "Button 2": "1", "Button 1": "0", "Motion Flag": "0", "Retry Count": 2, "Reserved": "0", "IR ID": 101, "Version": 4, "Astar ID": 1, "LBI": 950, "CMD3": "b60b07", "Timestamp": "2025-07-25 09:00:01", "EKEY": 0, "LF Flag": 0}
2025-07-25 14:30:08 - Mismatch for 'Tag ID': Expected 17686527, Got 17685004
2025-07-25 14:30:08 - Mismatch for 'Button 4': Expected 0, Got 1
2025-07-25 14:30:08 - Mismatch for 'Button 2': Expected 0, Got 1
2025-07-25 14:30:08 - Validation failed with mismatches:
2025-07-25 14:30:08 - Key: Tag ID, Expected: 17686527, Actual: 17685004
2025-07-25 14:30:08 - Key: Button 4, Expected: 0, Actual: 1
2025-07-25 14:30:08 - Key: Button 2, Expected: 0, Actual: 1
2025-07-25 14:30:08 - {"Device Type": "Monitor", "Tag ID": 232783617, "RSSI": "-71.50 dBm", "Monitor ID": 14019110, "CMD": 129, "Status Byte": "00000000", "Button 4": "0", "Button 3": "0", "Button 2": "0", "Button 1": "0", "Motion Flag": "0", "Retry Count": 0, "Reserved": "0", "IR ID": 25858, "Version": 0, "Astar ID": 369, "LBI": 44544, "CMD3": "0bae0b", "Timestamp": "2039-10-17 23:04:39", "EKEY": 104, "LF Flag": 0}
2025-07-25 14:30:08 - Mismatch for 'Tag ID': Expected 17686527, Got 232783617
2025-07-25 14:30:08 - Mismatch for 'Button 3': Expected 1, Got 0
2025-07-25 14:30:08 - Validation failed with mismatches:
2025-07-25 14:30:08 - Key: Tag ID, Expected: 17686527, Actual: 232783617
2025-07-25 14:30:08 - Key: Button 3, Expected: 1, Actual: 0
2025-07-25 14:30:08 - {"Device Type": "Tag", "Tag ID": 17684215, "RSSI": "-73.00 dBm", "Monitor ID": 8508906, "CMD": 0, "Status Byte": "00000010", "Button 4": "0", "Button 3": "0", "Button 2": "0", "Button 1": "0", "Motion Flag": "0", "Retry Count": 1, "Reserved": "0", "IR ID": 101, "Version": 113, "Astar ID": 1, "LBI": 2681, "CMD3": "1a0014", "Timestamp": "2025-07-25 09:00:03", "EKEY": 0, "LF Flag": 2}
2025-07-25 14:30:08 - Mismatch for 'Tag ID': Expected 17686527, Got 17684215
2025-07-25 14:30:08 - Mismatch for 'Button 3': Expected 1, Got 0
2025-07-25 14:30:08 - Validation failed with mismatches:
2025-07-25 14:30:08 - Key: Tag ID, Expected: 17686527, Actual: 17684215
2025-07-25 14:30:08 - Key: Button 3, Expected: 1, Actual: 0
2025-07-25 14:30:08 - {"Device Type": "Monitor", "Tag ID": 232783617, "RSSI": "-71.50 dBm", "Monitor ID": 14019110, "CMD": 129, "Status Byte": "00000000", "Button 4": "0", "Button 3": "0", "Button 2": "0", "Button 1": "0", "Motion Flag": "0", "Retry Count": 0, "Reserved": "0", "IR ID": 25922, "Version": 0, "Astar ID": 369, "LBI": 44544, "CMD3": "0b1600", "Timestamp": "2039-10-17 23:13:24", "EKEY": 104, "LF Flag": 4}
2025-07-25 14:30:08 - Mismatch for 'Tag ID': Expected 17686527, Got 232783617
2025-07-25 14:30:08 - Mismatch for 'Button 3': Expected 1, Got 0
2025-07-25 14:30:08 - Validation failed with mismatches:
2025-07-25 14:30:08 - Key: Tag ID, Expected: 17686527, Actual: 232783617
2025-07-25 14:30:08 - Key: Button 3, Expected: 1, Actual: 0
2025-07-25 14:30:08 - {"Device Type": "Monitor", "Tag ID": 168558849, "RSSI": "-97.00 dBm", "Monitor ID": 15345165, "CMD": 213, "Status Byte": "10000001", "Button 4": "1", "Button 3": "0", "Button 2": "0", "Button 1": "0", "Motion Flag": "0", "Retry Count": 0, "Reserved": "1", "IR ID": 25088, "Version": 101, "Astar ID": 1024, "LBI": 1, "CMD3": "b6031a", "Timestamp": "2008-01-20 09:27:28", "EKEY": 131, "LF Flag": 104}
2025-07-25 14:30:08 - Mismatch for 'Tag ID': Expected 17686527, Got 168558849
2025-07-25 14:30:08 - Mismatch for 'Button 4': Expected 0, Got 1
2025-07-25 14:30:08 - Mismatch for 'Button 3': Expected 1, Got 0
2025-07-25 14:30:08 - Validation failed with mismatches:
2025-07-25 14:30:08 - Key: Tag ID, Expected: 17686527, Actual: 168558849
2025-07-25 14:30:08 - Key: Button 4, Expected: 0, Actual: 1
2025-07-25 14:30:08 - Key: Button 3, Expected: 1, Actual: 0
2025-07-25 14:30:08 - open_ll(opt=0)
2025-07-25 14:30:08 - device_open(u/js220/003155) \\?\usb#vid_16d0&pid_10ba#003155#{e27188c8-98ff-41de-be50-653324c6b19c}
2025-07-25 14:30:08 - open(opt=0)
2025-07-25 14:30:08 - bulk_in_stream_open 130
2025-07-25 14:30:08 - bulk_in_initialize pipe_id=0x82
2025-07-25 14:30:08 - MAXIMUM_TRANSFER_SIZE pipe_id=0x82 bytes=2097152
2025-07-25 14:30:08 - port0 connect rsp
2025-07-25 14:30:08 - JS220 app_id=3, FW=1.3.0, HW=1.0.0, FPGA=1.3.3, protocol=1.0.0
2025-07-25 14:30:08 - open complete
2025-07-25 14:30:08 - on_sampling_frequency(2000000)
2025-07-25 14:30:08 - jsdrv_downsample_alloc signal_n=1, gpi_n=1
2025-07-25 14:30:09 - read(duration=None, contiguous_duration=0.25, out_format=None)
2025-07-25 14:30:09 - received stop callback: pending stop
2025-07-25 14:30:09 - read available range 1640181344, 1640433344
2025-07-25 14:30:09 - read actual 1640183344, 1640433344
2025-07-25 14:30:09 - _on_cmd_publish_cbk(u/js220/003155/s/gpi/1/!data)
Traceback (most recent call last):
  File "pyjoulescope_driver/binding.pyx", line 1029, in pyjoulescope_driver.binding._on_cmd_publish_cbk
  File "C:\Users\cheluvagb\PycharmProjects\PythonProject\.venv\Lib\site-packages\joulescope\v1\device.py", line 461, in _on_stream
    if self.stream_buffer.is_duration_max or self.stream_buffer.is_contiguous_duration_max:
       ^^^^^^^^^^^^^^^^^^^^^^^^^^^^^^^^^^
AttributeError: 'NoneType' object has no attribute 'is_duration_max'
2025-07-25 14:30:09 - close
2025-07-25 14:30:09 - device_close(u/js220/003155)
2025-07-25 14:30:09 - bulk_in_finalize ep=0x82
2025-07-25 14:30:10 - close
2025-07-25 14:30:10 - jsdrv_finalize 000001FAFE804BC0
2025-07-25 14:30:10 - USB backend finalize
2025-07-25 14:30:10 - JS220 USB upper-level thread done u/js220/003155
2025-07-25 14:30:10 - finalize usb backend
2025-07-25 14:30:10 - winusb backend finalize
2025-07-25 14:30:10 - USB backend_thread done
2025-07-25 14:30:10 - USB device_thread closing u/js220/003155
2025-07-25 14:30:10 - device_close(u/js220/003155)
2025-07-25 14:30:10 - USB device_thread closed u/js220/003155
2025-07-25 14:30:42 - tag1skey3
2025-07-25 14:30:48 - open_ll(opt=0)
2025-07-25 14:30:48 - device_open(u/js220/003155) \\?\usb#vid_16d0&pid_10ba#003155#{e27188c8-98ff-41de-be50-653324c6b19c}
2025-07-25 14:30:48 - open(opt=0)
2025-07-25 14:30:48 - bulk_in_stream_open 130
2025-07-25 14:30:48 - bulk_in_initialize pipe_id=0x82
2025-07-25 14:30:48 - MAXIMUM_TRANSFER_SIZE pipe_id=0x82 bytes=2097152
2025-07-25 14:30:48 - port0 connect rsp
2025-07-25 14:30:48 - JS220 app_id=3, FW=1.3.0, HW=1.0.0, FPGA=1.3.3, protocol=1.0.0
2025-07-25 14:30:48 - open complete
2025-07-25 14:30:48 - on_sampling_frequency(2000000)
2025-07-25 14:30:48 - jsdrv_downsample_alloc signal_n=1, gpi_n=1
2025-07-25 14:30:49 - read(duration=None, contiguous_duration=0.25, out_format=None)
2025-07-25 14:30:49 - received stop callback: pending stop
2025-07-25 14:30:49 - read available range 8809952, 9061952
2025-07-25 14:30:49 - read actual 8811952, 9061952
2025-07-25 14:30:49 - close
2025-07-25 14:30:49 - device_close(u/js220/003155)
2025-07-25 14:30:49 - bulk_in_finalize ep=0x82
2025-07-25 14:30:50 - close
2025-07-25 14:30:50 - jsdrv_finalize 0000025682DEC7A0
2025-07-25 14:30:50 - USB backend finalize
2025-07-25 14:30:50 - JS220 USB upper-level thread done u/js220/003155
2025-07-25 14:30:50 - finalize usb backend
2025-07-25 14:30:50 - winusb backend finalize
2025-07-25 14:30:50 - USB backend_thread done
2025-07-25 14:30:50 - USB device_thread closing u/js220/003155
2025-07-25 14:30:50 - device_close(u/js220/003155)
2025-07-25 14:30:50 - USB device_thread closed u/js220/003155
2025-07-25 14:31:18 - tag1skey3
2025-07-25 14:31:27 - {"Device Type": "Tag", "Tag ID": 17685004, "RSSI": "-59.00 dBm", "Monitor ID": 8508906, "CMD": 0, "Status Byte": "01100010", "Button 4": "0", "Button 3": "1", "Button 2": "1", "Button 1": "0", "Motion Flag": "0", "Retry Count": 1, "Reserved": "0", "IR ID": 101, "Version": 4, "Astar ID": 1, "LBI": 949, "CMD3": "1a0014", "Timestamp": "2025-07-25 09:01:21", "EKEY": 0, "LF Flag": 0}
2025-07-25 14:31:27 - Mismatch for 'Tag ID': Expected 17686527, Got 17685004
2025-07-25 14:31:27 - Mismatch for 'Button 2': Expected 0, Got 1
2025-07-25 14:31:27 - Validation failed with mismatches:
2025-07-25 14:31:27 - Key: Tag ID, Expected: 17686527, Actual: 17685004
2025-07-25 14:31:27 - Key: Button 2, Expected: 0, Actual: 1
2025-07-25 14:31:27 - {"Device Type": "Tag", "Tag ID": 17686527, "RSSI": "-58.00 dBm", "Monitor ID": 8508906, "CMD": 0, "Status Byte": "01000010", "Button 4": "0", "Button 3": "1", "Button 2": "0", "Button 1": "0", "Motion Flag": "0", "Retry Count": 1, "Reserved": "0", "IR ID": 101, "Version": 113, "Astar ID": 1, "LBI": 2990, "CMD3": "160014", "Timestamp": "2025-07-25 09:01:24", "EKEY": 4, "LF Flag": 2}
2025-07-25 14:31:27 - Validation successful!
2025-07-25 14:31:27 - USB device_thread started u/js220/003155
2025-07-25 14:31:27 - JS220 USB upper-level thread started for u/js220/003155
2025-07-25 14:31:27 - open_ll(opt=0)
2025-07-25 14:31:27 - device_open(u/js220/003155) \\?\usb#vid_16d0&pid_10ba#003155#{e27188c8-98ff-41de-be50-653324c6b19c}
2025-07-25 14:31:27 - open(opt=0)
2025-07-25 14:31:27 - bulk_in_stream_open 130
2025-07-25 14:31:27 - bulk_in_initialize pipe_id=0x82
2025-07-25 14:31:27 - MAXIMUM_TRANSFER_SIZE pipe_id=0x82 bytes=2097152
2025-07-25 14:31:27 - port0 connect rsp
2025-07-25 14:31:27 - JS220 app_id=3, FW=1.3.0, HW=1.0.0, FPGA=1.3.3, protocol=1.0.0
2025-07-25 14:31:27 - open complete
2025-07-25 14:31:27 - on_sampling_frequency(2000000)
2025-07-25 14:31:27 - jsdrv_downsample_alloc signal_n=1, gpi_n=1
2025-07-25 14:31:28 - read(duration=None, contiguous_duration=0.25, out_format=None)
2025-07-25 14:31:28 - received stop callback: pending stop
2025-07-25 14:31:28 - read available range 47744960, 47996960
2025-07-25 14:31:28 - read actual 47746960, 47996960
2025-07-25 14:31:28 - _on_cmd_publish_cbk(u/js220/003155/s/gpi/1/!data)
Traceback (most recent call last):
  File "pyjoulescope_driver/binding.pyx", line 1029, in pyjoulescope_driver.binding._on_cmd_publish_cbk
  File "C:\Users\cheluvagb\PycharmProjects\PythonProject\.venv\Lib\site-packages\joulescope\v1\device.py", line 461, in _on_stream
    if self.stream_buffer.is_duration_max or self.stream_buffer.is_contiguous_duration_max:
       ^^^^^^^^^^^^^^^^^^^^^^^^^^^^^^^^^^
AttributeError: 'NoneType' object has no attribute 'is_duration_max'
2025-07-25 14:31:28 - close
2025-07-25 14:31:28 - device_close(u/js220/003155)
2025-07-25 14:31:28 - bulk_in_finalize ep=0x82
2025-07-25 14:31:29 - close
2025-07-25 14:31:29 - jsdrv_finalize 0000029C9851BC00
2025-07-25 14:31:29 - USB backend finalize
2025-07-25 14:31:29 - JS220 USB upper-level thread done u/js220/003155
2025-07-25 14:31:29 - finalize usb backend
2025-07-25 14:31:29 - winusb backend finalize
2025-07-25 14:31:29 - USB backend_thread done
2025-07-25 14:31:29 - USB device_thread closing u/js220/003155
2025-07-25 14:31:29 - device_close(u/js220/003155)
2025-07-25 14:31:29 - USB device_thread closed u/js220/003155
2025-07-25 14:46:31 - tag1skey3
2025-07-25 14:46:38 - open_ll(opt=0)
2025-07-25 14:46:38 - device_open(u/js220/003155) \\?\usb#vid_16d0&pid_10ba#003155#{e27188c8-98ff-41de-be50-653324c6b19c}
2025-07-25 14:46:38 - open(opt=0)
2025-07-25 14:46:38 - bulk_in_stream_open 130
2025-07-25 14:46:38 - bulk_in_initialize pipe_id=0x82
2025-07-25 14:46:38 - MAXIMUM_TRANSFER_SIZE pipe_id=0x82 bytes=2097152
2025-07-25 14:46:38 - port0 connect rsp
2025-07-25 14:46:38 - JS220 app_id=3, FW=1.3.0, HW=1.0.0, FPGA=1.3.3, protocol=1.0.0
2025-07-25 14:46:38 - open complete
2025-07-25 14:46:38 - on_sampling_frequency(2000000)
2025-07-25 14:46:38 - jsdrv_downsample_alloc signal_n=1, gpi_n=1
2025-07-25 14:46:38 - read(duration=None, contiguous_duration=0.25, out_format=None)
2025-07-25 14:46:38 - received stop callback: pending stop
2025-07-25 14:46:38 - read available range 8761568, 9013568
2025-07-25 14:46:38 - read actual 8763568, 9013568
2025-07-25 14:46:38 - close
2025-07-25 14:46:38 - device_close(u/js220/003155)
2025-07-25 14:46:38 - bulk_in_finalize ep=0x82
2025-07-25 14:46:39 - close
2025-07-25 14:46:39 - jsdrv_finalize 000001A96FFDAEF0
2025-07-25 14:46:39 - USB backend finalize
2025-07-25 14:46:39 - JS220 USB upper-level thread done u/js220/003155
2025-07-25 14:46:39 - finalize usb backend
2025-07-25 14:46:39 - winusb backend finalize
2025-07-25 14:46:39 - USB backend_thread done
2025-07-25 14:46:39 - USB device_thread closing u/js220/003155
2025-07-25 14:46:39 - device_close(u/js220/003155)
2025-07-25 14:46:39 - USB device_thread closed u/js220/003155
2025-07-25 14:47:03 - tag1skey3
2025-07-25 14:47:13 - {"Device Type": "Tag", "Tag ID": 17685004, "RSSI": "-59.00 dBm", "Monitor ID": 8508906, "CMD": 0, "Status Byte": "11100100", "Button 4": "1", "Button 3": "1", "Button 2": "1", "Button 1": "0", "Motion Flag": "0", "Retry Count": 2, "Reserved": "0", "IR ID": 101, "Version": 4, "Astar ID": 1, "LBI": 949, "CMD3": "410036", "Timestamp": "2025-07-25 09:17:06", "EKEY": 0, "LF Flag": 0}
2025-07-25 14:47:13 - Mismatch for 'Tag ID': Expected 17686527, Got 17685004
2025-07-25 14:47:13 - Mismatch for 'Button 4': Expected 0, Got 1
2025-07-25 14:47:13 - Mismatch for 'Button 2': Expected 0, Got 1
2025-07-25 14:47:13 - Validation failed with mismatches:
2025-07-25 14:47:13 - Key: Tag ID, Expected: 17686527, Actual: 17685004
2025-07-25 14:47:13 - Key: Button 4, Expected: 0, Actual: 1
2025-07-25 14:47:13 - Key: Button 2, Expected: 0, Actual: 1
2025-07-25 14:47:13 - {"Device Type": "Tag", "Tag ID": 17684215, "RSSI": "-59.00 dBm", "Monitor ID": 8508906, "CMD": 0, "Status Byte": "00000010", "Button 4": "0", "Button 3": "0", "Button 2": "0", "Button 1": "0", "Motion Flag": "0", "Retry Count": 1, "Reserved": "0", "IR ID": 101, "Version": 113, "Astar ID": 1, "LBI": 2681, "CMD3": "1a0014", "Timestamp": "2025-07-25 09:17:07", "EKEY": 0, "LF Flag": 2}
2025-07-25 14:47:13 - Mismatch for 'Tag ID': Expected 17686527, Got 17684215
2025-07-25 14:47:13 - Mismatch for 'Button 3': Expected 1, Got 0
2025-07-25 14:47:13 - Validation failed with mismatches:
2025-07-25 14:47:13 - Key: Tag ID, Expected: 17686527, Actual: 17684215
2025-07-25 14:47:13 - Key: Button 3, Expected: 1, Actual: 0
2025-07-25 14:47:13 - open_ll(opt=0)
2025-07-25 14:47:13 - device_open(u/js220/003155) \\?\usb#vid_16d0&pid_10ba#003155#{e27188c8-98ff-41de-be50-653324c6b19c}
2025-07-25 14:47:13 - open(opt=0)
2025-07-25 14:47:13 - bulk_in_stream_open 130
2025-07-25 14:47:13 - bulk_in_initialize pipe_id=0x82
2025-07-25 14:47:13 - MAXIMUM_TRANSFER_SIZE pipe_id=0x82 bytes=2097152
2025-07-25 14:47:13 - port0 connect rsp
2025-07-25 14:47:13 - JS220 app_id=3, FW=1.3.0, HW=1.0.0, FPGA=1.3.3, protocol=1.0.0
2025-07-25 14:47:13 - open complete
2025-07-25 14:47:13 - on_sampling_frequency(2000000)
2025-07-25 14:47:13 - jsdrv_downsample_alloc signal_n=1, gpi_n=1
2025-07-25 14:47:13 - read(duration=None, contiguous_duration=0.25, out_format=None)
2025-07-25 14:47:13 - received stop callback: pending stop
2025-07-25 14:47:13 - read available range 43529504, 43781504
2025-07-25 14:47:13 - read actual 43531504, 43781504
2025-07-25 14:47:13 - close
2025-07-25 14:47:13 - device_close(u/js220/003155)
2025-07-25 14:47:13 - bulk_in_finalize ep=0x82
2025-07-25 14:47:14 - close
2025-07-25 14:47:14 - jsdrv_finalize 000001C4B89D84D0
2025-07-25 14:47:14 - USB backend finalize
2025-07-25 14:47:14 - JS220 USB upper-level thread done u/js220/003155
2025-07-25 14:47:14 - finalize usb backend
2025-07-25 14:47:14 - winusb backend finalize
2025-07-25 14:47:14 - USB backend_thread done
2025-07-25 14:47:14 - USB device_thread closing u/js220/003155
2025-07-25 14:47:14 - device_close(u/js220/003155)
2025-07-25 14:47:14 - USB device_thread closed u/js220/003155
2025-07-25 14:47:34 - tag1skey3
2025-07-25 14:47:44 - {"Device Type": "Tag", "Tag ID": 17686527, "RSSI": "-56.00 dBm", "Monitor ID": 8508906, "CMD": 0, "Status Byte": "01000010", "Button 4": "0", "Button 3": "1", "Button 2": "0", "Button 1": "0", "Motion Flag": "0", "Retry Count": 1, "Reserved": "0", "IR ID": 101, "Version": 113, "Astar ID": 1, "LBI": 2990, "CMD3": "160014", "Timestamp": "2025-07-25 09:17:39", "EKEY": 4, "LF Flag": 2}
2025-07-25 14:47:44 - Validation successful!
2025-07-25 14:47:44 - open_ll(opt=0)
2025-07-25 14:47:44 - device_open(u/js220/003155) \\?\usb#vid_16d0&pid_10ba#003155#{e27188c8-98ff-41de-be50-653324c6b19c}
2025-07-25 14:47:44 - open(opt=0)
2025-07-25 14:47:44 - bulk_in_stream_open 130
2025-07-25 14:47:44 - bulk_in_initialize pipe_id=0x82
2025-07-25 14:47:44 - MAXIMUM_TRANSFER_SIZE pipe_id=0x82 bytes=2097152
2025-07-25 14:47:44 - port0 connect rsp
2025-07-25 14:47:44 - JS220 app_id=3, FW=1.3.0, HW=1.0.0, FPGA=1.3.3, protocol=1.0.0
2025-07-25 14:47:44 - open complete
2025-07-25 14:47:44 - on_sampling_frequency(2000000)
2025-07-25 14:47:44 - jsdrv_downsample_alloc signal_n=1, gpi_n=1
2025-07-25 14:47:44 - read(duration=None, contiguous_duration=0.25, out_format=None)
2025-07-25 14:47:44 - received stop callback: pending stop
2025-07-25 14:47:44 - read available range 74622272, 74874272
2025-07-25 14:47:44 - read actual 74624272, 74874272
2025-07-25 14:47:44 - close
2025-07-25 14:47:44 - device_close(u/js220/003155)
2025-07-25 14:47:44 - bulk_in_finalize ep=0x82
2025-07-25 14:47:45 - close
2025-07-25 14:47:45 - jsdrv_finalize 00000255B218ACF0
2025-07-25 14:47:45 - USB backend finalize
2025-07-25 14:47:45 - JS220 USB upper-level thread done u/js220/003155
2025-07-25 14:47:45 - finalize usb backend
2025-07-25 14:47:45 - winusb backend finalize
2025-07-25 14:47:45 - USB backend_thread done
2025-07-25 14:47:45 - USB device_thread closing u/js220/003155
2025-07-25 14:47:45 - device_close(u/js220/003155)
2025-07-25 14:47:45 - USB device_thread closed u/js220/003155
2025-07-25 14:48:09 - tag1skey3
2025-07-25 14:48:20 - {"Device Type": "Tag", "Tag ID": 17686527, "RSSI": "-54.00 dBm", "Monitor ID": 8508906, "CMD": 0, "Status Byte": "00000010", "Button 4": "0", "Button 3": "0", "Button 2": "0", "Button 1": "0", "Motion Flag": "0", "Retry Count": 1, "Reserved": "0", "IR ID": 101, "Version": 113, "Astar ID": 1, "LBI": 2992, "CMD3": "b00b07", "Timestamp": "2025-07-25 09:18:12", "EKEY": 0, "LF Flag": 2}
2025-07-25 14:48:20 - Mismatch for 'Button 3': Expected 1, Got 0
2025-07-25 14:48:20 - Validation failed with mismatches:
2025-07-25 14:48:20 - Key: Button 3, Expected: 1, Actual: 0
2025-07-25 14:48:20 - {"Device Type": "Tag", "Tag ID": 17686527, "RSSI": "-55.00 dBm", "Monitor ID": 8508906, "CMD": 0, "Status Byte": "01000010", "Button 4": "0", "Button 3": "1", "Button 2": "0", "Button 1": "0", "Motion Flag": "0", "Retry Count": 1, "Reserved": "0", "IR ID": 101, "Version": 113, "Astar ID": 1, "LBI": 2992, "CMD3": "160014", "Timestamp": "2025-07-25 09:18:15", "EKEY": 4, "LF Flag": 2}
2025-07-25 14:48:20 - Validation successful!
2025-07-25 14:48:20 - open_ll(opt=0)
2025-07-25 14:48:20 - device_open(u/js220/003155) \\?\usb#vid_16d0&pid_10ba#003155#{e27188c8-98ff-41de-be50-653324c6b19c}
2025-07-25 14:48:20 - open(opt=0)
2025-07-25 14:48:20 - bulk_in_stream_open 130
2025-07-25 14:48:20 - bulk_in_initialize pipe_id=0x82
2025-07-25 14:48:20 - MAXIMUM_TRANSFER_SIZE pipe_id=0x82 bytes=2097152
2025-07-25 14:48:20 - port0 connect rsp
2025-07-25 14:48:20 - JS220 app_id=3, FW=1.3.0, HW=1.0.0, FPGA=1.3.3, protocol=1.0.0
2025-07-25 14:48:20 - open complete
2025-07-25 14:48:20 - on_sampling_frequency(2000000)
2025-07-25 14:48:20 - jsdrv_downsample_alloc signal_n=1, gpi_n=1
2025-07-25 14:48:20 - read(duration=None, contiguous_duration=0.25, out_format=None)
2025-07-25 14:48:20 - received stop callback: pending stop
2025-07-25 14:48:20 - read available range 110569568, 110821568
2025-07-25 14:48:20 - read actual 110571568, 110821568
2025-07-25 14:48:20 - close
2025-07-25 14:48:20 - device_close(u/js220/003155)
2025-07-25 14:48:20 - bulk_in_finalize ep=0x82
2025-07-25 14:48:21 - close
2025-07-25 14:48:21 - jsdrv_finalize 0000023DFF3D1400
2025-07-25 14:48:21 - USB backend finalize
2025-07-25 14:48:21 - JS220 USB upper-level thread done u/js220/003155
2025-07-25 14:48:21 - finalize usb backend
2025-07-25 14:48:21 - winusb backend finalize
2025-07-25 14:48:21 - USB backend_thread done
2025-07-25 14:48:21 - USB device_thread closing u/js220/003155
2025-07-25 14:48:21 - device_close(u/js220/003155)
2025-07-25 14:48:21 - USB device_thread closed u/js220/003155
2025-07-25 15:14:59 - tag1skey3
2025-07-25 15:15:10 - {"Device Type": "Tag", "Tag ID": 17686527, "RSSI": "-53.00 dBm", "Monitor ID": 8508906, "CMD": 0, "Status Byte": "01000010", "Button 4": "0", "Button 3": "1", "Button 2": "0", "Button 1": "0", "Motion Flag": "0", "Retry Count": 1, "Reserved": "0", "IR ID": 101, "Version": 113, "Astar ID": 1, "LBI": 2990, "CMD3": "ae0b07", "Timestamp": "2025-07-25 09:45:05", "EKEY": 4, "LF Flag": 2}
2025-07-25 15:15:10 - Validation successful!
2025-07-25 15:15:10 - open_ll(opt=0)
2025-07-25 15:15:10 - device_open(u/js220/003155) \\?\usb#vid_16d0&pid_10ba#003155#{e27188c8-98ff-41de-be50-653324c6b19c}
2025-07-25 15:15:10 - open(opt=0)
2025-07-25 15:15:10 - bulk_in_stream_open 130
2025-07-25 15:15:10 - bulk_in_initialize pipe_id=0x82
2025-07-25 15:15:10 - MAXIMUM_TRANSFER_SIZE pipe_id=0x82 bytes=2097152
2025-07-25 15:15:10 - port0 connect rsp
2025-07-25 15:15:10 - JS220 app_id=3, FW=1.3.0, HW=1.0.0, FPGA=1.3.3, protocol=1.0.0
2025-07-25 15:15:10 - open complete
2025-07-25 15:15:10 - on_sampling_frequency(2000000)
2025-07-25 15:15:10 - jsdrv_downsample_alloc signal_n=1, gpi_n=1
2025-07-25 15:15:10 - read(duration=None, contiguous_duration=0.25, out_format=None)
2025-07-25 15:15:10 - received stop callback: pending stop
2025-07-25 15:15:10 - read available range 1720576400, 1720828400
2025-07-25 15:15:10 - read actual 1720578400, 1720828400
2025-07-25 15:15:10 - close
2025-07-25 15:15:10 - device_close(u/js220/003155)
2025-07-25 15:15:10 - bulk_in_finalize ep=0x82
2025-07-25 15:15:11 - close
2025-07-25 15:15:11 - jsdrv_finalize 0000026862038F50
2025-07-25 15:15:11 - USB backend finalize
2025-07-25 15:15:11 - JS220 USB upper-level thread done u/js220/003155
2025-07-25 15:15:11 - finalize usb backend
2025-07-25 15:15:11 - winusb backend finalize
2025-07-25 15:15:11 - USB backend_thread done
2025-07-25 15:15:11 - USB device_thread closing u/js220/003155
2025-07-25 15:15:11 - device_close(u/js220/003155)
2025-07-25 15:15:11 - USB device_thread closed u/js220/003155
2025-07-25 15:33:00 - tag1skey3
2025-07-25 15:33:07 - {"Device Type": "Tag", "Tag ID": 17685004, "RSSI": "-67.00 dBm", "Monitor ID": 8508906, "CMD": 0, "Status Byte": "11100110", "Button 4": "1", "Button 3": "1", "Button 2": "1", "Button 1": "0", "Motion Flag": "0", "Retry Count": 3, "Reserved": "0", "IR ID": 101, "Version": 4, "Astar ID": 1, "LBI": 950, "CMD3": "b60b07", "Timestamp": "2025-07-25 10:03:02", "EKEY": 0, "LF Flag": 0}
2025-07-25 15:33:07 - Mismatch for 'Tag ID': Expected 17686527, Got 17685004
2025-07-25 15:33:07 - Mismatch for 'Button 4': Expected 0, Got 1
2025-07-25 15:33:07 - Mismatch for 'Button 2': Expected 0, Got 1
2025-07-25 15:33:07 - Validation failed with mismatches:
2025-07-25 15:33:07 - Key: Tag ID, Expected: 17686527, Actual: 17685004
2025-07-25 15:33:07 - Key: Button 4, Expected: 0, Actual: 1
2025-07-25 15:33:07 - Key: Button 2, Expected: 0, Actual: 1
2025-07-25 15:33:07 - open_ll(opt=0)
2025-07-25 15:33:07 - device_open(u/js220/003155) \\?\usb#vid_16d0&pid_10ba#003155#{e27188c8-98ff-41de-be50-653324c6b19c}
2025-07-25 15:33:07 - open(opt=0)
2025-07-25 15:33:07 - bulk_in_stream_open 130
2025-07-25 15:33:07 - bulk_in_initialize pipe_id=0x82
2025-07-25 15:33:07 - MAXIMUM_TRANSFER_SIZE pipe_id=0x82 bytes=2097152
2025-07-25 15:33:07 - port0 connect rsp
2025-07-25 15:33:07 - JS220 app_id=3, FW=1.3.0, HW=1.0.0, FPGA=1.3.3, protocol=1.0.0
2025-07-25 15:33:07 - open complete
2025-07-25 15:33:07 - on_sampling_frequency(2000000)
2025-07-25 15:33:07 - jsdrv_downsample_alloc signal_n=1, gpi_n=1
2025-07-25 15:33:07 - read(duration=None, contiguous_duration=0.25, out_format=None)
2025-07-25 15:33:07 - received stop callback: pending stop
2025-07-25 15:33:07 - read available range 2797611296, 2797863296
2025-07-25 15:33:07 - read actual 2797613296, 2797863296
2025-07-25 15:33:07 - close
2025-07-25 15:33:07 - device_close(u/js220/003155)
2025-07-25 15:33:07 - bulk_in_finalize ep=0x82
2025-07-25 15:33:08 - close
2025-07-25 15:33:08 - jsdrv_finalize 0000026C47445F70
2025-07-25 15:33:08 - USB backend finalize
2025-07-25 15:33:08 - JS220 USB upper-level thread done u/js220/003155
2025-07-25 15:33:08 - finalize usb backend
2025-07-25 15:33:08 - winusb backend finalize
2025-07-25 15:33:08 - USB backend_thread done
2025-07-25 15:33:08 - USB device_thread closing u/js220/003155
2025-07-25 15:33:08 - device_close(u/js220/003155)
2025-07-25 15:33:08 - USB device_thread closed u/js220/003155
2025-07-25 15:35:04 - tag1skey3
2025-07-25 15:35:14 - {"Device Type": "Tag", "Tag ID": 17685004, "RSSI": "-65.00 dBm", "Monitor ID": 8508906, "CMD": 0, "Status Byte": "11100100", "Button 4": "1", "Button 3": "1", "Button 2": "1", "Button 1": "0", "Motion Flag": "0", "Retry Count": 2, "Reserved": "0", "IR ID": 101, "Version": 4, "Astar ID": 1, "LBI": 950, "CMD3": "b60b07", "Timestamp": "2025-07-25 10:05:06", "EKEY": 0, "LF Flag": 0}
2025-07-25 15:35:14 - Mismatch for 'Tag ID': Expected 17686527, Got 17685004
2025-07-25 15:35:14 - Mismatch for 'Button 4': Expected 0, Got 1
2025-07-25 15:35:14 - Mismatch for 'Button 2': Expected 0, Got 1
2025-07-25 15:35:14 - Validation failed with mismatches:
2025-07-25 15:35:14 - Key: Tag ID, Expected: 17686527, Actual: 17685004
2025-07-25 15:35:14 - Key: Button 4, Expected: 0, Actual: 1
2025-07-25 15:35:14 - Key: Button 2, Expected: 0, Actual: 1
2025-07-25 15:35:14 - {"Device Type": "Tag", "Tag ID": 17686527, "RSSI": "-54.00 dBm", "Monitor ID": 8508906, "CMD": 0, "Status Byte": "00000010", "Button 4": "0", "Button 3": "0", "Button 2": "0", "Button 1": "0", "Motion Flag": "0", "Retry Count": 1, "Reserved": "0", "IR ID": 101, "Version": 113, "Astar ID": 1, "LBI": 2990, "CMD3": "ae0b07", "Timestamp": "2025-07-25 10:05:08", "EKEY": 0, "LF Flag": 2}
2025-07-25 15:35:14 - Mismatch for 'Button 3': Expected 1, Got 0
2025-07-25 15:35:14 - Validation failed with mismatches:
2025-07-25 15:35:14 - Key: Button 3, Expected: 1, Actual: 0
2025-07-25 15:35:14 - {"Device Type": "Tag", "Tag ID": 17686527, "RSSI": "-54.00 dBm", "Monitor ID": 8508906, "CMD": 0, "Status Byte": "01000010", "Button 4": "0", "Button 3": "1", "Button 2": "0", "Button 1": "0", "Motion Flag": "0", "Retry Count": 1, "Reserved": "0", "IR ID": 101, "Version": 113, "Astar ID": 1, "LBI": 2990, "CMD3": "150014", "Timestamp": "2025-07-25 10:05:09", "EKEY": 4, "LF Flag": 2}
2025-07-25 15:35:14 - Validation successful!
2025-07-25 15:35:14 - open_ll(opt=0)
2025-07-25 15:35:14 - device_open(u/js220/003155) \\?\usb#vid_16d0&pid_10ba#003155#{e27188c8-98ff-41de-be50-653324c6b19c}
2025-07-25 15:35:14 - open(opt=0)
2025-07-25 15:35:14 - bulk_in_stream_open 130
2025-07-25 15:35:14 - bulk_in_initialize pipe_id=0x82
2025-07-25 15:35:14 - MAXIMUM_TRANSFER_SIZE pipe_id=0x82 bytes=2097152
2025-07-25 15:35:14 - port0 connect rsp
2025-07-25 15:35:14 - JS220 app_id=3, FW=1.3.0, HW=1.0.0, FPGA=1.3.3, protocol=1.0.0
2025-07-25 15:35:14 - open complete
2025-07-25 15:35:14 - on_sampling_frequency(2000000)
2025-07-25 15:35:14 - jsdrv_downsample_alloc signal_n=1, gpi_n=1
2025-07-25 15:35:14 - read(duration=None, contiguous_duration=0.25, out_format=None)
2025-07-25 15:35:14 - received stop callback: pending stop
2025-07-25 15:35:14 - read available range 2924850128, 2925102128
2025-07-25 15:35:14 - read actual 2924852128, 2925102128
2025-07-25 15:35:14 - _on_cmd_publish_cbk(u/js220/003155/s/gpi/1/!data)
Traceback (most recent call last):
  File "pyjoulescope_driver/binding.pyx", line 1029, in pyjoulescope_driver.binding._on_cmd_publish_cbk
  File "C:\Users\cheluvagb\PycharmProjects\PythonProject\.venv\Lib\site-packages\joulescope\v1\device.py", line 461, in _on_stream
    if self.stream_buffer.is_duration_max or self.stream_buffer.is_contiguous_duration_max:
       ^^^^^^^^^^^^^^^^^^^^^^^^^^^^^^^^^^
AttributeError: 'NoneType' object has no attribute 'is_duration_max'
2025-07-25 15:35:15 - close
2025-07-25 15:35:15 - device_close(u/js220/003155)
2025-07-25 15:35:15 - bulk_in_finalize ep=0x82
2025-07-25 15:35:16 - close
2025-07-25 15:35:16 - jsdrv_finalize 000001DCFF2B4C40
2025-07-25 15:35:16 - USB backend finalize
2025-07-25 15:35:16 - JS220 USB upper-level thread done u/js220/003155
2025-07-25 15:35:16 - finalize usb backend
2025-07-25 15:35:16 - winusb backend finalize
2025-07-25 15:35:16 - USB backend_thread done
2025-07-25 15:35:16 - USB device_thread closing u/js220/003155
2025-07-25 15:35:16 - device_close(u/js220/003155)
2025-07-25 15:35:16 - USB device_thread closed u/js220/003155
2025-09-22 18:08:37 - Executing Version_01 : To validate tag FW version 
  
2025-09-22 18:08:40 - tag1skey1
2025-09-22 18:08:48 - Executing packet validation for retransmission after POR 
 
2025-09-22 18:08:51 - servo1.start
2025-09-22 18:08:57 - servo1.stop
2025-09-22 18:11:04 - Executing Version_01 : To validate tag FW version 
  
2025-09-22 18:11:07 - tag1skey1
2025-09-22 18:11:14 - Executing packet validation for retransmission after POR 
 
2025-09-22 18:11:17 - servo1.start
2025-09-22 18:11:24 - servo1.stop
2025-09-22 18:11:47 - Executing Button_01 : To validate button1 short press 

2025-09-22 18:11:50 - tag1skey1
2025-09-22 18:11:57 - Executing current consumption : To validate current consumption 
  
2025-09-22 18:13:59 - tag1skey3
2025-09-22 18:14:06 - open_ll(opt=0)
2025-09-22 18:14:06 - device_open(u/js220/003155) \\?\usb#vid_16d0&pid_10ba#003155#{e27188c8-98ff-41de-be50-653324c6b19c}
2025-09-22 18:14:06 - device_open(u/js220/003155) could not open device path \\?\usb#vid_16d0&pid_10ba#003155#{e27188c8-98ff-41de-be50-653324c6b19c}
2025-09-22 18:14:06 - open_ll failed
2025-09-22 18:14:06 - close
2025-09-22 18:14:06 - jsdrv_finalize 000001FEFEBD8D60
2025-09-22 18:14:06 - USB backend finalize
2025-09-22 18:14:06 - JS220 USB upper-level thread done u/js220/003155
2025-09-22 18:14:06 - finalize usb backend
2025-09-22 18:14:06 - winusb backend finalize
2025-09-22 18:14:06 - USB backend_thread done
2025-09-22 18:14:06 - USB device_thread closing u/js220/003155
2025-09-22 18:14:06 - device_close(u/js220/003155)
2025-09-22 18:14:06 - USB device_thread closed u/js220/003155
2025-09-22 18:14:39 - tag1skey3
2025-09-22 18:14:45 - open_ll(opt=0)
2025-09-22 18:14:45 - device_open(u/js220/003155) \\?\usb#vid_16d0&pid_10ba#003155#{e27188c8-98ff-41de-be50-653324c6b19c}
2025-09-22 18:14:45 - open(opt=0)
2025-09-22 18:14:45 - bulk_in_stream_open 130
2025-09-22 18:14:45 - bulk_in_initialize pipe_id=0x82
2025-09-22 18:14:45 - MAXIMUM_TRANSFER_SIZE pipe_id=0x82 bytes=2097152
2025-09-22 18:14:45 - port0 connect rsp
2025-09-22 18:14:45 - JS220 app_id=3, FW=1.3.0, HW=1.0.0, FPGA=1.3.3, protocol=1.0.0
2025-09-22 18:14:45 - open complete
2025-09-22 18:14:45 - on_sampling_frequency(2000000)
2025-09-22 18:14:45 - jsdrv_downsample_alloc signal_n=1, gpi_n=1
2025-09-22 18:14:45 - read(duration=None, contiguous_duration=0.25, out_format=None)
2025-09-22 18:14:46 - received stop callback: pending stop
2025-09-22 18:14:46 - read available range 1804856288, 1805108288
2025-09-22 18:14:46 - read actual 1804858288, 1805108288
2025-09-22 18:14:46 - _on_cmd_publish_cbk(u/js220/003155/s/gpi/1/!data)
Traceback (most recent call last):
  File "pyjoulescope_driver/binding.pyx", line 1029, in pyjoulescope_driver.binding._on_cmd_publish_cbk
  File "C:\Users\cheluvagb\PycharmProjects\PythonProject\.venv\Lib\site-packages\joulescope\v1\device.py", line 461, in _on_stream
    if self.stream_buffer.is_duration_max or self.stream_buffer.is_contiguous_duration_max:
       ^^^^^^^^^^^^^^^^^^^^^^^^^^^^^^^^^^
AttributeError: 'NoneType' object has no attribute 'is_duration_max'
2025-09-22 18:14:46 - close
2025-09-22 18:14:46 - device_close(u/js220/003155)
2025-09-22 18:14:46 - bulk_in_finalize ep=0x82
2025-09-22 18:14:46 - close
2025-09-22 18:14:46 - jsdrv_finalize 000001AD2B81B3D0
2025-09-22 18:14:46 - USB backend finalize
2025-09-22 18:14:46 - JS220 USB upper-level thread done u/js220/003155
2025-09-22 18:14:46 - finalize usb backend
2025-09-22 18:14:46 - winusb backend finalize
2025-09-22 18:14:46 - USB backend_thread done
2025-09-22 18:14:46 - USB device_thread closing u/js220/003155
2025-09-22 18:14:46 - device_close(u/js220/003155)
2025-09-22 18:14:46 - USB device_thread closed u/js220/003155
2025-09-22 18:17:22 - Executing Version_01 : To validate tag FW version 
  
2025-09-22 18:17:25 - tag1skey1
2025-09-22 18:17:36 - tag1skey3
2025-09-22 18:17:42 - open_ll(opt=0)
2025-09-22 18:17:42 - device_open(u/js220/003155) \\?\usb#vid_16d0&pid_10ba#003155#{e27188c8-98ff-41de-be50-653324c6b19c}
2025-09-22 18:17:42 - open(opt=0)
2025-09-22 18:17:42 - bulk_in_stream_open 130
2025-09-22 18:17:42 - bulk_in_initialize pipe_id=0x82
2025-09-22 18:17:42 - MAXIMUM_TRANSFER_SIZE pipe_id=0x82 bytes=2097152
2025-09-22 18:17:42 - port0 connect rsp
2025-09-22 18:17:42 - JS220 app_id=3, FW=1.3.0, HW=1.0.0, FPGA=1.3.3, protocol=1.0.0
2025-09-22 18:17:42 - open complete
2025-09-22 18:17:42 - on_sampling_frequency(2000000)
2025-09-22 18:17:42 - jsdrv_downsample_alloc signal_n=1, gpi_n=1
2025-09-22 18:17:42 - read(duration=None, contiguous_duration=0.25, out_format=None)
2025-09-22 18:17:43 - received stop callback: pending stop
2025-09-22 18:17:43 - read available range 8706128, 8958128
2025-09-22 18:17:43 - read actual 8708128, 8958128
2025-09-22 18:17:43 - close
2025-09-22 18:17:43 - device_close(u/js220/003155)
2025-09-22 18:17:43 - bulk_in_finalize ep=0x82
2025-09-22 18:17:43 - close
2025-09-22 18:17:43 - jsdrv_finalize 00000218DFD29B50
2025-09-22 18:17:43 - USB backend finalize
2025-09-22 18:17:43 - JS220 USB upper-level thread done u/js220/003155
2025-09-22 18:17:43 - finalize usb backend
2025-09-22 18:17:43 - winusb backend finalize
2025-09-22 18:17:43 - USB backend_thread done
2025-09-22 18:17:43 - USB device_thread closing u/js220/003155
2025-09-22 18:17:43 - device_close(u/js220/003155)
2025-09-22 18:17:43 - USB device_thread closed u/js220/003155
2025-09-23 19:53:19 - open_ll(opt=0)
2025-09-23 19:53:19 - device_open(u/js220/003155) \\?\usb#vid_16d0&pid_10ba#003155#{e27188c8-98ff-41de-be50-653324c6b19c}
2025-09-23 19:53:19 - open(opt=0)
2025-09-23 19:53:19 - bulk_in_stream_open 130
2025-09-23 19:53:19 - bulk_in_initialize pipe_id=0x82
2025-09-23 19:53:19 - MAXIMUM_TRANSFER_SIZE pipe_id=0x82 bytes=2097152
2025-09-23 19:53:19 - port0 connect rsp
2025-09-23 19:53:19 - JS220 app_id=3, FW=1.3.0, HW=1.0.0, FPGA=1.3.3, protocol=1.0.0
2025-09-23 19:53:19 - open complete
2025-09-23 19:53:19 - on_sampling_frequency(2000000)
2025-09-23 19:53:19 - jsdrv_downsample_alloc signal_n=1, gpi_n=1
2025-09-23 19:53:19 - read(duration=None, contiguous_duration=0.25, out_format=None)
2025-09-23 19:53:19 - received stop callback: pending stop
2025-09-23 19:53:19 - read available range 14030975984, 14031227984
2025-09-23 19:53:19 - read actual 14030977984, 14031227984
2025-09-23 19:53:19 - close
2025-09-23 19:53:19 - device_close(u/js220/003155)
2025-09-23 19:53:19 - bulk_in_finalize ep=0x82
2025-09-23 19:53:20 - Executing Version : To validate tag FW version 
  
2025-09-23 19:53:23 - tag1skey1
2025-09-23 19:53:30 - Executing button1 Long press : To validate Factory sleep entry  
  
2025-09-23 19:53:33 - tag1Longkey1
2025-09-23 19:53:59 - tag1skey1
2025-09-23 19:54:09 - open_ll(opt=0)
2025-09-23 19:54:09 - device_open(u/js220/003155) \\?\usb#vid_16d0&pid_10ba#003155#{e27188c8-98ff-41de-be50-653324c6b19c}
2025-09-23 19:54:09 - open(opt=0)
2025-09-23 19:54:09 - bulk_in_stream_open 130
2025-09-23 19:54:09 - bulk_in_initialize pipe_id=0x82
2025-09-23 19:54:09 - MAXIMUM_TRANSFER_SIZE pipe_id=0x82 bytes=2097152
2025-09-23 19:54:09 - port0 connect rsp
2025-09-23 19:54:09 - JS220 app_id=3, FW=1.3.0, HW=1.0.0, FPGA=1.3.3, protocol=1.0.0
2025-09-23 19:54:09 - open complete
2025-09-23 19:54:09 - read(duration=None, contiguous_duration=0.25, out_format=None)
2025-09-23 19:54:10 - received stop callback: pending stop
2025-09-23 19:54:10 - read available range 14081142128, 14081394128
2025-09-23 19:54:10 - read actual 14081144128, 14081394128
2025-09-23 19:54:10 - close
2025-09-23 19:54:10 - device_close(u/js220/003155)
2025-09-23 19:54:10 - bulk_in_finalize ep=0x82
2025-09-23 19:54:10 - Executing button1 Long press : To validate Factory sleep entry  
  
2025-09-23 19:54:13 - tag1Longkey1
2025-09-23 19:54:49 - tag1skey1
2025-09-23 19:54:59 - tag1skey3
2025-09-23 19:55:09 - tag1skey3
2025-09-23 19:55:16 - open_ll(opt=0)
2025-09-23 19:55:16 - device_open(u/js220/003155) \\?\usb#vid_16d0&pid_10ba#003155#{e27188c8-98ff-41de-be50-653324c6b19c}
2025-09-23 19:55:16 - open(opt=0)
2025-09-23 19:55:16 - bulk_in_stream_open 130
2025-09-23 19:55:16 - bulk_in_initialize pipe_id=0x82
2025-09-23 19:55:16 - MAXIMUM_TRANSFER_SIZE pipe_id=0x82 bytes=2097152
2025-09-23 19:55:16 - port0 connect rsp
2025-09-23 19:55:16 - JS220 app_id=3, FW=1.3.0, HW=1.0.0, FPGA=1.3.3, protocol=1.0.0
2025-09-23 19:55:16 - open complete
2025-09-23 19:55:16 - read(duration=None, contiguous_duration=0.25, out_format=None)
2025-09-23 19:55:16 - received stop callback: pending stop
2025-09-23 19:55:16 - read available range 14147927168, 14148179168
2025-09-23 19:55:16 - read actual 14147929168, 14148179168
2025-09-23 19:55:16 - close
2025-09-23 19:55:16 - device_close(u/js220/003155)
2025-09-23 19:55:16 - bulk_in_finalize ep=0x82
2025-09-23 19:55:20 - tag1lkey3
2025-09-23 19:55:27 - open_ll(opt=0)
2025-09-23 19:55:27 - device_open(u/js220/003155) \\?\usb#vid_16d0&pid_10ba#003155#{e27188c8-98ff-41de-be50-653324c6b19c}
2025-09-23 19:55:27 - open(opt=0)
2025-09-23 19:55:27 - bulk_in_stream_open 130
2025-09-23 19:55:27 - bulk_in_initialize pipe_id=0x82
2025-09-23 19:55:27 - MAXIMUM_TRANSFER_SIZE pipe_id=0x82 bytes=2097152
2025-09-23 19:55:27 - port0 connect rsp
2025-09-23 19:55:27 - JS220 app_id=3, FW=1.3.0, HW=1.0.0, FPGA=1.3.3, protocol=1.0.0
2025-09-23 19:55:27 - open complete
2025-09-23 19:55:27 - read(duration=None, contiguous_duration=0.25, out_format=None)
2025-09-23 19:55:28 - received stop callback: pending stop
2025-09-23 19:55:28 - read available range 14159149232, 14159401232
2025-09-23 19:55:28 - read actual 14159151232, 14159401232
2025-09-23 19:55:28 - close
2025-09-23 19:55:28 - device_close(u/js220/003155)
2025-09-23 19:55:28 - bulk_in_finalize ep=0x82
2025-09-23 19:55:31 - tag1skey3
2025-09-23 20:00:47 - open_ll(opt=0)
2025-09-23 20:00:47 - device_open(u/js220/003155) \\?\usb#vid_16d0&pid_10ba#003155#{e27188c8-98ff-41de-be50-653324c6b19c}
2025-09-23 20:00:47 - open(opt=0)
2025-09-23 20:00:47 - bulk_in_stream_open 130
2025-09-23 20:00:47 - bulk_in_initialize pipe_id=0x82
2025-09-23 20:00:47 - MAXIMUM_TRANSFER_SIZE pipe_id=0x82 bytes=2097152
2025-09-23 20:00:47 - port0 connect rsp
2025-09-23 20:00:47 - JS220 app_id=3, FW=1.3.0, HW=1.0.0, FPGA=1.3.3, protocol=1.0.0
2025-09-23 20:00:47 - open complete
2025-09-23 20:00:48 - read(duration=None, contiguous_duration=0.25, out_format=None)
2025-09-23 20:00:48 - received stop callback: pending stop
2025-09-23 20:00:48 - read available range 14479509776, 14479761776
2025-09-23 20:00:48 - read actual 14479511776, 14479761776
2025-09-23 20:00:48 - _on_cmd_publish_cbk(u/js220/003155/s/gpi/1/!data)
Traceback (most recent call last):
  File "pyjoulescope_driver/binding.pyx", line 1029, in pyjoulescope_driver.binding._on_cmd_publish_cbk
  File "C:\Users\cheluvagb\PycharmProjects\PythonProject\.venv\Lib\site-packages\joulescope\v1\device.py", line 461, in _on_stream
    if self.stream_buffer.is_duration_max or self.stream_buffer.is_contiguous_duration_max:
       ^^^^^^^^^^^^^^^^^^^^^^^^^^^^^^^^^^
AttributeError: 'NoneType' object has no attribute 'is_duration_max'
2025-09-23 20:00:48 - close
2025-09-23 20:00:48 - device_close(u/js220/003155)
2025-09-23 20:00:48 - bulk_in_finalize ep=0x82
2025-09-23 20:00:50 - device_remove_msg(u/js220/003155): \\?\usb#vid_16d0&pid_10ba#003155#{e27188c8-98ff-41de-be50-653324c6b19c}
2025-09-23 20:00:50 - USB device_thread closing u/js220/003155
2025-09-23 20:00:50 - device_close(u/js220/003155)
2025-09-23 20:00:50 - USB device_thread closed u/js220/003155
2025-09-23 20:00:50 - JS220 USB upper-level thread done u/js220/003155
2025-09-23 20:00:50 - API command u/js220/003155/@/!close invoked on jsdrv thread with timeout.  Forcing timeout=0.
2025-09-23 20:00:50 - u/js220/003155/@/!close but device already removed
2025-09-23 20:00:50 - device_add_msg u/js220/003155 : \\?\usb#vid_16d0&pid_10ba#003155#{e27188c8-98ff-41de-be50-653324c6b19c}
2025-09-23 20:00:50 - device add sn=u/js220/003155
2025-09-23 20:00:50 - on_sampling_frequency(2000000)
2025-09-23 20:00:50 - USB device_thread started u/js220/003155
2025-09-23 20:00:50 - JS220 USB upper-level thread started for u/js220/003155
2025-09-23 20:01:14 - open_ll(opt=0)
2025-09-23 20:01:14 - device_open(u/js220/003155) \\?\usb#vid_16d0&pid_10ba#003155#{e27188c8-98ff-41de-be50-653324c6b19c}
2025-09-23 20:01:14 - open(opt=0)
2025-09-23 20:01:14 - bulk_in_stream_open 130
2025-09-23 20:01:14 - bulk_in_initialize pipe_id=0x82
2025-09-23 20:01:14 - MAXIMUM_TRANSFER_SIZE pipe_id=0x82 bytes=2097152
2025-09-23 20:01:14 - port0 connect rsp
2025-09-23 20:01:14 - JS220 app_id=3, FW=1.3.0, HW=1.0.0, FPGA=1.3.3, protocol=1.0.0
2025-09-23 20:01:14 - open complete
2025-09-23 20:01:14 - read(duration=None, contiguous_duration=0.25, out_format=None)
2025-09-23 20:01:15 - received stop callback: pending stop
2025-09-23 20:01:15 - read available range 8684960, 8936960
2025-09-23 20:01:15 - read actual 8686960, 8936960
2025-09-23 20:01:15 - _on_cmd_publish_cbk(u/js220/003155/s/gpi/1/!data)
Traceback (most recent call last):
  File "pyjoulescope_driver/binding.pyx", line 1029, in pyjoulescope_driver.binding._on_cmd_publish_cbk
  File "C:\Users\cheluvagb\PycharmProjects\PythonProject\.venv\Lib\site-packages\joulescope\v1\device.py", line 461, in _on_stream
    if self.stream_buffer.is_duration_max or self.stream_buffer.is_contiguous_duration_max:
       ^^^^^^^^^^^^^^^^^^^^^^^^^^^^^^^^^^
AttributeError: 'NoneType' object has no attribute 'is_duration_max'
2025-09-23 20:01:15 - close
2025-09-23 20:01:15 - device_close(u/js220/003155)
2025-09-23 20:01:15 - bulk_in_finalize ep=0x82
2025-09-23 20:01:15 - Executing LBI : To validate tag LBI value 
  
2025-09-23 20:01:18 - device_remove_msg(u/js220/003155): \\?\usb#vid_16d0&pid_10ba#003155#{e27188c8-98ff-41de-be50-653324c6b19c}
2025-09-23 20:01:18 - USB device_thread closing u/js220/003155
2025-09-23 20:01:18 - device_close(u/js220/003155)
2025-09-23 20:01:18 - JS220 USB upper-level thread done u/js220/003155
2025-09-23 20:01:18 - USB device_thread closed u/js220/003155
2025-09-23 20:01:18 - API command u/js220/003155/@/!close invoked on jsdrv thread with timeout.  Forcing timeout=0.
2025-09-23 20:01:18 - u/js220/003155/@/!close but device already removed
2025-09-23 20:01:18 - device_add_msg u/js220/003155 : \\?\usb#vid_16d0&pid_10ba#003155#{e27188c8-98ff-41de-be50-653324c6b19c}
2025-09-23 20:01:18 - device add sn=u/js220/003155
2025-09-23 20:01:18 - on_sampling_frequency(2000000)
2025-09-23 20:01:18 - USB device_thread started u/js220/003155
2025-09-23 20:01:18 - JS220 USB upper-level thread started for u/js220/003155
2025-09-23 20:01:18 - t1lp
2025-09-23 20:01:25 - {"Device Type": "Tag", "Tag ID": 17686967, "RSSI": "-84.00 dBm", "Monitor ID": 0, "CMD": 0, "Status Byte": "00000000", "Button 4": "0", "Button 3": "0", "Button 2": "0", "Button 1": "0", "Motion Flag": "0", "Retry Count": 0, "Reserved": "0", "IR ID": 0, "Version": 28, "Astar ID": 900, "LBI": 2803, "CMD3": "f30a07", "Timestamp": "2025-09-23 14:31:20", "EKEY": 0, "LF Flag": 146}
2025-09-23 20:01:25 - Mismatch for 'Tag ID': Expected 17686527, Got 17686967
2025-09-23 20:01:25 - Validation failed with mismatches:
2025-09-23 20:01:25 - Key: Tag ID, Expected: 17686527, Actual: 17686967
2025-09-23 20:01:25 - Key: LBI, Expected: 3000 ± 100, Actual: 2803
2025-09-23 20:01:26 - Executing Location : To validate Location packet 
 
2025-09-23 20:01:29 - servo1.start
2025-09-23 20:01:35 - servo1.stop
2025-09-23 20:01:58 - Executing Motion : To validate Motion flag 
2025-09-23 20:02:01 - servo1.start
2025-09-23 20:02:08 - close
2025-09-23 20:02:08 - jsdrv_finalize 00000196CD4A5F10
2025-09-23 20:02:08 - USB backend finalize
2025-09-23 20:02:08 - JS220 USB upper-level thread done u/js220/003155
2025-09-23 20:02:08 - finalize usb backend
2025-09-23 20:02:08 - winusb backend finalize
2025-09-23 20:02:08 - USB backend_thread done
2025-09-23 20:02:08 - USB device_thread closing u/js220/003155
2025-09-23 20:02:08 - device_close(u/js220/003155)
2025-09-23 20:02:08 - USB device_thread closed u/js220/003155
2025-09-23 20:10:04 - jsdrv_finalize 000002734098DCB0
2025-09-23 20:10:04 - USB backend finalize
2025-09-23 20:10:04 - finalize usb backend
2025-09-23 20:10:04 - winusb backend finalize
2025-09-23 20:10:04 - USB backend_thread done
2025-09-23 20:30:54 - open_ll(opt=0)
2025-09-23 20:30:54 - device_open(u/js220/003155) \\?\usb#vid_16d0&pid_10ba#003155#{e27188c8-98ff-41de-be50-653324c6b19c}
2025-09-23 20:30:54 - open(opt=0)
2025-09-23 20:30:54 - bulk_in_stream_open 130
2025-09-23 20:30:54 - bulk_in_initialize pipe_id=0x82
2025-09-23 20:30:54 - MAXIMUM_TRANSFER_SIZE pipe_id=0x82 bytes=2097152
2025-09-23 20:30:54 - port0 connect rsp
2025-09-23 20:30:54 - JS220 app_id=3, FW=1.3.0, HW=1.0.0, FPGA=1.3.3, protocol=1.0.0
2025-09-23 20:30:54 - open complete
2025-09-23 20:30:54 - on_sampling_frequency(2000000)
2025-09-23 20:30:54 - jsdrv_downsample_alloc signal_n=1, gpi_n=1
2025-09-23 20:30:54 - read(duration=None, contiguous_duration=0.25, out_format=None)
2025-09-23 20:30:55 - received stop callback: pending stop
2025-09-23 20:30:55 - read available range 8810960, 9062960
2025-09-23 20:30:55 - read actual 8812960, 9062960
2025-09-23 20:30:55 - close
2025-09-23 20:30:55 - device_close(u/js220/003155)
2025-09-23 20:30:55 - bulk_in_finalize ep=0x82
2025-09-23 20:30:55 - close
2025-09-23 20:30:55 - jsdrv_finalize 0000020477F53780
2025-09-23 20:30:55 - USB backend finalize
2025-09-23 20:30:55 - JS220 USB upper-level thread done u/js220/003155
2025-09-23 20:30:55 - finalize usb backend
2025-09-23 20:30:55 - winusb backend finalize
2025-09-23 20:30:55 - USB backend_thread done
2025-09-23 20:30:55 - USB device_thread closing u/js220/003155
2025-09-23 20:30:55 - device_close(u/js220/003155)
2025-09-23 20:30:55 - USB device_thread closed u/js220/003155
2025-09-24 14:22:24 - open_ll(opt=0)
2025-09-24 14:22:24 - device_open(u/js220/003155) \\?\usb#vid_16d0&pid_10ba#003155#{e27188c8-98ff-41de-be50-653324c6b19c}
2025-09-24 14:22:24 - open(opt=0)
2025-09-24 14:22:24 - bulk_in_stream_open 130
2025-09-24 14:22:24 - bulk_in_initialize pipe_id=0x82
2025-09-24 14:22:24 - MAXIMUM_TRANSFER_SIZE pipe_id=0x82 bytes=2097152
2025-09-24 14:22:24 - port0 connect rsp
2025-09-24 14:22:24 - JS220 app_id=3, FW=1.3.0, HW=1.0.0, FPGA=1.3.3, protocol=1.0.0
2025-09-24 14:22:24 - open complete
2025-09-24 14:22:24 - on_sampling_frequency(2000000)
2025-09-24 14:22:24 - jsdrv_downsample_alloc signal_n=1, gpi_n=1
2025-09-24 14:22:24 - read(duration=None, contiguous_duration=0.25, out_format=None)
2025-09-24 14:22:25 - received stop callback: pending stop
2025-09-24 14:22:25 - read available range 8729312, 8981312
2025-09-24 14:22:25 - read actual 8731312, 8981312
2025-09-24 14:22:25 - close
2025-09-24 14:22:25 - device_close(u/js220/003155)
2025-09-24 14:22:25 - bulk_in_finalize ep=0x82
2025-09-24 14:22:25 - Executing Version : To validate tag FW version 
  
2025-09-24 14:22:28 - tag1skey1
2025-09-24 14:22:35 - Executing button1 Long press : To validate Factory sleep entry  
  
2025-09-24 14:22:38 - tag1Longkey1
2025-09-24 14:23:05 - tag1skey1
2025-09-24 14:23:15 - open_ll(opt=0)
2025-09-24 14:23:15 - device_open(u/js220/003155) \\?\usb#vid_16d0&pid_10ba#003155#{e27188c8-98ff-41de-be50-653324c6b19c}
2025-09-24 14:23:15 - open(opt=0)
2025-09-24 14:23:15 - bulk_in_stream_open 130
2025-09-24 14:23:15 - bulk_in_initialize pipe_id=0x82
2025-09-24 14:23:15 - MAXIMUM_TRANSFER_SIZE pipe_id=0x82 bytes=2097152
2025-09-24 14:23:15 - port0 connect rsp
2025-09-24 14:23:15 - JS220 app_id=3, FW=1.3.0, HW=1.0.0, FPGA=1.3.3, protocol=1.0.0
2025-09-24 14:23:15 - open complete
2025-09-24 14:23:15 - read(duration=None, contiguous_duration=0.25, out_format=None)
2025-09-24 14:23:15 - received stop callback: pending stop
2025-09-24 14:23:15 - read available range 59403488, 59655488
2025-09-24 14:23:15 - read actual 59405488, 59655488
2025-09-24 14:23:15 - _on_cmd_publish_cbk(u/js220/003155/s/gpi/1/!data)
Traceback (most recent call last):
  File "pyjoulescope_driver/binding.pyx", line 1029, in pyjoulescope_driver.binding._on_cmd_publish_cbk
  File "C:\Users\cheluvagb\PycharmProjects\PythonProject\.venv\Lib\site-packages\joulescope\v1\device.py", line 461, in _on_stream
    if self.stream_buffer.is_duration_max or self.stream_buffer.is_contiguous_duration_max:
       ^^^^^^^^^^^^^^^^^^^^^^^^^^^^^^^^^^
AttributeError: 'NoneType' object has no attribute 'is_duration_max'
2025-09-24 14:23:16 - close
2025-09-24 14:23:16 - device_close(u/js220/003155)
2025-09-24 14:23:16 - bulk_in_finalize ep=0x82
2025-09-24 14:23:16 - Executing button1 Long press : To validate Factory sleep entry  
  
2025-09-24 14:23:18 - device_remove_msg(u/js220/003155): \\?\usb#vid_16d0&pid_10ba#003155#{e27188c8-98ff-41de-be50-653324c6b19c}
2025-09-24 14:23:18 - USB device_thread closing u/js220/003155
2025-09-24 14:23:18 - device_close(u/js220/003155)
2025-09-24 14:23:18 - USB device_thread closed u/js220/003155
2025-09-24 14:23:18 - JS220 USB upper-level thread done u/js220/003155
2025-09-24 14:23:18 - API command u/js220/003155/@/!close invoked on jsdrv thread with timeout.  Forcing timeout=0.
2025-09-24 14:23:18 - u/js220/003155/@/!close but device already removed
2025-09-24 14:23:18 - device_add_msg u/js220/003155 : \\?\usb#vid_16d0&pid_10ba#003155#{e27188c8-98ff-41de-be50-653324c6b19c}
2025-09-24 14:23:18 - device add sn=u/js220/003155
2025-09-24 14:23:18 - on_sampling_frequency(2000000)
2025-09-24 14:23:18 - USB device_thread started u/js220/003155
2025-09-24 14:23:18 - JS220 USB upper-level thread started for u/js220/003155
2025-09-24 14:23:19 - tag1Longkey1
2025-09-24 14:23:55 - tag1skey1
2025-09-24 14:24:05 - tag1skey3
2025-09-24 14:24:15 - tag1skey3
2025-09-24 14:24:22 - open_ll(opt=0)
2025-09-24 14:24:22 - device_open(u/js220/003155) \\?\usb#vid_16d0&pid_10ba#003155#{e27188c8-98ff-41de-be50-653324c6b19c}
2025-09-24 14:24:22 - open(opt=0)
2025-09-24 14:24:22 - bulk_in_stream_open 130
2025-09-24 14:24:22 - bulk_in_initialize pipe_id=0x82
2025-09-24 14:24:22 - MAXIMUM_TRANSFER_SIZE pipe_id=0x82 bytes=2097152
2025-09-24 14:24:22 - port0 connect rsp
2025-09-24 14:24:22 - JS220 app_id=3, FW=1.3.0, HW=1.0.0, FPGA=1.3.3, protocol=1.0.0
2025-09-24 14:24:22 - open complete
2025-09-24 14:24:22 - read(duration=None, contiguous_duration=0.25, out_format=None)
2025-09-24 14:24:23 - received stop callback: pending stop
2025-09-24 14:24:23 - read available range 8774672, 9026672
2025-09-24 14:24:23 - read actual 8776672, 9026672
2025-09-24 14:24:23 - close
2025-09-24 14:24:23 - device_close(u/js220/003155)
2025-09-24 14:24:23 - bulk_in_finalize ep=0x82
2025-09-24 14:24:26 - tag1lkey3
2025-09-24 14:24:33 - open_ll(opt=0)
2025-09-24 14:24:33 - device_open(u/js220/003155) \\?\usb#vid_16d0&pid_10ba#003155#{e27188c8-98ff-41de-be50-653324c6b19c}
2025-09-24 14:24:33 - open(opt=0)
2025-09-24 14:24:33 - bulk_in_stream_open 130
2025-09-24 14:24:33 - bulk_in_initialize pipe_id=0x82
2025-09-24 14:24:33 - MAXIMUM_TRANSFER_SIZE pipe_id=0x82 bytes=2097152
2025-09-24 14:24:33 - port0 connect rsp
2025-09-24 14:24:33 - JS220 app_id=3, FW=1.3.0, HW=1.0.0, FPGA=1.3.3, protocol=1.0.0
2025-09-24 14:24:33 - open complete
2025-09-24 14:24:33 - read(duration=None, contiguous_duration=0.25, out_format=None)
2025-09-24 14:24:33 - received stop callback: pending stop
2025-09-24 14:24:33 - read available range 19392944, 19644944
2025-09-24 14:24:33 - read actual 19394944, 19644944
2025-09-24 14:24:33 - _on_cmd_publish_cbk(u/js220/003155/s/gpi/1/!data)
Traceback (most recent call last):
  File "pyjoulescope_driver/binding.pyx", line 1029, in pyjoulescope_driver.binding._on_cmd_publish_cbk
  File "C:\Users\cheluvagb\PycharmProjects\PythonProject\.venv\Lib\site-packages\joulescope\v1\device.py", line 461, in _on_stream
    if self.stream_buffer.is_duration_max or self.stream_buffer.is_contiguous_duration_max:
       ^^^^^^^^^^^^^^^^^^^^^^^^^^^^^^^^^^
AttributeError: 'NoneType' object has no attribute 'is_duration_max'
2025-09-24 14:24:33 - close
2025-09-24 14:24:33 - device_close(u/js220/003155)
2025-09-24 14:24:33 - bulk_in_finalize ep=0x82
2025-09-24 14:24:36 - device_remove_msg(u/js220/003155): \\?\usb#vid_16d0&pid_10ba#003155#{e27188c8-98ff-41de-be50-653324c6b19c}
2025-09-24 14:24:36 - USB device_thread closing u/js220/003155
2025-09-24 14:24:36 - device_close(u/js220/003155)
2025-09-24 14:24:36 - USB device_thread closed u/js220/003155
2025-09-24 14:24:36 - JS220 USB upper-level thread done u/js220/003155
2025-09-24 14:24:36 - API command u/js220/003155/@/!close invoked on jsdrv thread with timeout.  Forcing timeout=0.
2025-09-24 14:24:36 - u/js220/003155/@/!close but device already removed
2025-09-24 14:24:36 - device_add_msg u/js220/003155 : \\?\usb#vid_16d0&pid_10ba#003155#{e27188c8-98ff-41de-be50-653324c6b19c}
2025-09-24 14:24:36 - device add sn=u/js220/003155
2025-09-24 14:24:36 - on_sampling_frequency(2000000)
2025-09-24 14:24:36 - USB device_thread started u/js220/003155
2025-09-24 14:24:36 - JS220 USB upper-level thread started for u/js220/003155
2025-09-24 14:24:37 - tag1skey3
2025-09-24 14:29:53 - open_ll(opt=0)
2025-09-24 14:29:53 - device_open(u/js220/003155) \\?\usb#vid_16d0&pid_10ba#003155#{e27188c8-98ff-41de-be50-653324c6b19c}
2025-09-24 14:29:53 - open(opt=0)
2025-09-24 14:29:53 - bulk_in_stream_open 130
2025-09-24 14:29:53 - bulk_in_initialize pipe_id=0x82
2025-09-24 14:29:53 - MAXIMUM_TRANSFER_SIZE pipe_id=0x82 bytes=2097152
2025-09-24 14:29:54 - port0 connect rsp
2025-09-24 14:29:54 - JS220 app_id=3, FW=1.3.0, HW=1.0.0, FPGA=1.3.3, protocol=1.0.0
2025-09-24 14:29:54 - open complete
2025-09-24 14:29:54 - read(duration=None, contiguous_duration=0.25, out_format=None)
2025-09-24 14:29:54 - received stop callback: pending stop
2025-09-24 14:29:54 - read available range 8696048, 8948048
2025-09-24 14:29:54 - read actual 8698048, 8948048
2025-09-24 14:29:54 - close
2025-09-24 14:29:54 - device_close(u/js220/003155)
2025-09-24 14:29:54 - bulk_in_finalize ep=0x82
2025-09-24 14:30:20 - open_ll(opt=0)
2025-09-24 14:30:20 - device_open(u/js220/003155) \\?\usb#vid_16d0&pid_10ba#003155#{e27188c8-98ff-41de-be50-653324c6b19c}
2025-09-24 14:30:20 - open(opt=0)
2025-09-24 14:30:20 - bulk_in_stream_open 130
2025-09-24 14:30:20 - bulk_in_initialize pipe_id=0x82
2025-09-24 14:30:20 - MAXIMUM_TRANSFER_SIZE pipe_id=0x82 bytes=2097152
2025-09-24 14:30:20 - port0 connect rsp
2025-09-24 14:30:20 - JS220 app_id=3, FW=1.3.0, HW=1.0.0, FPGA=1.3.3, protocol=1.0.0
2025-09-24 14:30:20 - open complete
2025-09-24 14:30:20 - read(duration=None, contiguous_duration=0.25, out_format=None)
2025-09-24 14:30:21 - received stop callback: pending stop
2025-09-24 14:30:21 - read available range 35271968, 35523968
2025-09-24 14:30:21 - read actual 35273968, 35523968
2025-09-24 14:30:21 - close
2025-09-24 14:30:21 - device_close(u/js220/003155)
2025-09-24 14:30:21 - bulk_in_finalize ep=0x82
2025-09-24 14:30:21 - Executing LBI : To validate tag LBI value 
  
2025-09-24 14:30:24 - t1lp
2025-09-24 14:30:31 - Executing Location : To validate Location packet 
 
2025-09-24 14:30:34 - servo1.start
2025-09-24 14:30:43 - {"Device Type": "Tag", "Tag ID": 17685111, "RSSI": "-80.00 dBm", "Monitor ID": 8449603, "CMD": 0, "Status Byte": "00000010", "Button 4": "0", "Button 3": "0", "Button 2": "0", "Button 1": "0", "Motion Flag": "0", "Retry Count": 1, "Reserved": "0", "IR ID": 501, "Version": 103, "Astar ID": 1, "LBI": 2674, "CMD3": "720a07", "Timestamp": "2025-09-24 09:00:38", "EKEY": 0, "LF Flag": 3}
2025-09-24 14:30:43 - Mismatch for 'Tag ID': Expected 17684982, Got 17685111
2025-09-24 14:30:43 - Mismatch for 'Motion Flag': Expected 1, Got 0
2025-09-24 14:30:43 - Mismatch for 'Monitor ID': Expected 8465776, Got 8449603
2025-09-24 14:30:43 - Mismatch for 'IR ID': Expected 2, Got 501
2025-09-24 14:30:43 - Mismatch for 'LF Flag': Expected 2, Got 3
2025-09-24 14:30:43 - Validation failed with mismatches:
2025-09-24 14:30:43 - Key: Tag ID, Expected: 17684982, Actual: 17685111
2025-09-24 14:30:43 - Key: Motion Flag, Expected: 1, Actual: 0
2025-09-24 14:30:43 - Key: Monitor ID, Expected: 8465776, Actual: 8449603
2025-09-24 14:30:43 - Key: IR ID, Expected: 2, Actual: 501
2025-09-24 14:30:43 - Key: LF Flag, Expected: 2, Actual: 3
2025-09-24 14:30:43 - servo1.stop
2025-09-24 14:31:06 - Executing Motion : To validate Motion flag 
2025-09-24 14:31:09 - servo1.start
2025-09-24 14:31:16 - close
2025-09-24 14:31:16 - jsdrv_finalize 0000019276272920
2025-09-24 14:31:16 - USB backend finalize
2025-09-24 14:31:16 - JS220 USB upper-level thread done u/js220/003155
2025-09-24 14:31:16 - finalize usb backend
2025-09-24 14:31:16 - winusb backend finalize
2025-09-24 14:31:16 - USB backend_thread done
2025-09-24 14:31:16 - USB device_thread closing u/js220/003155
2025-09-24 14:31:16 - device_close(u/js220/003155)
2025-09-24 14:31:16 - USB device_thread closed u/js220/003155
2025-09-24 15:09:58 - open_ll(opt=0)
2025-09-24 15:09:58 - device_open(u/js220/003155) \\?\usb#vid_16d0&pid_10ba#003155#{e27188c8-98ff-41de-be50-653324c6b19c}
2025-09-24 15:09:58 - open(opt=0)
2025-09-24 15:09:58 - bulk_in_stream_open 130
2025-09-24 15:09:58 - bulk_in_initialize pipe_id=0x82
2025-09-24 15:09:58 - MAXIMUM_TRANSFER_SIZE pipe_id=0x82 bytes=2097152
2025-09-24 15:09:59 - port0 connect rsp
2025-09-24 15:09:59 - JS220 app_id=3, FW=1.3.0, HW=1.0.0, FPGA=1.3.3, protocol=1.0.0
2025-09-24 15:09:59 - open complete
2025-09-24 15:09:59 - on_sampling_frequency(2000000)
2025-09-24 15:09:59 - jsdrv_downsample_alloc signal_n=1, gpi_n=1
2025-09-24 15:09:59 - read(duration=None, contiguous_duration=0.25, out_format=None)
2025-09-24 15:09:59 - received stop callback: pending stop
2025-09-24 15:09:59 - read available range 8836160, 9088160
2025-09-24 15:09:59 - read actual 8838160, 9088160
2025-09-24 15:09:59 - close
2025-09-24 15:09:59 - device_close(u/js220/003155)
2025-09-24 15:09:59 - bulk_in_finalize ep=0x82
2025-09-24 15:10:00 - Executing Version : To validate tag FW version 
  
2025-09-24 15:10:03 - tag1skey1
2025-09-24 15:10:13 - {"Device Type": "Tag", "Tag ID": 17685111, "RSSI": "-61.00 dBm", "Monitor ID": 2615964, "CMD": 0, "Status Byte": "01001010", "Button 4": "0", "Button 3": "1", "Button 2": "0", "Button 1": "0", "Motion Flag": "1", "Retry Count": 1, "Reserved": "0", "IR ID": 5, "Version": 103, "Astar ID": 1, "LBI": 2674, "CMD3": "670006", "Timestamp": "2025-09-24 09:40:05", "EKEY": 4, "LF Flag": 2}
2025-09-24 15:10:13 - Mismatch for 'Version': Expected 28, Got 103
2025-09-24 15:10:13 - Validation failed with mismatches:
2025-09-24 15:10:13 - Key: Version, Expected: 28, Actual: 103
2025-09-24 15:10:13 - {"Device Type": "Tag", "Tag ID": 17686527, "RSSI": "-46.00 dBm", "Monitor ID": 2615964, "CMD": 0, "Status Byte": "00010010", "Button 4": "0", "Button 3": "0", "Button 2": "0", "Button 1": "1", "Motion Flag": "0", "Retry Count": 1, "Reserved": "0", "IR ID": 5, "Version": 107, "Astar ID": 1, "LBI": 3288, "CMD3": "1a0014", "Timestamp": "2025-09-24 09:40:08", "EKEY": 1, "LF Flag": 2}
2025-09-24 15:10:13 - Mismatch for 'Tag ID': Expected 17685111, Got 17686527
2025-09-24 15:10:13 - Mismatch for 'Version': Expected 28, Got 107
2025-09-24 15:10:13 - Validation failed with mismatches:
2025-09-24 15:10:13 - Key: Tag ID, Expected: 17685111, Actual: 17686527
2025-09-24 15:10:13 - Key: Version, Expected: 28, Actual: 107
2025-09-24 15:10:16 - tag1skey3
2025-09-24 15:10:26 - {"Device Type": "Tag", "Tag ID": 17685111, "RSSI": "-63.00 dBm", "Monitor ID": 2615964, "CMD": 0, "Status Byte": "01000010", "Button 4": "0", "Button 3": "1", "Button 2": "0", "Button 1": "0", "Motion Flag": "0", "Retry Count": 1, "Reserved": "0", "IR ID": 5, "Version": 103, "Astar ID": 1, "LBI": 2674, "CMD3": "200014", "Timestamp": "2025-09-24 09:40:21", "EKEY": 4, "LF Flag": 2}
2025-09-24 15:10:26 - Validation successful!
2025-09-24 15:10:30 - tag1skey3
2025-09-24 15:10:38 - {"Device Type": "Tag", "Tag ID": 17686527, "RSSI": "-46.00 dBm", "Monitor ID": 2615964, "CMD": 0, "Status Byte": "01000010", "Button 4": "0", "Button 3": "1", "Button 2": "0", "Button 1": "0", "Motion Flag": "0", "Retry Count": 1, "Reserved": "0", "IR ID": 5, "Version": 107, "Astar ID": 1, "LBI": 3288, "CMD3": "d80c07", "Timestamp": "2025-09-24 09:40:35", "EKEY": 4, "LF Flag": 2}
2025-09-24 15:10:38 - Mismatch for 'Tag ID': Expected 17685111, Got 17686527
2025-09-24 15:10:38 - Validation failed with mismatches:
2025-09-24 15:10:38 - Key: Tag ID, Expected: 17685111, Actual: 17686527
2025-09-24 15:10:38 - open_ll(opt=0)
2025-09-24 15:10:38 - device_open(u/js220/003155) \\?\usb#vid_16d0&pid_10ba#003155#{e27188c8-98ff-41de-be50-653324c6b19c}
2025-09-24 15:10:38 - open(opt=0)
2025-09-24 15:10:38 - bulk_in_stream_open 130
2025-09-24 15:10:38 - bulk_in_initialize pipe_id=0x82
2025-09-24 15:10:38 - MAXIMUM_TRANSFER_SIZE pipe_id=0x82 bytes=2097152
2025-09-24 15:10:38 - port0 connect rsp
2025-09-24 15:10:38 - JS220 app_id=3, FW=1.3.0, HW=1.0.0, FPGA=1.3.3, protocol=1.0.0
2025-09-24 15:10:38 - open complete
2025-09-24 15:10:38 - read(duration=None, contiguous_duration=0.25, out_format=None)
2025-09-24 15:10:38 - received stop callback: pending stop
2025-09-24 15:10:38 - read available range 47792336, 48044336
2025-09-24 15:10:38 - read actual 47794336, 48044336
2025-09-24 15:10:38 - close
2025-09-24 15:10:38 - device_close(u/js220/003155)
2025-09-24 15:10:38 - bulk_in_finalize ep=0x82
2025-09-24 15:10:42 - tag1lkey3
2025-09-24 15:10:52 - {"Device Type": "Tag", "Tag ID": 17686527, "RSSI": "-47.00 dBm", "Monitor ID": 2615964, "CMD": 0, "Status Byte": "01000010", "Button 4": "0", "Button 3": "1", "Button 2": "0", "Button 1": "0", "Motion Flag": "0", "Retry Count": 1, "Reserved": "0", "IR ID": 5, "Version": 107, "Astar ID": 1, "LBI": 3288, "CMD3": "1a0014", "Timestamp": "2025-09-24 09:40:47", "EKEY": 4, "LF Flag": 2}
2025-09-24 15:10:52 - Mismatch for 'Tag ID': Expected 17685111, Got 17686527
2025-09-24 15:10:52 - Validation failed with mismatches:
2025-09-24 15:10:52 - Key: Tag ID, Expected: 17685111, Actual: 17686527
2025-09-24 15:10:52 - {"Device Type": "Monitor", "Tag ID": 232421121, "RSSI": "-71.50 dBm", "Monitor ID": 15375396, "CMD": 39, "Status Byte": "00000000", "Button 4": "0", "Button 3": "0", "Button 2": "0", "Button 1": "0", "Motion Flag": "0", "Retry Count": 0, "Reserved": "0", "IR ID": 1354, "Version": 0, "Astar ID": 359, "LBI": 29184, "CMD3": "0a720a", "Timestamp": "2082-07-27 05:00:55", "EKEY": 104, "LF Flag": 4}
2025-09-24 15:10:52 - Mismatch for 'Tag ID': Expected 17685111, Got 232421121
2025-09-24 15:10:52 - Mismatch for 'Button 3': Expected 1, Got 0
2025-09-24 15:10:52 - Validation failed with mismatches:
2025-09-24 15:10:52 - Key: Tag ID, Expected: 17685111, Actual: 232421121
2025-09-24 15:10:52 - Key: Button 3, Expected: 1, Actual: 0
2025-09-24 15:10:52 - open_ll(opt=0)
2025-09-24 15:10:52 - device_open(u/js220/003155) \\?\usb#vid_16d0&pid_10ba#003155#{e27188c8-98ff-41de-be50-653324c6b19c}
2025-09-24 15:10:52 - open(opt=0)
2025-09-24 15:10:52 - bulk_in_stream_open 130
2025-09-24 15:10:52 - bulk_in_initialize pipe_id=0x82
2025-09-24 15:10:52 - MAXIMUM_TRANSFER_SIZE pipe_id=0x82 bytes=2097152
2025-09-24 15:10:52 - port0 connect rsp
2025-09-24 15:10:52 - JS220 app_id=3, FW=1.3.0, HW=1.0.0, FPGA=1.3.3, protocol=1.0.0
2025-09-24 15:10:52 - open complete
2025-09-24 15:10:52 - read(duration=None, contiguous_duration=0.25, out_format=None)
2025-09-24 15:10:52 - received stop callback: pending stop
2025-09-24 15:10:52 - read available range 61959776, 62211776
2025-09-24 15:10:52 - read actual 61961776, 62211776
2025-09-24 15:10:52 - close
2025-09-24 15:10:52 - device_close(u/js220/003155)
2025-09-24 15:10:52 - bulk_in_finalize ep=0x82
2025-09-24 15:11:18 - open_ll(opt=0)
2025-09-24 15:11:18 - device_open(u/js220/003155) \\?\usb#vid_16d0&pid_10ba#003155#{e27188c8-98ff-41de-be50-653324c6b19c}
2025-09-24 15:11:18 - open(opt=0)
2025-09-24 15:11:18 - bulk_in_stream_open 130
2025-09-24 15:11:18 - bulk_in_initialize pipe_id=0x82
2025-09-24 15:11:18 - MAXIMUM_TRANSFER_SIZE pipe_id=0x82 bytes=2097152
2025-09-24 15:11:18 - port0 connect rsp
2025-09-24 15:11:18 - JS220 app_id=3, FW=1.3.0, HW=1.0.0, FPGA=1.3.3, protocol=1.0.0
2025-09-24 15:11:18 - open complete
2025-09-24 15:11:19 - read(duration=None, contiguous_duration=0.25, out_format=None)
2025-09-24 15:11:19 - received stop callback: pending stop
2025-09-24 15:11:19 - read available range 88530656, 88782656
2025-09-24 15:11:19 - read actual 88532656, 88782656
2025-09-24 15:11:19 - close
2025-09-24 15:11:19 - device_close(u/js220/003155)
2025-09-24 15:11:19 - bulk_in_finalize ep=0x82
2025-09-24 15:11:19 - Executing LBI : To validate tag LBI value 
  
2025-09-24 15:11:22 - t1lp
2025-09-24 15:11:29 - Executing Location : To validate Location packet 
 
2025-09-24 15:11:32 - servo1.start
2025-09-24 15:11:40 - {"Device Type": "Tag", "Tag ID": 17686527, "RSSI": "-47.00 dBm", "Monitor ID": 2615964, "CMD": 0, "Status Byte": "00000010", "Button 4": "0", "Button 3": "0", "Button 2": "0", "Button 1": "0", "Motion Flag": "0", "Retry Count": 1, "Reserved": "0", "IR ID": 5, "Version": 107, "Astar ID": 1, "LBI": 3288, "CMD3": "6b0006", "Timestamp": "2025-09-24 09:41:35", "EKEY": 0, "LF Flag": 2}
2025-09-24 15:11:40 - Mismatch for 'Tag ID': Expected 17684982, Got 17686527
2025-09-24 15:11:40 - Mismatch for 'Motion Flag': Expected 1, Got 0
2025-09-24 15:11:40 - Mismatch for 'Monitor ID': Expected 8465776, Got 2615964
2025-09-24 15:11:40 - Mismatch for 'IR ID': Expected 2, Got 5
2025-09-24 15:11:40 - Validation failed with mismatches:
2025-09-24 15:11:40 - Key: Tag ID, Expected: 17684982, Actual: 17686527
2025-09-24 15:11:40 - Key: Motion Flag, Expected: 1, Actual: 0
2025-09-24 15:11:40 - Key: Monitor ID, Expected: 8465776, Actual: 2615964
2025-09-24 15:11:40 - Key: IR ID, Expected: 2, Actual: 5
2025-09-24 15:11:40 - {"Device Type": "Monitor", "Tag ID": 232421121, "RSSI": "-71.50 dBm", "Monitor ID": 15375394, "CMD": 39, "Status Byte": "00000000", "Button 4": "0", "Button 3": "0", "Button 2": "0", "Button 1": "0", "Motion Flag": "0", "Retry Count": 0, "Reserved": "0", "IR ID": 1290, "Version": 0, "Astar ID": 359, "LBI": 29184, "CMD3": "0a2000", "Timestamp": "2082-07-27 08:25:56", "EKEY": 104, "LF Flag": 0}
2025-09-24 15:11:40 - Mismatch for 'Tag ID': Expected 17684982, Got 232421121
2025-09-24 15:11:40 - Mismatch for 'Motion Flag': Expected 1, Got 0
2025-09-24 15:11:40 - Mismatch for 'Monitor ID': Expected 8465776, Got 15375394
2025-09-24 15:11:40 - Mismatch for 'IR ID': Expected 2, Got 1290
2025-09-24 15:11:40 - Mismatch for 'LF Flag': Expected 2, Got 0
2025-09-24 15:11:40 - Validation failed with mismatches:
2025-09-24 15:11:40 - Key: Tag ID, Expected: 17684982, Actual: 232421121
2025-09-24 15:11:40 - Key: Motion Flag, Expected: 1, Actual: 0
2025-09-24 15:11:40 - Key: Monitor ID, Expected: 8465776, Actual: 15375394
2025-09-24 15:11:40 - Key: IR ID, Expected: 2, Actual: 1290
2025-09-24 15:11:40 - Key: LF Flag, Expected: 2, Actual: 0
2025-09-24 15:11:40 - servo1.stop
2025-09-24 15:11:41 - Executing Motion : To validate Motion flag 
2025-09-24 15:11:44 - servo1.start
2025-09-24 15:11:51 - close
2025-09-24 15:11:51 - jsdrv_finalize 000001AB9C289840
2025-09-24 15:11:51 - USB backend finalize
2025-09-24 15:11:51 - JS220 USB upper-level thread done u/js220/003155
2025-09-24 15:11:51 - finalize usb backend
2025-09-24 15:11:51 - winusb backend finalize
2025-09-24 15:11:51 - USB backend_thread done
2025-09-24 15:11:51 - USB device_thread closing u/js220/003155
2025-09-24 15:11:51 - device_close(u/js220/003155)
2025-09-24 15:11:51 - USB device_thread closed u/js220/003155
2025-09-24 15:16:56 - open_ll(opt=0)
2025-09-24 15:16:56 - device_open(u/js220/003155) \\?\usb#vid_16d0&pid_10ba#003155#{e27188c8-98ff-41de-be50-653324c6b19c}
2025-09-24 15:16:56 - open(opt=0)
2025-09-24 15:16:56 - bulk_in_stream_open 130
2025-09-24 15:16:56 - bulk_in_initialize pipe_id=0x82
2025-09-24 15:16:56 - MAXIMUM_TRANSFER_SIZE pipe_id=0x82 bytes=2097152
2025-09-24 15:16:56 - port0 connect rsp
2025-09-24 15:16:56 - JS220 app_id=3, FW=1.3.0, HW=1.0.0, FPGA=1.3.3, protocol=1.0.0
2025-09-24 15:16:56 - open complete
2025-09-24 15:16:56 - on_sampling_frequency(2000000)
2025-09-24 15:16:56 - jsdrv_downsample_alloc signal_n=1, gpi_n=1
2025-09-24 15:16:56 - read(duration=None, contiguous_duration=0.25, out_format=None)
2025-09-24 15:16:56 - received stop callback: pending stop
2025-09-24 15:16:56 - read available range 426030224, 426282224
2025-09-24 15:16:56 - read actual 426032224, 426282224
2025-09-24 15:16:56 - close
2025-09-24 15:16:56 - device_close(u/js220/003155)
2025-09-24 15:16:56 - bulk_in_finalize ep=0x82
2025-09-24 15:16:57 - Executing Version : To validate tag FW version 
  
2025-09-24 15:17:00 - tag1skey1
2025-09-24 15:17:10 - tag1skey3
2025-09-24 15:17:19 - {"Device Type": "Tag", "Tag ID": 17685218, "RSSI": "-61.00 dBm", "Monitor ID": 0, "CMD": 0, "Status Byte": "00000010", "Button 4": "0", "Button 3": "0", "Button 2": "0", "Button 1": "0", "Motion Flag": "0", "Retry Count": 1, "Reserved": "0", "IR ID": 0, "Version": 15, "Astar ID": 1, "LBI": 2591, "CMD3": "1f0a07", "Timestamp": "2025-09-24 09:47:14", "EKEY": 0, "LF Flag": 2}
2025-09-24 15:17:19 - Mismatch for 'Tag ID': Expected 17686527, Got 17685218
2025-09-24 15:17:19 - Mismatch for 'Button 3': Expected 1, Got 0
2025-09-24 15:17:19 - Validation failed with mismatches:
2025-09-24 15:17:19 - Key: Tag ID, Expected: 17686527, Actual: 17685218
2025-09-24 15:17:19 - Key: Button 3, Expected: 1, Actual: 0
2025-09-24 15:17:19 - {"Device Type": "Monitor", "Tag ID": 232448513, "RSSI": "-71.50 dBm", "Monitor ID": 34, "CMD": 0, "Status Byte": "00000000", "Button 4": "0", "Button 3": "0", "Button 2": "0", "Button 1": "0", "Motion Flag": "0", "Retry Count": 0, "Reserved": "0", "IR ID": 4, "Version": 0, "Astar ID": 271, "LBI": 7936, "CMD3": "0a1f0a", "Timestamp": "2082-07-28 08:32:07", "EKEY": 104, "LF Flag": 0}
2025-09-24 15:17:19 - Mismatch for 'Tag ID': Expected 17686527, Got 232448513
2025-09-24 15:17:19 - Mismatch for 'Button 3': Expected 1, Got 0
2025-09-24 15:17:19 - Validation failed with mismatches:
2025-09-24 15:17:19 - Key: Tag ID, Expected: 17686527, Actual: 232448513
2025-09-24 15:17:19 - Key: Button 3, Expected: 1, Actual: 0
2025-09-24 15:17:19 - {"Device Type": "Monitor", "Tag ID": 182583552, "RSSI": "-97.00 dBm", "Monitor ID": 8205, "CMD": 0, "Status Byte": "00000000", "Button 4": "0", "Button 3": "0", "Button 2": "0", "Button 1": "0", "Motion Flag": "0", "Retry Count": 0, "Reserved": "0", "IR ID": 1536, "Version": 0, "Astar ID": 3840, "LBI": 1, "CMD3": "1f0a1f", "Timestamp": "2071-01-31 03:37:46", "EKEY": 211, "LF Flag": 104}
2025-09-24 15:17:19 - Mismatch for 'Tag ID': Expected 17686527, Got 182583552
2025-09-24 15:17:19 - Mismatch for 'Button 3': Expected 1, Got 0
2025-09-24 15:17:19 - Validation failed with mismatches:
2025-09-24 15:17:19 - Key: Tag ID, Expected: 17686527, Actual: 182583552
2025-09-24 15:17:19 - Key: Button 3, Expected: 1, Actual: 0
2025-09-24 15:17:22 - tag1skey3
2025-09-24 15:17:28 - close
2025-09-24 15:17:28 - jsdrv_finalize 000001EBAC7F1C30
2025-09-24 15:17:28 - USB backend finalize
2025-09-24 15:17:28 - JS220 USB upper-level thread done u/js220/003155
2025-09-24 15:17:28 - finalize usb backend
2025-09-24 15:17:28 - winusb backend finalize
2025-09-24 15:17:28 - USB backend_thread done
2025-09-24 15:17:28 - USB device_thread closing u/js220/003155
2025-09-24 15:17:28 - device_close(u/js220/003155)
2025-09-24 15:17:28 - USB device_thread closed u/js220/003155
2025-09-24 15:21:19 - open_ll(opt=0)
2025-09-24 15:21:19 - device_open(u/js220/003155) \\?\usb#vid_16d0&pid_10ba#003155#{e27188c8-98ff-41de-be50-653324c6b19c}
2025-09-24 15:21:19 - open(opt=0)
2025-09-24 15:21:19 - bulk_in_stream_open 130
2025-09-24 15:21:19 - bulk_in_initialize pipe_id=0x82
2025-09-24 15:21:19 - MAXIMUM_TRANSFER_SIZE pipe_id=0x82 bytes=2097152
2025-09-24 15:21:19 - port0 connect rsp
2025-09-24 15:21:19 - JS220 app_id=3, FW=1.3.0, HW=1.0.0, FPGA=1.3.3, protocol=1.0.0
2025-09-24 15:21:19 - open complete
2025-09-24 15:21:19 - on_sampling_frequency(2000000)
2025-09-24 15:21:19 - jsdrv_downsample_alloc signal_n=1, gpi_n=1
2025-09-24 15:21:19 - read(duration=None, contiguous_duration=0.25, out_format=None)
2025-09-24 15:21:20 - received stop callback: pending stop
2025-09-24 15:21:20 - read available range 689124272, 689376272
2025-09-24 15:21:20 - read actual 689126272, 689376272
2025-09-24 15:21:20 - _on_cmd_publish_cbk(u/js220/003155/s/gpi/1/!data)
Traceback (most recent call last):
  File "pyjoulescope_driver/binding.pyx", line 1029, in pyjoulescope_driver.binding._on_cmd_publish_cbk
  File "C:\Users\cheluvagb\PycharmProjects\PythonProject\.venv\Lib\site-packages\joulescope\v1\device.py", line 461, in _on_stream
    if self.stream_buffer.is_duration_max or self.stream_buffer.is_contiguous_duration_max:
       ^^^^^^^^^^^^^^^^^^^^^^^^^^^^^^^^^^
AttributeError: 'NoneType' object has no attribute 'is_duration_max'
2025-09-24 15:21:20 - close
2025-09-24 15:21:20 - device_close(u/js220/003155)
2025-09-24 15:21:20 - bulk_in_finalize ep=0x82
2025-09-24 15:21:20 - Executing Version : To validate tag FW version 
  
2025-09-24 15:21:22 - device_remove_msg(u/js220/003155): \\?\usb#vid_16d0&pid_10ba#003155#{e27188c8-98ff-41de-be50-653324c6b19c}
2025-09-24 15:21:22 - USB device_thread closing u/js220/003155
2025-09-24 15:21:22 - device_close(u/js220/003155)
2025-09-24 15:21:22 - USB device_thread closed u/js220/003155
2025-09-24 15:21:22 - JS220 USB upper-level thread done u/js220/003155
2025-09-24 15:21:22 - API command u/js220/003155/@/!close invoked on jsdrv thread with timeout.  Forcing timeout=0.
2025-09-24 15:21:22 - u/js220/003155/@/!close but device already removed
2025-09-24 15:21:23 - device_add_msg u/js220/003155 : \\?\usb#vid_16d0&pid_10ba#003155#{e27188c8-98ff-41de-be50-653324c6b19c}
2025-09-24 15:21:23 - device add sn=u/js220/003155
2025-09-24 15:21:23 - on_sampling_frequency(2000000)
2025-09-24 15:21:23 - USB device_thread started u/js220/003155
2025-09-24 15:21:23 - JS220 USB upper-level thread started for u/js220/003155
2025-09-24 15:21:23 - tag1skey1
2025-09-24 15:21:34 - {"Device Type": "Tag", "Tag ID": 17686527, "RSSI": "-64.00 dBm", "Monitor ID": 2615964, "CMD": 0, "Status Byte": "00010010", "Button 4": "0", "Button 3": "0", "Button 2": "0", "Button 1": "1", "Motion Flag": "0", "Retry Count": 1, "Reserved": "0", "IR ID": 5, "Version": 107, "Astar ID": 1, "LBI": 3287, "CMD3": "1a0014", "Timestamp": "2025-09-24 09:51:29", "EKEY": 1, "LF Flag": 2}
2025-09-24 15:21:34 - Mismatch for 'Version': Expected 28, Got 107
2025-09-24 15:21:34 - Validation failed with mismatches:
2025-09-24 15:21:34 - Key: Version, Expected: 28, Actual: 107
2025-09-24 15:21:37 - tag1skey3
2025-09-24 15:21:47 - {"Device Type": "Tag", "Tag ID": 17686527, "RSSI": "-69.00 dBm", "Monitor ID": 2615964, "CMD": 0, "Status Byte": "01000010", "Button 4": "0", "Button 3": "1", "Button 2": "0", "Button 1": "0", "Motion Flag": "0", "Retry Count": 1, "Reserved": "0", "IR ID": 5, "Version": 107, "Astar ID": 1, "LBI": 3287, "CMD3": "6b0006", "Timestamp": "2025-09-24 09:51:42", "EKEY": 4, "LF Flag": 2}
2025-09-24 15:21:47 - Validation successful!
2025-09-24 15:21:51 - tag1skey3
2025-09-24 15:22:01 - {"Device Type": "Tag", "Tag ID": 17686527, "RSSI": "-59.00 dBm", "Monitor ID": 2615964, "CMD": 0, "Status Byte": "01000010", "Button 4": "0", "Button 3": "1", "Button 2": "0", "Button 1": "0", "Motion Flag": "0", "Retry Count": 1, "Reserved": "0", "IR ID": 5, "Version": 107, "Astar ID": 1, "LBI": 3287, "CMD3": "d70c07", "Timestamp": "2025-09-24 09:51:56", "EKEY": 4, "LF Flag": 2}
2025-09-24 15:22:01 - Validation successful!
2025-09-24 15:22:01 - open_ll(opt=0)
2025-09-24 15:22:01 - device_open(u/js220/003155) \\?\usb#vid_16d0&pid_10ba#003155#{e27188c8-98ff-41de-be50-653324c6b19c}
2025-09-24 15:22:01 - open(opt=0)
2025-09-24 15:22:01 - bulk_in_stream_open 130
2025-09-24 15:22:01 - bulk_in_initialize pipe_id=0x82
2025-09-24 15:22:01 - MAXIMUM_TRANSFER_SIZE pipe_id=0x82 bytes=2097152
2025-09-24 15:22:01 - port0 connect rsp
2025-09-24 15:22:01 - JS220 app_id=3, FW=1.3.0, HW=1.0.0, FPGA=1.3.3, protocol=1.0.0
2025-09-24 15:22:01 - open complete
2025-09-24 15:22:01 - read(duration=None, contiguous_duration=0.25, out_format=None)
2025-09-24 15:22:02 - received stop callback: pending stop
2025-09-24 15:22:02 - read available range 8693024, 8945024
2025-09-24 15:22:02 - read actual 8695024, 8945024
2025-09-24 15:22:02 - close
2025-09-24 15:22:02 - device_close(u/js220/003155)
2025-09-24 15:22:02 - bulk_in_finalize ep=0x82
2025-09-24 15:22:05 - tag1lkey3
2025-09-24 15:22:16 - {"Device Type": "Tag", "Tag ID": 17686527, "RSSI": "-64.00 dBm", "Monitor ID": 2615964, "CMD": 0, "Status Byte": "01000010", "Button 4": "0", "Button 3": "1", "Button 2": "0", "Button 1": "0", "Motion Flag": "0", "Retry Count": 1, "Reserved": "0", "IR ID": 5, "Version": 107, "Astar ID": 1, "LBI": 3287, "CMD3": "1a0014", "Timestamp": "2025-09-24 09:52:11", "EKEY": 4, "LF Flag": 2}
2025-09-24 15:22:16 - Validation successful!
2025-09-24 15:22:16 - open_ll(opt=0)
2025-09-24 15:22:16 - device_open(u/js220/003155) \\?\usb#vid_16d0&pid_10ba#003155#{e27188c8-98ff-41de-be50-653324c6b19c}
2025-09-24 15:22:16 - open(opt=0)
2025-09-24 15:22:16 - bulk_in_stream_open 130
2025-09-24 15:22:16 - bulk_in_initialize pipe_id=0x82
2025-09-24 15:22:16 - MAXIMUM_TRANSFER_SIZE pipe_id=0x82 bytes=2097152
2025-09-24 15:22:16 - port0 connect rsp
2025-09-24 15:22:16 - JS220 app_id=3, FW=1.3.0, HW=1.0.0, FPGA=1.3.3, protocol=1.0.0
2025-09-24 15:22:16 - open complete
2025-09-24 15:22:16 - read(duration=None, contiguous_duration=0.25, out_format=None)
2025-09-24 15:22:16 - received stop callback: pending stop
2025-09-24 15:22:16 - read available range 23589248, 23841248
2025-09-24 15:22:16 - read actual 23591248, 23841248
2025-09-24 15:22:17 - close
2025-09-24 15:22:17 - device_close(u/js220/003155)
2025-09-24 15:22:17 - bulk_in_finalize ep=0x82
2025-09-24 15:22:43 - open_ll(opt=0)
2025-09-24 15:22:43 - device_open(u/js220/003155) \\?\usb#vid_16d0&pid_10ba#003155#{e27188c8-98ff-41de-be50-653324c6b19c}
2025-09-24 15:22:43 - open(opt=0)
2025-09-24 15:22:43 - bulk_in_stream_open 130
2025-09-24 15:22:43 - bulk_in_initialize pipe_id=0x82
2025-09-24 15:22:43 - MAXIMUM_TRANSFER_SIZE pipe_id=0x82 bytes=2097152
2025-09-24 15:22:43 - port0 connect rsp
2025-09-24 15:22:43 - JS220 app_id=3, FW=1.3.0, HW=1.0.0, FPGA=1.3.3, protocol=1.0.0
2025-09-24 15:22:43 - open complete
2025-09-24 15:22:43 - read(duration=None, contiguous_duration=0.25, out_format=None)
2025-09-24 15:22:43 - received stop callback: pending stop
2025-09-24 15:22:43 - read available range 50260928, 50512928
2025-09-24 15:22:43 - read actual 50262928, 50512928
2025-09-24 15:22:43 - _on_cmd_publish_cbk(u/js220/003155/s/gpi/1/!data)
Traceback (most recent call last):
  File "pyjoulescope_driver/binding.pyx", line 1029, in pyjoulescope_driver.binding._on_cmd_publish_cbk
  File "C:\Users\cheluvagb\PycharmProjects\PythonProject\.venv\Lib\site-packages\joulescope\v1\device.py", line 461, in _on_stream
    if self.stream_buffer.is_duration_max or self.stream_buffer.is_contiguous_duration_max:
       ^^^^^^^^^^^^^^^^^^^^^^^^^^^^^^^^^^
AttributeError: 'NoneType' object has no attribute 'is_duration_max'
2025-09-24 15:22:43 - close
2025-09-24 15:22:43 - device_close(u/js220/003155)
2025-09-24 15:22:43 - bulk_in_finalize ep=0x82
2025-09-24 15:22:44 - Executing LBI : To validate tag LBI value 
  
2025-09-24 15:22:45 - device_remove_msg(u/js220/003155): \\?\usb#vid_16d0&pid_10ba#003155#{e27188c8-98ff-41de-be50-653324c6b19c}
2025-09-24 15:22:45 - USB device_thread closing u/js220/003155
2025-09-24 15:22:45 - device_close(u/js220/003155)
2025-09-24 15:22:45 - USB device_thread closed u/js220/003155
2025-09-24 15:22:45 - JS220 USB upper-level thread done u/js220/003155
2025-09-24 15:22:45 - API command u/js220/003155/@/!close invoked on jsdrv thread with timeout.  Forcing timeout=0.
2025-09-24 15:22:45 - u/js220/003155/@/!close but device already removed
2025-09-24 15:22:45 - device_add_msg u/js220/003155 : \\?\usb#vid_16d0&pid_10ba#003155#{e27188c8-98ff-41de-be50-653324c6b19c}
2025-09-24 15:22:45 - device add sn=u/js220/003155
2025-09-24 15:22:45 - on_sampling_frequency(2000000)
2025-09-24 15:22:45 - USB device_thread started u/js220/003155
2025-09-24 15:22:45 - JS220 USB upper-level thread started for u/js220/003155
2025-09-24 15:22:47 - t1lp
2025-09-24 15:22:53 - Executing Location : To validate Location packet 
 
2025-09-24 15:22:56 - servo1.start
2025-09-24 15:23:04 - {"Device Type": "Tag", "Tag ID": 17686527, "RSSI": "-72.00 dBm", "Monitor ID": 2615964, "CMD": 0, "Status Byte": "00000010", "Button 4": "0", "Button 3": "0", "Button 2": "0", "Button 1": "0", "Motion Flag": "0", "Retry Count": 1, "Reserved": "0", "IR ID": 5, "Version": 107, "Astar ID": 1, "LBI": 3287, "CMD3": "6b0006", "Timestamp": "2025-09-24 09:52:59", "EKEY": 0, "LF Flag": 2}
2025-09-24 15:23:04 - Mismatch for 'Tag ID': Expected 17684982, Got 17686527
2025-09-24 15:23:04 - Mismatch for 'Motion Flag': Expected 1, Got 0
2025-09-24 15:23:04 - Mismatch for 'IR ID': Expected 2, Got 5
2025-09-24 15:23:04 - Validation failed with mismatches:
2025-09-24 15:23:04 - Key: Tag ID, Expected: 17684982, Actual: 17686527
2025-09-24 15:23:04 - Key: Motion Flag, Expected: 1, Actual: 0
2025-09-24 15:23:04 - Key: IR ID, Expected: 2, Actual: 5
2025-09-24 15:23:04 - servo1.stop
2025-09-24 15:23:05 - Executing Motion : To validate Motion flag 
2025-09-24 15:23:08 - servo1.start
2025-09-24 15:23:15 - close
2025-09-24 15:23:15 - jsdrv_finalize 00000177DF00D410
2025-09-24 15:23:15 - USB backend finalize
2025-09-24 15:23:15 - JS220 USB upper-level thread done u/js220/003155
2025-09-24 15:23:15 - finalize usb backend
2025-09-24 15:23:15 - winusb backend finalize
2025-09-24 15:23:15 - USB backend_thread done
2025-09-24 15:23:15 - USB device_thread closing u/js220/003155
2025-09-24 15:23:15 - device_close(u/js220/003155)
2025-09-24 15:23:15 - USB device_thread closed u/js220/003155
2025-09-24 15:38:31 - open_ll(opt=0)
2025-09-24 15:38:31 - device_open(u/js220/003155) \\?\usb#vid_16d0&pid_10ba#003155#{e27188c8-98ff-41de-be50-653324c6b19c}
2025-09-24 15:38:31 - open(opt=0)
2025-09-24 15:38:31 - bulk_in_stream_open 130
2025-09-24 15:38:31 - bulk_in_initialize pipe_id=0x82
2025-09-24 15:38:31 - MAXIMUM_TRANSFER_SIZE pipe_id=0x82 bytes=2097152
2025-09-24 15:38:31 - port0 connect rsp
2025-09-24 15:38:31 - JS220 app_id=3, FW=1.3.0, HW=1.0.0, FPGA=1.3.3, protocol=1.0.0
2025-09-24 15:38:31 - open complete
2025-09-24 15:38:31 - on_sampling_frequency(2000000)
2025-09-24 15:38:31 - jsdrv_downsample_alloc signal_n=1, gpi_n=1
2025-09-24 15:38:31 - read(duration=None, contiguous_duration=0.25, out_format=None)
2025-09-24 15:38:32 - received stop callback: pending stop
2025-09-24 15:38:32 - read available range 8725280, 8977280
2025-09-24 15:38:32 - read actual 8727280, 8977280
2025-09-24 15:38:32 - close
2025-09-24 15:38:32 - device_close(u/js220/003155)
2025-09-24 15:38:32 - bulk_in_finalize ep=0x82
2025-09-24 15:38:32 - Executing Version : To validate tag FW version 
  
2025-09-24 15:38:35 - tag1skey1
2025-09-24 15:38:45 - tag1skey3
2025-09-24 15:38:52 - close
2025-09-24 15:38:52 - jsdrv_finalize 00000289BC03D310
2025-09-24 15:38:52 - USB backend finalize
2025-09-24 15:38:52 - JS220 USB upper-level thread done u/js220/003155
2025-09-24 15:38:52 - finalize usb backend
2025-09-24 15:38:52 - winusb backend finalize
2025-09-24 15:38:52 - USB backend_thread done
2025-09-24 15:38:52 - USB device_thread closing u/js220/003155
2025-09-24 15:38:52 - device_close(u/js220/003155)
2025-09-24 15:38:52 - USB device_thread closed u/js220/003155
2025-09-24 15:40:43 - open_ll(opt=0)
2025-09-24 15:40:43 - device_open(u/js220/003155) \\?\usb#vid_16d0&pid_10ba#003155#{e27188c8-98ff-41de-be50-653324c6b19c}
2025-09-24 15:40:43 - open(opt=0)
2025-09-24 15:40:43 - bulk_in_stream_open 130
2025-09-24 15:40:43 - bulk_in_initialize pipe_id=0x82
2025-09-24 15:40:43 - MAXIMUM_TRANSFER_SIZE pipe_id=0x82 bytes=2097152
2025-09-24 15:40:43 - port0 connect rsp
2025-09-24 15:40:43 - JS220 app_id=3, FW=1.3.0, HW=1.0.0, FPGA=1.3.3, protocol=1.0.0
2025-09-24 15:40:43 - open complete
2025-09-24 15:40:43 - on_sampling_frequency(2000000)
2025-09-24 15:40:43 - jsdrv_downsample_alloc signal_n=1, gpi_n=1
2025-09-24 15:40:43 - read(duration=None, contiguous_duration=0.25, out_format=None)
2025-09-24 15:40:44 - received stop callback: pending stop
2025-09-24 15:40:44 - read available range 140503136, 140755136
2025-09-24 15:40:44 - read actual 140505136, 140755136
2025-09-24 15:40:44 - close
2025-09-24 15:40:44 - device_close(u/js220/003155)
2025-09-24 15:40:44 - bulk_in_finalize ep=0x82
2025-09-24 15:40:44 - Executing Version : To validate tag FW version 
  
2025-09-24 15:40:47 - tag1skey1
2025-09-24 15:40:58 - {"Device Type": "Tag", "Tag ID": 17686527, "RSSI": "-46.00 dBm", "Monitor ID": 2615964, "CMD": 0, "Status Byte": "00010010", "Button 4": "0", "Button 3": "0", "Button 2": "0", "Button 1": "1", "Motion Flag": "0", "Retry Count": 1, "Reserved": "0", "IR ID": 5, "Version": 107, "Astar ID": 1, "LBI": 3288, "CMD3": "1a0014", "Timestamp": "2025-09-24 10:10:53", "EKEY": 1, "LF Flag": 2}
2025-09-24 15:40:58 - Mismatch for 'Version': Expected 28, Got 107
2025-09-24 15:40:58 - Validation failed with mismatches:
2025-09-24 15:40:58 - Key: Version, Expected: 28, Actual: 107
2025-09-24 15:41:01 - tag1skey3
2025-09-24 15:41:09 - {"Device Type": "Tag", "Tag ID": 17686527, "RSSI": "-46.00 dBm", "Monitor ID": 2615964, "CMD": 0, "Status Byte": "01001010", "Button 4": "0", "Button 3": "1", "Button 2": "0", "Button 1": "0", "Motion Flag": "1", "Retry Count": 1, "Reserved": "0", "IR ID": 5, "Version": 107, "Astar ID": 1, "LBI": 3288, "CMD3": "6b0006", "Timestamp": "2025-09-24 10:11:06", "EKEY": 4, "LF Flag": 2}
2025-09-24 15:41:09 - Validation successful!
2025-09-24 15:41:13 - tag1skey3
2025-09-24 15:41:23 - {"Device Type": "Tag", "Tag ID": 17686527, "RSSI": "-45.00 dBm", "Monitor ID": 2615964, "CMD": 0, "Status Byte": "01001010", "Button 4": "0", "Button 3": "1", "Button 2": "0", "Button 1": "0", "Motion Flag": "1", "Retry Count": 1, "Reserved": "0", "IR ID": 5, "Version": 107, "Astar ID": 1, "LBI": 3288, "CMD3": "d80c07", "Timestamp": "2025-09-24 10:11:18", "EKEY": 4, "LF Flag": 2}
2025-09-24 15:41:23 - Validation successful!
2025-09-24 15:41:23 - open_ll(opt=0)
2025-09-24 15:41:23 - device_open(u/js220/003155) \\?\usb#vid_16d0&pid_10ba#003155#{e27188c8-98ff-41de-be50-653324c6b19c}
2025-09-24 15:41:23 - open(opt=0)
2025-09-24 15:41:23 - bulk_in_stream_open 130
2025-09-24 15:41:23 - bulk_in_initialize pipe_id=0x82
2025-09-24 15:41:23 - MAXIMUM_TRANSFER_SIZE pipe_id=0x82 bytes=2097152
2025-09-24 15:41:23 - port0 connect rsp
2025-09-24 15:41:23 - JS220 app_id=3, FW=1.3.0, HW=1.0.0, FPGA=1.3.3, protocol=1.0.0
2025-09-24 15:41:23 - open complete
2025-09-24 15:41:24 - read(duration=None, contiguous_duration=0.25, out_format=None)
2025-09-24 15:41:24 - received stop callback: pending stop
2025-09-24 15:41:24 - read available range 180864464, 181116464
2025-09-24 15:41:24 - read actual 180866464, 181116464
2025-09-24 15:41:24 - _on_cmd_publish_cbk(u/js220/003155/s/gpi/1/!data)
Traceback (most recent call last):
  File "pyjoulescope_driver/binding.pyx", line 1029, in pyjoulescope_driver.binding._on_cmd_publish_cbk
  File "C:\Users\cheluvagb\PycharmProjects\PythonProject\.venv\Lib\site-packages\joulescope\v1\device.py", line 461, in _on_stream
    if self.stream_buffer.is_duration_max or self.stream_buffer.is_contiguous_duration_max:
       ^^^^^^^^^^^^^^^^^^^^^^^^^^^^^^^^^^
AttributeError: 'NoneType' object has no attribute 'is_duration_max'
2025-09-24 15:41:24 - close
2025-09-24 15:41:24 - device_close(u/js220/003155)
2025-09-24 15:41:24 - bulk_in_finalize ep=0x82
2025-09-24 15:41:26 - device_remove_msg(u/js220/003155): \\?\usb#vid_16d0&pid_10ba#003155#{e27188c8-98ff-41de-be50-653324c6b19c}
2025-09-24 15:41:26 - USB device_thread closing u/js220/003155
2025-09-24 15:41:26 - device_close(u/js220/003155)
2025-09-24 15:41:26 - USB device_thread closed u/js220/003155
2025-09-24 15:41:26 - JS220 USB upper-level thread done u/js220/003155
2025-09-24 15:41:26 - API command u/js220/003155/@/!close invoked on jsdrv thread with timeout.  Forcing timeout=0.
2025-09-24 15:41:26 - u/js220/003155/@/!close but device already removed
2025-09-24 15:41:26 - device_add_msg u/js220/003155 : \\?\usb#vid_16d0&pid_10ba#003155#{e27188c8-98ff-41de-be50-653324c6b19c}
2025-09-24 15:41:26 - device add sn=u/js220/003155
2025-09-24 15:41:26 - on_sampling_frequency(2000000)
2025-09-24 15:41:26 - USB device_thread started u/js220/003155
2025-09-24 15:41:26 - JS220 USB upper-level thread started for u/js220/003155
2025-09-24 15:41:28 - tag1lkey3
2025-09-24 15:41:38 - {"Device Type": "Tag", "Tag ID": 17686527, "RSSI": "-44.00 dBm", "Monitor ID": 2615964, "CMD": 0, "Status Byte": "01000010", "Button 4": "0", "Button 3": "1", "Button 2": "0", "Button 1": "0", "Motion Flag": "0", "Retry Count": 1, "Reserved": "0", "IR ID": 5, "Version": 107, "Astar ID": 1, "LBI": 3288, "CMD3": "1a0014", "Timestamp": "2025-09-24 10:11:33", "EKEY": 4, "LF Flag": 2}
2025-09-24 15:41:38 - Validation successful!
2025-09-24 15:41:38 - open_ll(opt=0)
2025-09-24 15:41:38 - device_open(u/js220/003155) \\?\usb#vid_16d0&pid_10ba#003155#{e27188c8-98ff-41de-be50-653324c6b19c}
2025-09-24 15:41:38 - open(opt=0)
2025-09-24 15:41:38 - bulk_in_stream_open 130
2025-09-24 15:41:38 - bulk_in_initialize pipe_id=0x82
2025-09-24 15:41:38 - MAXIMUM_TRANSFER_SIZE pipe_id=0x82 bytes=2097152
2025-09-24 15:41:39 - port0 connect rsp
2025-09-24 15:41:39 - JS220 app_id=3, FW=1.3.0, HW=1.0.0, FPGA=1.3.3, protocol=1.0.0
2025-09-24 15:41:39 - open complete
2025-09-24 15:41:39 - read(duration=None, contiguous_duration=0.25, out_format=None)
2025-09-24 15:41:39 - received stop callback: pending stop
2025-09-24 15:41:39 - read available range 8682944, 8934944
2025-09-24 15:41:39 - read actual 8684944, 8934944
2025-09-24 15:41:39 - _on_cmd_publish_cbk(u/js220/003155/s/gpi/1/!data)
Traceback (most recent call last):
  File "pyjoulescope_driver/binding.pyx", line 1029, in pyjoulescope_driver.binding._on_cmd_publish_cbk
  File "C:\Users\cheluvagb\PycharmProjects\PythonProject\.venv\Lib\site-packages\joulescope\v1\device.py", line 461, in _on_stream
    if self.stream_buffer.is_duration_max or self.stream_buffer.is_contiguous_duration_max:
       ^^^^^^^^^^^^^^^^^^^^^^^^^^^^^^^^^^
AttributeError: 'NoneType' object has no attribute 'is_duration_max'
2025-09-24 15:41:39 - close
2025-09-24 15:41:39 - device_close(u/js220/003155)
2025-09-24 15:41:39 - bulk_in_finalize ep=0x82
2025-09-24 15:41:41 - device_remove_msg(u/js220/003155): \\?\usb#vid_16d0&pid_10ba#003155#{e27188c8-98ff-41de-be50-653324c6b19c}
2025-09-24 15:41:41 - USB device_thread closing u/js220/003155
2025-09-24 15:41:41 - JS220 USB upper-level thread done u/js220/003155
2025-09-24 15:41:41 - device_close(u/js220/003155)
2025-09-24 15:41:41 - USB device_thread closed u/js220/003155
2025-09-24 15:41:41 - API command u/js220/003155/@/!close invoked on jsdrv thread with timeout.  Forcing timeout=0.
2025-09-24 15:41:41 - u/js220/003155/@/!close but device already removed
2025-09-24 15:41:41 - device_add_msg u/js220/003155 : \\?\usb#vid_16d0&pid_10ba#003155#{e27188c8-98ff-41de-be50-653324c6b19c}
2025-09-24 15:41:41 - device add sn=u/js220/003155
2025-09-24 15:41:41 - on_sampling_frequency(2000000)
2025-09-24 15:41:41 - USB device_thread started u/js220/003155
2025-09-24 15:41:41 - JS220 USB upper-level thread started for u/js220/003155
2025-09-24 15:42:11 - open_ll(opt=0)
2025-09-24 15:42:11 - device_open(u/js220/003155) \\?\usb#vid_16d0&pid_10ba#003155#{e27188c8-98ff-41de-be50-653324c6b19c}
2025-09-24 15:42:11 - open(opt=0)
2025-09-24 15:42:11 - bulk_in_stream_open 130
2025-09-24 15:42:11 - bulk_in_initialize pipe_id=0x82
2025-09-24 15:42:11 - MAXIMUM_TRANSFER_SIZE pipe_id=0x82 bytes=2097152
2025-09-24 15:42:12 - port0 connect rsp
2025-09-24 15:42:12 - JS220 app_id=3, FW=1.3.0, HW=1.0.0, FPGA=1.3.3, protocol=1.0.0
2025-09-24 15:42:12 - open complete
2025-09-24 15:42:12 - read(duration=None, contiguous_duration=0.25, out_format=None)
2025-09-24 15:42:12 - received stop callback: pending stop
2025-09-24 15:42:12 - read available range 8727296, 8979296
2025-09-24 15:42:12 - read actual 8729296, 8979296
2025-09-24 15:42:12 - _on_cmd_publish_cbk(u/js220/003155/s/gpi/1/!data)
Traceback (most recent call last):
  File "pyjoulescope_driver/binding.pyx", line 1029, in pyjoulescope_driver.binding._on_cmd_publish_cbk
  File "C:\Users\cheluvagb\PycharmProjects\PythonProject\.venv\Lib\site-packages\joulescope\v1\device.py", line 461, in _on_stream
    if self.stream_buffer.is_duration_max or self.stream_buffer.is_contiguous_duration_max:
       ^^^^^^^^^^^^^^^^^^^^^^^^^^^^^^^^^^
AttributeError: 'NoneType' object has no attribute 'is_duration_max'
2025-09-24 15:42:12 - close
2025-09-24 15:42:12 - device_close(u/js220/003155)
2025-09-24 15:42:12 - bulk_in_finalize ep=0x82
2025-09-24 15:42:13 - Executing Battery test case : To validate tag LBI value 
  
2025-09-24 15:42:15 - device_remove_msg(u/js220/003155): \\?\usb#vid_16d0&pid_10ba#003155#{e27188c8-98ff-41de-be50-653324c6b19c}
2025-09-24 15:42:15 - USB device_thread closing u/js220/003155
2025-09-24 15:42:15 - device_close(u/js220/003155)
2025-09-24 15:42:15 - USB device_thread closed u/js220/003155
2025-09-24 15:42:15 - JS220 USB upper-level thread done u/js220/003155
2025-09-24 15:42:15 - API command u/js220/003155/@/!close invoked on jsdrv thread with timeout.  Forcing timeout=0.
2025-09-24 15:42:15 - u/js220/003155/@/!close but device already removed
2025-09-24 15:42:15 - device_add_msg u/js220/003155 : \\?\usb#vid_16d0&pid_10ba#003155#{e27188c8-98ff-41de-be50-653324c6b19c}
2025-09-24 15:42:15 - device add sn=u/js220/003155
2025-09-24 15:42:15 - on_sampling_frequency(2000000)
2025-09-24 15:42:15 - USB device_thread started u/js220/003155
2025-09-24 15:42:15 - JS220 USB upper-level thread started for u/js220/003155
2025-09-24 15:42:19 - close
2025-09-24 15:42:19 - jsdrv_finalize 000001EEE8E3CE40
2025-09-24 15:42:19 - USB backend finalize
2025-09-24 15:42:19 - JS220 USB upper-level thread done u/js220/003155
2025-09-24 15:42:19 - finalize usb backend
2025-09-24 15:42:19 - winusb backend finalize
2025-09-24 15:42:19 - USB backend_thread done
2025-09-24 15:42:19 - USB device_thread closing u/js220/003155
2025-09-24 15:42:19 - device_close(u/js220/003155)
2025-09-24 15:42:19 - USB device_thread closed u/js220/003155
2025-09-24 15:49:11 - open_ll(opt=0)
2025-09-24 15:49:11 - device_open(u/js220/003155) \\?\usb#vid_16d0&pid_10ba#003155#{e27188c8-98ff-41de-be50-653324c6b19c}
2025-09-24 15:49:11 - open(opt=0)
2025-09-24 15:49:11 - bulk_in_stream_open 130
2025-09-24 15:49:11 - bulk_in_initialize pipe_id=0x82
2025-09-24 15:49:11 - MAXIMUM_TRANSFER_SIZE pipe_id=0x82 bytes=2097152
2025-09-24 15:49:11 - port0 connect rsp
2025-09-24 15:49:11 - JS220 app_id=3, FW=1.3.0, HW=1.0.0, FPGA=1.3.3, protocol=1.0.0
2025-09-24 15:49:11 - open complete
2025-09-24 15:49:11 - on_sampling_frequency(2000000)
2025-09-24 15:49:11 - jsdrv_downsample_alloc signal_n=1, gpi_n=1
2025-09-24 15:49:11 - read(duration=None, contiguous_duration=0.25, out_format=None)
2025-09-24 15:49:12 - received stop callback: pending stop
2025-09-24 15:49:12 - read available range 8701088, 8953088
2025-09-24 15:49:12 - read actual 8703088, 8953088
2025-09-24 15:49:12 - close
2025-09-24 15:49:12 - device_close(u/js220/003155)
2025-09-24 15:49:12 - bulk_in_finalize ep=0x82
2025-09-24 15:49:12 - Executing Version : To validate tag FW version 
  
2025-09-24 15:49:15 - tag1skey1
2025-09-24 15:49:25 - {"Device Type": "Tag", "Tag ID": 17686527, "RSSI": "-46.00 dBm", "Monitor ID": 2615964, "CMD": 0, "Status Byte": "00010010", "Button 4": "0", "Button 3": "0", "Button 2": "0", "Button 1": "1", "Motion Flag": "0", "Retry Count": 1, "Reserved": "0", "IR ID": 5, "Version": 107, "Astar ID": 1, "LBI": 3287, "CMD3": "1a0014", "Timestamp": "2025-09-24 10:19:20", "EKEY": 1, "LF Flag": 2}
2025-09-24 15:49:25 - Validation successful!
2025-09-24 15:49:28 - tag1skey3
2025-09-24 15:49:38 - {"Device Type": "Tag", "Tag ID": 17686527, "RSSI": "-45.00 dBm", "Monitor ID": 2615964, "CMD": 0, "Status Byte": "01000010", "Button 4": "0", "Button 3": "1", "Button 2": "0", "Button 1": "0", "Motion Flag": "0", "Retry Count": 1, "Reserved": "0", "IR ID": 5, "Version": 107, "Astar ID": 1, "LBI": 3287, "CMD3": "6b0006", "Timestamp": "2025-09-24 10:19:33", "EKEY": 4, "LF Flag": 2}
2025-09-24 15:49:38 - Validation successful!
2025-09-24 15:49:41 - tag1skey3
2025-09-24 15:49:52 - {"Device Type": "Tag", "Tag ID": 17686527, "RSSI": "-45.00 dBm", "Monitor ID": 2615964, "CMD": 0, "Status Byte": "01000010", "Button 4": "0", "Button 3": "1", "Button 2": "0", "Button 1": "0", "Motion Flag": "0", "Retry Count": 1, "Reserved": "0", "IR ID": 5, "Version": 107, "Astar ID": 1, "LBI": 3287, "CMD3": "d70c07", "Timestamp": "2025-09-24 10:19:47", "EKEY": 4, "LF Flag": 2}
2025-09-24 15:49:52 - Validation successful!
2025-09-24 15:49:52 - open_ll(opt=0)
2025-09-24 15:49:52 - device_open(u/js220/003155) \\?\usb#vid_16d0&pid_10ba#003155#{e27188c8-98ff-41de-be50-653324c6b19c}
2025-09-24 15:49:52 - open(opt=0)
2025-09-24 15:49:52 - bulk_in_stream_open 130
2025-09-24 15:49:52 - bulk_in_initialize pipe_id=0x82
2025-09-24 15:49:52 - MAXIMUM_TRANSFER_SIZE pipe_id=0x82 bytes=2097152
2025-09-24 15:49:52 - port0 connect rsp
2025-09-24 15:49:52 - JS220 app_id=3, FW=1.3.0, HW=1.0.0, FPGA=1.3.3, protocol=1.0.0
2025-09-24 15:49:52 - open complete
2025-09-24 15:49:52 - read(duration=None, contiguous_duration=0.25, out_format=None)
2025-09-24 15:49:52 - received stop callback: pending stop
2025-09-24 15:49:52 - read available range 49295264, 49547264
2025-09-24 15:49:52 - read actual 49297264, 49547264
2025-09-24 15:49:52 - close
2025-09-24 15:49:52 - device_close(u/js220/003155)
2025-09-24 15:49:52 - bulk_in_finalize ep=0x82
2025-09-24 15:49:56 - tag1lkey3
2025-09-24 15:50:06 - {"Device Type": "Tag", "Tag ID": 17686527, "RSSI": "-45.00 dBm", "Monitor ID": 2615964, "CMD": 0, "Status Byte": "01000010", "Button 4": "0", "Button 3": "1", "Button 2": "0", "Button 1": "0", "Motion Flag": "0", "Retry Count": 1, "Reserved": "0", "IR ID": 5, "Version": 107, "Astar ID": 1, "LBI": 3287, "CMD3": "1a0014", "Timestamp": "2025-09-24 10:20:02", "EKEY": 4, "LF Flag": 2}
2025-09-24 15:50:06 - Validation successful!
2025-09-24 15:50:06 - open_ll(opt=0)
2025-09-24 15:50:06 - device_open(u/js220/003155) \\?\usb#vid_16d0&pid_10ba#003155#{e27188c8-98ff-41de-be50-653324c6b19c}
2025-09-24 15:50:06 - open(opt=0)
2025-09-24 15:50:06 - bulk_in_stream_open 130
2025-09-24 15:50:06 - bulk_in_initialize pipe_id=0x82
2025-09-24 15:50:06 - MAXIMUM_TRANSFER_SIZE pipe_id=0x82 bytes=2097152
2025-09-24 15:50:06 - port0 connect rsp
2025-09-24 15:50:06 - JS220 app_id=3, FW=1.3.0, HW=1.0.0, FPGA=1.3.3, protocol=1.0.0
2025-09-24 15:50:06 - open complete
2025-09-24 15:50:07 - read(duration=None, contiguous_duration=0.25, out_format=None)
2025-09-24 15:50:07 - received stop callback: pending stop
2025-09-24 15:50:07 - read available range 63861872, 64113872
2025-09-24 15:50:07 - read actual 63863872, 64113872
2025-09-24 15:50:07 - close
2025-09-24 15:50:07 - device_close(u/js220/003155)
2025-09-24 15:50:07 - bulk_in_finalize ep=0x82
2025-09-24 15:50:40 - open_ll(opt=0)
2025-09-24 15:50:40 - device_open(u/js220/003155) \\?\usb#vid_16d0&pid_10ba#003155#{e27188c8-98ff-41de-be50-653324c6b19c}
2025-09-24 15:50:40 - open(opt=0)
2025-09-24 15:50:40 - bulk_in_stream_open 130
2025-09-24 15:50:40 - bulk_in_initialize pipe_id=0x82
2025-09-24 15:50:40 - MAXIMUM_TRANSFER_SIZE pipe_id=0x82 bytes=2097152
2025-09-24 15:50:40 - port0 connect rsp
2025-09-24 15:50:40 - JS220 app_id=3, FW=1.3.0, HW=1.0.0, FPGA=1.3.3, protocol=1.0.0
2025-09-24 15:50:40 - open complete
2025-09-24 15:50:41 - read(duration=None, contiguous_duration=0.25, out_format=None)
2025-09-24 15:50:41 - received stop callback: pending stop
2025-09-24 15:50:41 - read available range 97843568, 98095568
2025-09-24 15:50:41 - read actual 97845568, 98095568
2025-09-24 15:50:41 - close
2025-09-24 15:50:41 - device_close(u/js220/003155)
2025-09-24 15:50:41 - bulk_in_finalize ep=0x82
2025-09-24 15:50:42 - Executing Battery test case : To validate tag LBI value 
  
2025-09-24 15:50:48 - tag1skey2
2025-09-24 15:50:58 - {"Device Type": "Tag", "Tag ID": 17686527, "RSSI": "-44.00 dBm", "Monitor ID": 2615964, "CMD": 0, "Status Byte": "00000010", "Button 4": "0", "Button 3": "0", "Button 2": "0", "Button 1": "0", "Motion Flag": "0", "Retry Count": 1, "Reserved": "0", "IR ID": 5, "Version": 107, "Astar ID": 1, "LBI": 3287, "CMD3": "6b0006", "Timestamp": "2025-09-24 10:20:50", "EKEY": 0, "LF Flag": 2}
2025-09-24 15:50:58 - Validation failed with mismatches:
2025-09-24 15:50:58 - Key: LBI, Expected: 3000 ± 100, Actual: 3287
2025-09-24 15:50:58 - {"Device Type": "Tag", "Tag ID": 17686527, "RSSI": "-45.00 dBm", "Monitor ID": 2615964, "CMD": 0, "Status Byte": "00100010", "Button 4": "0", "Button 3": "0", "Button 2": "1", "Button 1": "0", "Motion Flag": "0", "Retry Count": 1, "Reserved": "0", "IR ID": 5, "Version": 107, "Astar ID": 1, "LBI": 3287, "CMD3": "d70c07", "Timestamp": "2025-09-24 10:20:53", "EKEY": 2, "LF Flag": 2}
2025-09-24 15:50:58 - Validation failed with mismatches:
2025-09-24 15:50:58 - Key: LBI, Expected: 3000 ± 100, Actual: 3287
2025-09-24 15:50:58 - Executing Location : To validate Location packet 
 
2025-09-24 15:51:01 - servo1.start
2025-09-24 15:51:08 - servo1.stop
2025-09-24 15:51:09 - Executing Motion : To validate Motion flag 
2025-09-24 15:51:12 - servo1.start
2025-09-24 15:51:19 - close
2025-09-24 15:51:19 - jsdrv_finalize 0000021D7C3E9AA0
2025-09-24 15:51:19 - USB backend finalize
2025-09-24 15:51:19 - JS220 USB upper-level thread done u/js220/003155
2025-09-24 15:51:19 - finalize usb backend
2025-09-24 15:51:19 - winusb backend finalize
2025-09-24 15:51:19 - USB backend_thread done
2025-09-24 15:51:19 - USB device_thread closing u/js220/003155
2025-09-24 15:51:19 - device_close(u/js220/003155)
2025-09-24 15:51:19 - USB device_thread closed u/js220/003155
2025-09-24 16:01:17 - open_ll(opt=0)
2025-09-24 16:01:17 - device_open(u/js220/003155) \\?\usb#vid_16d0&pid_10ba#003155#{e27188c8-98ff-41de-be50-653324c6b19c}
2025-09-24 16:01:17 - open(opt=0)
2025-09-24 16:01:17 - bulk_in_stream_open 130
2025-09-24 16:01:17 - bulk_in_initialize pipe_id=0x82
2025-09-24 16:01:17 - MAXIMUM_TRANSFER_SIZE pipe_id=0x82 bytes=2097152
2025-09-24 16:01:17 - port0 connect rsp
2025-09-24 16:01:17 - JS220 app_id=3, FW=1.3.0, HW=1.0.0, FPGA=1.3.3, protocol=1.0.0
2025-09-24 16:01:17 - open complete
2025-09-24 16:01:17 - on_sampling_frequency(2000000)
2025-09-24 16:01:17 - jsdrv_downsample_alloc signal_n=1, gpi_n=1
2025-09-24 16:01:17 - read(duration=None, contiguous_duration=0.25, out_format=None)
2025-09-24 16:01:17 - received stop callback: pending stop
2025-09-24 16:01:17 - read available range 734164736, 734416736
2025-09-24 16:01:17 - read actual 734166736, 734416736
2025-09-24 16:01:17 - _on_cmd_publish_cbk(u/js220/003155/s/gpi/1/!data)
Traceback (most recent call last):
  File "pyjoulescope_driver/binding.pyx", line 1029, in pyjoulescope_driver.binding._on_cmd_publish_cbk
  File "C:\Users\cheluvagb\PycharmProjects\PythonProject\.venv\Lib\site-packages\joulescope\v1\device.py", line 461, in _on_stream
    if self.stream_buffer.is_duration_max or self.stream_buffer.is_contiguous_duration_max:
       ^^^^^^^^^^^^^^^^^^^^^^^^^^^^^^^^^^
AttributeError: 'NoneType' object has no attribute 'is_duration_max'
2025-09-24 16:01:17 - close
2025-09-24 16:01:17 - device_close(u/js220/003155)
2025-09-24 16:01:17 - bulk_in_finalize ep=0x82
2025-09-24 16:01:18 - Executing Version : To validate tag FW version 
  
2025-09-24 16:01:19 - device_remove_msg(u/js220/003155): \\?\usb#vid_16d0&pid_10ba#003155#{e27188c8-98ff-41de-be50-653324c6b19c}
2025-09-24 16:01:19 - USB device_thread closing u/js220/003155
2025-09-24 16:01:19 - device_close(u/js220/003155)
2025-09-24 16:01:19 - JS220 USB upper-level thread done u/js220/003155
2025-09-24 16:01:19 - USB device_thread closed u/js220/003155
2025-09-24 16:01:19 - API command u/js220/003155/@/!close invoked on jsdrv thread with timeout.  Forcing timeout=0.
2025-09-24 16:01:19 - u/js220/003155/@/!close but device already removed
2025-09-24 16:01:20 - device_add_msg u/js220/003155 : \\?\usb#vid_16d0&pid_10ba#003155#{e27188c8-98ff-41de-be50-653324c6b19c}
2025-09-24 16:01:20 - device add sn=u/js220/003155
2025-09-24 16:01:20 - on_sampling_frequency(2000000)
2025-09-24 16:01:20 - USB device_thread started u/js220/003155
2025-09-24 16:01:20 - JS220 USB upper-level thread started for u/js220/003155
2025-09-24 16:01:21 - tag1skey1
2025-09-24 16:01:31 - {"Device Type": "Tag", "Tag ID": 17686527, "RSSI": "-45.00 dBm", "Monitor ID": 2615964, "CMD": 0, "Status Byte": "00010010", "Button 4": "0", "Button 3": "0", "Button 2": "0", "Button 1": "1", "Motion Flag": "0", "Retry Count": 1, "Reserved": "0", "IR ID": 5, "Version": 107, "Astar ID": 1, "LBI": 3290, "CMD3": "1a0014", "Timestamp": "2025-09-24 10:31:26", "EKEY": 1, "LF Flag": 2}
2025-09-24 16:01:31 - Validation successful!
2025-09-24 16:01:34 - tag1skey3
2025-09-24 16:01:44 - {"Device Type": "Tag", "Tag ID": 17685218, "RSSI": "-63.00 dBm", "Monitor ID": 0, "CMD": 0, "Status Byte": "00000010", "Button 4": "0", "Button 3": "0", "Button 2": "0", "Button 1": "0", "Motion Flag": "0", "Retry Count": 1, "Reserved": "0", "IR ID": 0, "Version": 15, "Astar ID": 1, "LBI": 2593, "CMD3": "0f0006", "Timestamp": "2025-09-24 10:31:38", "EKEY": 0, "LF Flag": 2}
2025-09-24 16:01:44 - Mismatch for 'Tag ID': Expected 17686527, Got 17685218
2025-09-24 16:01:44 - Mismatch for 'Button 3': Expected 1, Got 0
2025-09-24 16:01:44 - Validation failed with mismatches:
2025-09-24 16:01:44 - Key: Tag ID, Expected: 17686527, Actual: 17685218
2025-09-24 16:01:44 - Key: Button 3, Expected: 1, Actual: 0
2025-09-24 16:01:44 - {"Device Type": "Tag", "Tag ID": 17686527, "RSSI": "-46.00 dBm", "Monitor ID": 2615964, "CMD": 0, "Status Byte": "01000010", "Button 4": "0", "Button 3": "1", "Button 2": "0", "Button 1": "0", "Motion Flag": "0", "Retry Count": 1, "Reserved": "0", "IR ID": 5, "Version": 107, "Astar ID": 1, "LBI": 3290, "CMD3": "6b0006", "Timestamp": "2025-09-24 10:31:39", "EKEY": 4, "LF Flag": 2}
2025-09-24 16:01:44 - Validation successful!
2025-09-24 16:01:48 - tag1skey3
2025-09-24 16:01:58 - {"Device Type": "Tag", "Tag ID": 17686527, "RSSI": "-46.00 dBm", "Monitor ID": 2615964, "CMD": 0, "Status Byte": "01000010", "Button 4": "0", "Button 3": "1", "Button 2": "0", "Button 1": "0", "Motion Flag": "0", "Retry Count": 1, "Reserved": "0", "IR ID": 5, "Version": 107, "Astar ID": 1, "LBI": 3290, "CMD3": "da0c07", "Timestamp": "2025-09-24 10:31:53", "EKEY": 4, "LF Flag": 2}
2025-09-24 16:01:58 - Validation successful!
2025-09-24 16:01:58 - open_ll(opt=0)
2025-09-24 16:01:58 - device_open(u/js220/003155) \\?\usb#vid_16d0&pid_10ba#003155#{e27188c8-98ff-41de-be50-653324c6b19c}
2025-09-24 16:01:58 - open(opt=0)
2025-09-24 16:01:58 - bulk_in_stream_open 130
2025-09-24 16:01:58 - bulk_in_initialize pipe_id=0x82
2025-09-24 16:01:58 - MAXIMUM_TRANSFER_SIZE pipe_id=0x82 bytes=2097152
2025-09-24 16:01:58 - port0 connect rsp
2025-09-24 16:01:58 - JS220 app_id=3, FW=1.3.0, HW=1.0.0, FPGA=1.3.3, protocol=1.0.0
2025-09-24 16:01:58 - open complete
2025-09-24 16:01:58 - read(duration=None, contiguous_duration=0.25, out_format=None)
2025-09-24 16:01:59 - received stop callback: pending stop
2025-09-24 16:01:59 - read available range 8745440, 8997440
2025-09-24 16:01:59 - read actual 8747440, 8997440
2025-09-24 16:01:59 - _on_cmd_publish_cbk(u/js220/003155/s/gpi/1/!data)
Traceback (most recent call last):
  File "pyjoulescope_driver/binding.pyx", line 1029, in pyjoulescope_driver.binding._on_cmd_publish_cbk
  File "C:\Users\cheluvagb\PycharmProjects\PythonProject\.venv\Lib\site-packages\joulescope\v1\device.py", line 461, in _on_stream
    if self.stream_buffer.is_duration_max or self.stream_buffer.is_contiguous_duration_max:
       ^^^^^^^^^^^^^^^^^^^^^^^^^^^^^^^^^^
AttributeError: 'NoneType' object has no attribute 'is_duration_max'
2025-09-24 16:01:59 - close
2025-09-24 16:01:59 - device_close(u/js220/003155)
2025-09-24 16:01:59 - bulk_in_finalize ep=0x82
2025-09-24 16:02:01 - device_remove_msg(u/js220/003155): \\?\usb#vid_16d0&pid_10ba#003155#{e27188c8-98ff-41de-be50-653324c6b19c}
2025-09-24 16:02:01 - USB device_thread closing u/js220/003155
2025-09-24 16:02:01 - device_close(u/js220/003155)
2025-09-24 16:02:01 - USB device_thread closed u/js220/003155
2025-09-24 16:02:01 - JS220 USB upper-level thread done u/js220/003155
2025-09-24 16:02:01 - API command u/js220/003155/@/!close invoked on jsdrv thread with timeout.  Forcing timeout=0.
2025-09-24 16:02:01 - u/js220/003155/@/!close but device already removed
2025-09-24 16:02:01 - device_add_msg u/js220/003155 : \\?\usb#vid_16d0&pid_10ba#003155#{e27188c8-98ff-41de-be50-653324c6b19c}
2025-09-24 16:02:01 - device add sn=u/js220/003155
2025-09-24 16:02:01 - on_sampling_frequency(2000000)
2025-09-24 16:02:01 - USB device_thread started u/js220/003155
2025-09-24 16:02:01 - JS220 USB upper-level thread started for u/js220/003155
2025-09-24 16:02:02 - tag1lkey3
2025-09-24 16:02:13 - {"Device Type": "Tag", "Tag ID": 17686527, "RSSI": "-44.00 dBm", "Monitor ID": 2615964, "CMD": 0, "Status Byte": "01000010", "Button 4": "0", "Button 3": "1", "Button 2": "0", "Button 1": "0", "Motion Flag": "0", "Retry Count": 1, "Reserved": "0", "IR ID": 5, "Version": 107, "Astar ID": 1, "LBI": 3290, "CMD3": "1a0014", "Timestamp": "2025-09-24 10:32:08", "EKEY": 4, "LF Flag": 2}
2025-09-24 16:02:13 - Validation successful!
2025-09-24 16:02:13 - open_ll(opt=0)
2025-09-24 16:02:13 - device_open(u/js220/003155) \\?\usb#vid_16d0&pid_10ba#003155#{e27188c8-98ff-41de-be50-653324c6b19c}
2025-09-24 16:02:13 - open(opt=0)
2025-09-24 16:02:13 - bulk_in_stream_open 130
2025-09-24 16:02:13 - bulk_in_initialize pipe_id=0x82
2025-09-24 16:02:13 - MAXIMUM_TRANSFER_SIZE pipe_id=0x82 bytes=2097152
2025-09-24 16:02:13 - port0 connect rsp
2025-09-24 16:02:13 - JS220 app_id=3, FW=1.3.0, HW=1.0.0, FPGA=1.3.3, protocol=1.0.0
2025-09-24 16:02:13 - open complete
2025-09-24 16:02:13 - read(duration=None, contiguous_duration=0.25, out_format=None)
2025-09-24 16:02:14 - received stop callback: pending stop
2025-09-24 16:02:14 - read available range 8749472, 9001472
2025-09-24 16:02:14 - read actual 8751472, 9001472
2025-09-24 16:02:14 - close
2025-09-24 16:02:14 - device_close(u/js220/003155)
2025-09-24 16:02:14 - bulk_in_finalize ep=0x82
2025-09-24 16:02:47 - open_ll(opt=0)
2025-09-24 16:02:47 - device_open(u/js220/003155) \\?\usb#vid_16d0&pid_10ba#003155#{e27188c8-98ff-41de-be50-653324c6b19c}
2025-09-24 16:02:47 - open(opt=0)
2025-09-24 16:02:47 - bulk_in_stream_open 130
2025-09-24 16:02:47 - bulk_in_initialize pipe_id=0x82
2025-09-24 16:02:47 - MAXIMUM_TRANSFER_SIZE pipe_id=0x82 bytes=2097152
2025-09-24 16:02:47 - port0 connect rsp
2025-09-24 16:02:47 - JS220 app_id=3, FW=1.3.0, HW=1.0.0, FPGA=1.3.3, protocol=1.0.0
2025-09-24 16:02:47 - open complete
2025-09-24 16:02:47 - read(duration=None, contiguous_duration=0.25, out_format=None)
2025-09-24 16:02:48 - received stop callback: pending stop
2025-09-24 16:02:48 - read available range 42716048, 42968048
2025-09-24 16:02:48 - read actual 42718048, 42968048
2025-09-24 16:02:48 - close
2025-09-24 16:02:48 - device_close(u/js220/003155)
2025-09-24 16:02:48 - bulk_in_finalize ep=0x82
2025-09-24 16:02:48 - Executing Battery test case : To validate tag LBI value 
  
2025-09-24 16:02:54 - tag1skey2
2025-09-24 16:03:04 - {"Device Type": "Tag", "Tag ID": 17686527, "RSSI": "-45.00 dBm", "Monitor ID": 2615964, "CMD": 0, "Status Byte": "00000010", "Button 4": "0", "Button 3": "0", "Button 2": "0", "Button 1": "0", "Motion Flag": "0", "Retry Count": 1, "Reserved": "0", "IR ID": 5, "Version": 107, "Astar ID": 1, "LBI": 3290, "CMD3": "6b0006", "Timestamp": "2025-09-24 10:32:56", "EKEY": 0, "LF Flag": 2}
2025-09-24 16:03:04 - Validation failed with mismatches:
2025-09-24 16:03:04 - Key: LBI, Expected: 3000 ± 100, Actual: 3290
2025-09-24 16:03:04 - {"Device Type": "Tag", "Tag ID": 17686527, "RSSI": "-45.00 dBm", "Monitor ID": 2615964, "CMD": 0, "Status Byte": "00100010", "Button 4": "0", "Button 3": "0", "Button 2": "1", "Button 1": "0", "Motion Flag": "0", "Retry Count": 1, "Reserved": "0", "IR ID": 5, "Version": 107, "Astar ID": 1, "LBI": 3290, "CMD3": "da0c07", "Timestamp": "2025-09-24 10:32:59", "EKEY": 2, "LF Flag": 2}
2025-09-24 16:03:04 - Validation failed with mismatches:
2025-09-24 16:03:04 - Key: LBI, Expected: 3000 ± 100, Actual: 3290
2025-09-24 16:03:04 - Executing Location : To validate Location packet 
 
2025-09-24 16:03:07 - servo1.start
2025-09-24 16:03:14 - servo1.stop
2025-09-24 16:03:15 - Executing Motion : To validate Motion flag 
2025-09-24 16:03:18 - servo1.start
2025-09-24 16:03:28 - {"Device Type": "Tag", "Tag ID": 17685111, "RSSI": "-53.00 dBm", "Monitor ID": 2615964, "CMD": 0, "Status Byte": "00000010", "Button 4": "0", "Button 3": "0", "Button 2": "0", "Button 1": "0", "Motion Flag": "0", "Retry Count": 1, "Reserved": "0", "IR ID": 5, "Version": 103, "Astar ID": 1, "LBI": 2683, "CMD3": "670006", "Timestamp": "2025-09-24 10:33:23", "EKEY": 0, "LF Flag": 2}
2025-09-24 16:03:28 - Mismatch for 'Tag ID': Expected 17684982, Got 17685111
2025-09-24 16:03:28 - Mismatch for 'Motion Flag': Expected 1, Got 0
2025-09-24 16:03:28 - Validation failed with mismatches:
2025-09-24 16:03:28 - Key: Tag ID, Expected: 17684982, Actual: 17685111
2025-09-24 16:03:28 - Key: Motion Flag, Expected: 1, Actual: 0
2025-09-24 16:03:28 - servo1.stop
2025-09-24 16:03:30 - close
2025-09-24 16:03:30 - jsdrv_finalize 000001A48B2AE110
2025-09-24 16:03:30 - USB backend finalize
2025-09-24 16:03:30 - JS220 USB upper-level thread done u/js220/003155
2025-09-24 16:03:30 - finalize usb backend
2025-09-24 16:03:30 - winusb backend finalize
2025-09-24 16:03:30 - USB backend_thread done
2025-09-24 16:03:30 - USB device_thread closing u/js220/003155
2025-09-24 16:03:30 - device_close(u/js220/003155)
2025-09-24 16:03:30 - USB device_thread closed u/js220/003155
2025-09-24 16:07:24 - open_ll(opt=0)
2025-09-24 16:07:24 - device_open(u/js220/003155) \\?\usb#vid_16d0&pid_10ba#003155#{e27188c8-98ff-41de-be50-653324c6b19c}
2025-09-24 16:07:24 - open(opt=0)
2025-09-24 16:07:24 - bulk_in_stream_open 130
2025-09-24 16:07:24 - bulk_in_initialize pipe_id=0x82
2025-09-24 16:07:24 - MAXIMUM_TRANSFER_SIZE pipe_id=0x82 bytes=2097152
2025-09-24 16:07:24 - port0 connect rsp
2025-09-24 16:07:24 - JS220 app_id=3, FW=1.3.0, HW=1.0.0, FPGA=1.3.3, protocol=1.0.0
2025-09-24 16:07:24 - open complete
2025-09-24 16:07:24 - on_sampling_frequency(2000000)
2025-09-24 16:07:24 - jsdrv_downsample_alloc signal_n=1, gpi_n=1
2025-09-24 16:07:24 - read(duration=None, contiguous_duration=0.25, out_format=None)
2025-09-24 16:07:25 - received stop callback: pending stop
2025-09-24 16:07:25 - read available range 319794080, 320046080
2025-09-24 16:07:25 - read actual 319796080, 320046080
2025-09-24 16:07:25 - close
2025-09-24 16:07:25 - device_close(u/js220/003155)
2025-09-24 16:07:25 - bulk_in_finalize ep=0x82
2025-09-24 16:07:25 - Executing Version : To validate tag FW version 
  
2025-09-24 16:07:28 - tag1skey1
2025-09-24 16:07:38 - {"Device Type": "Tag", "Tag ID": 17686527, "RSSI": "-47.00 dBm", "Monitor ID": 2615964, "CMD": 0, "Status Byte": "00010010", "Button 4": "0", "Button 3": "0", "Button 2": "0", "Button 1": "1", "Motion Flag": "0", "Retry Count": 1, "Reserved": "0", "IR ID": 5, "Version": 107, "Astar ID": 1, "LBI": 3288, "CMD3": "1a0014", "Timestamp": "2025-09-24 10:37:33", "EKEY": 1, "LF Flag": 2}
2025-09-24 16:07:38 - Validation successful!
2025-09-24 16:07:42 - tag1skey3
2025-09-24 16:07:52 - {"Device Type": "Tag", "Tag ID": 17686527, "RSSI": "-48.00 dBm", "Monitor ID": 2615964, "CMD": 0, "Status Byte": "01000010", "Button 4": "0", "Button 3": "1", "Button 2": "0", "Button 1": "0", "Motion Flag": "0", "Retry Count": 1, "Reserved": "0", "IR ID": 5, "Version": 107, "Astar ID": 1, "LBI": 3288, "CMD3": "6b0006", "Timestamp": "2025-09-24 10:37:47", "EKEY": 4, "LF Flag": 2}
2025-09-24 16:07:52 - Validation successful!
2025-09-24 16:07:55 - tag1skey3
2025-09-24 16:08:07 - {"Device Type": "Tag", "Tag ID": 17686527, "RSSI": "-47.00 dBm", "Monitor ID": 2615964, "CMD": 0, "Status Byte": "01000010", "Button 4": "0", "Button 3": "1", "Button 2": "0", "Button 1": "0", "Motion Flag": "0", "Retry Count": 1, "Reserved": "0", "IR ID": 5, "Version": 107, "Astar ID": 1, "LBI": 3288, "CMD3": "d80c07", "Timestamp": "2025-09-24 10:38:02", "EKEY": 4, "LF Flag": 2}
2025-09-24 16:08:07 - Validation successful!
2025-09-24 16:08:07 - open_ll(opt=0)
2025-09-24 16:08:07 - device_open(u/js220/003155) \\?\usb#vid_16d0&pid_10ba#003155#{e27188c8-98ff-41de-be50-653324c6b19c}
2025-09-24 16:08:07 - open(opt=0)
2025-09-24 16:08:07 - bulk_in_stream_open 130
2025-09-24 16:08:07 - bulk_in_initialize pipe_id=0x82
2025-09-24 16:08:07 - MAXIMUM_TRANSFER_SIZE pipe_id=0x82 bytes=2097152
2025-09-24 16:08:07 - port0 connect rsp
2025-09-24 16:08:07 - JS220 app_id=3, FW=1.3.0, HW=1.0.0, FPGA=1.3.3, protocol=1.0.0
2025-09-24 16:08:07 - open complete
2025-09-24 16:08:07 - read(duration=None, contiguous_duration=0.25, out_format=None)
2025-09-24 16:08:07 - received stop callback: pending stop
2025-09-24 16:08:07 - read available range 362295392, 362547392
2025-09-24 16:08:07 - read actual 362297392, 362547392
2025-09-24 16:08:07 - close
2025-09-24 16:08:07 - device_close(u/js220/003155)
2025-09-24 16:08:07 - bulk_in_finalize ep=0x82
2025-09-24 16:08:11 - tag1lkey3
2025-09-24 16:08:20 - {"Device Type": "Tag", "Tag ID": 17686527, "RSSI": "-47.00 dBm", "Monitor ID": 2615964, "CMD": 0, "Status Byte": "01000010", "Button 4": "0", "Button 3": "1", "Button 2": "0", "Button 1": "0", "Motion Flag": "0", "Retry Count": 1, "Reserved": "0", "IR ID": 5, "Version": 107, "Astar ID": 1, "LBI": 3288, "CMD3": "1a0014", "Timestamp": "2025-09-24 10:38:15", "EKEY": 4, "LF Flag": 2}
2025-09-24 16:08:20 - Validation successful!
2025-09-24 16:08:20 - open_ll(opt=0)
2025-09-24 16:08:20 - device_open(u/js220/003155) \\?\usb#vid_16d0&pid_10ba#003155#{e27188c8-98ff-41de-be50-653324c6b19c}
2025-09-24 16:08:20 - open(opt=0)
2025-09-24 16:08:20 - bulk_in_stream_open 130
2025-09-24 16:08:20 - bulk_in_initialize pipe_id=0x82
2025-09-24 16:08:20 - MAXIMUM_TRANSFER_SIZE pipe_id=0x82 bytes=2097152
2025-09-24 16:08:20 - port0 connect rsp
2025-09-24 16:08:20 - JS220 app_id=3, FW=1.3.0, HW=1.0.0, FPGA=1.3.3, protocol=1.0.0
2025-09-24 16:08:20 - open complete
2025-09-24 16:08:21 - read(duration=None, contiguous_duration=0.25, out_format=None)
2025-09-24 16:08:21 - received stop callback: pending stop
2025-09-24 16:08:21 - read available range 376054592, 376306592
2025-09-24 16:08:21 - read actual 376056592, 376306592
2025-09-24 16:08:21 - close
2025-09-24 16:08:21 - device_close(u/js220/003155)
2025-09-24 16:08:21 - bulk_in_finalize ep=0x82
2025-09-24 16:08:54 - open_ll(opt=0)
2025-09-24 16:08:54 - device_open(u/js220/003155) \\?\usb#vid_16d0&pid_10ba#003155#{e27188c8-98ff-41de-be50-653324c6b19c}
2025-09-24 16:08:54 - open(opt=0)
2025-09-24 16:08:54 - bulk_in_stream_open 130
2025-09-24 16:08:54 - bulk_in_initialize pipe_id=0x82
2025-09-24 16:08:54 - MAXIMUM_TRANSFER_SIZE pipe_id=0x82 bytes=2097152
2025-09-24 16:08:54 - port0 connect rsp
2025-09-24 16:08:54 - JS220 app_id=3, FW=1.3.0, HW=1.0.0, FPGA=1.3.3, protocol=1.0.0
2025-09-24 16:08:54 - open complete
2025-09-24 16:08:54 - read(duration=None, contiguous_duration=0.25, out_format=None)
2025-09-24 16:08:55 - received stop callback: pending stop
2025-09-24 16:08:55 - read available range 409992944, 410244944
2025-09-24 16:08:55 - read actual 409994944, 410244944
2025-09-24 16:08:55 - close
2025-09-24 16:08:55 - device_close(u/js220/003155)
2025-09-24 16:08:55 - bulk_in_finalize ep=0x82
2025-09-24 16:08:55 - Executing Battery test case : To validate tag LBI value 
  
2025-09-24 16:09:01 - tag1skey2
2025-09-24 16:09:11 - {"Device Type": "Tag", "Tag ID": 17686527, "RSSI": "-48.00 dBm", "Monitor ID": 2615964, "CMD": 0, "Status Byte": "00000010", "Button 4": "0", "Button 3": "0", "Button 2": "0", "Button 1": "0", "Motion Flag": "0", "Retry Count": 1, "Reserved": "0", "IR ID": 5, "Version": 107, "Astar ID": 1, "LBI": 3288, "CMD3": "6b0006", "Timestamp": "2025-09-24 10:39:03", "EKEY": 0, "LF Flag": 2}
2025-09-24 16:09:11 - Validation successful!
2025-09-24 16:09:12 - Executing Location : To validate Location packet 
 
2025-09-24 16:09:15 - servo1.start
2025-09-24 16:09:21 - servo1.stop
2025-09-24 16:09:23 - Executing Motion : To validate Motion flag 
2025-09-24 16:09:26 - servo1.start
2025-09-24 16:09:32 - servo1.stop
2025-09-24 16:09:34 - close
2025-09-24 16:09:34 - jsdrv_finalize 000001C08FCB4890
2025-09-24 16:09:34 - USB backend finalize
2025-09-24 16:09:34 - JS220 USB upper-level thread done u/js220/003155
2025-09-24 16:09:34 - finalize usb backend
2025-09-24 16:09:34 - winusb backend finalize
2025-09-24 16:09:34 - USB backend_thread done
2025-09-24 16:09:34 - USB device_thread closing u/js220/003155
2025-09-24 16:09:34 - device_close(u/js220/003155)
2025-09-24 16:09:34 - USB device_thread closed u/js220/003155
2025-09-24 17:13:13 - open_ll(opt=0)
2025-09-24 17:13:13 - device_open(u/js220/003155) \\?\usb#vid_16d0&pid_10ba#003155#{e27188c8-98ff-41de-be50-653324c6b19c}
2025-09-24 17:13:13 - open(opt=0)
2025-09-24 17:13:13 - bulk_in_stream_open 130
2025-09-24 17:13:13 - bulk_in_initialize pipe_id=0x82
2025-09-24 17:13:13 - MAXIMUM_TRANSFER_SIZE pipe_id=0x82 bytes=2097152
2025-09-24 17:13:13 - port0 connect rsp
2025-09-24 17:13:13 - JS220 app_id=3, FW=1.3.0, HW=1.0.0, FPGA=1.3.3, protocol=1.0.0
2025-09-24 17:13:13 - open complete
2025-09-24 17:13:13 - on_sampling_frequency(2000000)
2025-09-24 17:13:13 - jsdrv_downsample_alloc signal_n=1, gpi_n=1
2025-09-24 17:13:14 - read(duration=None, contiguous_duration=0.25, out_format=None)
2025-09-24 17:13:14 - received stop callback: pending stop
2025-09-24 17:13:14 - read available range 4269152192, 4269404192
2025-09-24 17:13:14 - read actual 4269154192, 4269404192
2025-09-24 17:13:14 - close
2025-09-24 17:13:14 - device_close(u/js220/003155)
2025-09-24 17:13:14 - bulk_in_finalize ep=0x82
2025-09-24 17:13:15 - Executing Version : To validate tag FW version 
  
2025-09-24 17:13:18 - tag1skey1
2025-09-24 17:13:28 - {"Device Type": "Tag", "Tag ID": 17686527, "RSSI": "-49.00 dBm", "Monitor ID": 2615964, "CMD": 0, "Status Byte": "00010010", "Button 4": "0", "Button 3": "0", "Button 2": "0", "Button 1": "1", "Motion Flag": "0", "Retry Count": 1, "Reserved": "0", "IR ID": 5, "Version": 107, "Astar ID": 1, "LBI": 3289, "CMD3": "1a0014", "Timestamp": "2025-09-24 11:43:23", "EKEY": 1, "LF Flag": 2}
2025-09-24 17:13:28 - Validation successful!
2025-09-24 17:13:31 - tag1skey3
2025-09-24 17:13:42 - {"Device Type": "Tag", "Tag ID": 17686527, "RSSI": "-50.00 dBm", "Monitor ID": 2615964, "CMD": 0, "Status Byte": "01000010", "Button 4": "0", "Button 3": "1", "Button 2": "0", "Button 1": "0", "Motion Flag": "0", "Retry Count": 1, "Reserved": "0", "IR ID": 5, "Version": 107, "Astar ID": 1, "LBI": 3289, "CMD3": "6b0006", "Timestamp": "2025-09-24 11:43:38", "EKEY": 4, "LF Flag": 2}
2025-09-24 17:13:42 - Validation successful!
2025-09-24 17:13:46 - tag1skey3
2025-09-24 17:13:56 - {"Device Type": "Tag", "Tag ID": 17686527, "RSSI": "-50.00 dBm", "Monitor ID": 2615964, "CMD": 0, "Status Byte": "01000010", "Button 4": "0", "Button 3": "1", "Button 2": "0", "Button 1": "0", "Motion Flag": "0", "Retry Count": 1, "Reserved": "0", "IR ID": 5, "Version": 107, "Astar ID": 1, "LBI": 3289, "CMD3": "d90c07", "Timestamp": "2025-09-24 11:43:51", "EKEY": 4, "LF Flag": 2}
2025-09-24 17:13:56 - Validation successful!
2025-09-24 17:13:56 - open_ll(opt=0)
2025-09-24 17:13:56 - device_open(u/js220/003155) \\?\usb#vid_16d0&pid_10ba#003155#{e27188c8-98ff-41de-be50-653324c6b19c}
2025-09-24 17:13:56 - open(opt=0)
2025-09-24 17:13:56 - bulk_in_stream_open 130
2025-09-24 17:13:56 - bulk_in_initialize pipe_id=0x82
2025-09-24 17:13:56 - MAXIMUM_TRANSFER_SIZE pipe_id=0x82 bytes=2097152
2025-09-24 17:13:56 - port0 connect rsp
2025-09-24 17:13:56 - JS220 app_id=3, FW=1.3.0, HW=1.0.0, FPGA=1.3.3, protocol=1.0.0
2025-09-24 17:13:56 - open complete
2025-09-24 17:13:57 - read(duration=None, contiguous_duration=0.25, out_format=None)
2025-09-24 17:13:57 - received stop callback: pending stop
2025-09-24 17:13:57 - read available range 4312158512, 4312410512
2025-09-24 17:13:57 - read actual 4312160512, 4312410512
2025-09-24 17:13:57 - _on_cmd_publish_cbk(u/js220/003155/s/gpi/1/!data)
Traceback (most recent call last):
  File "pyjoulescope_driver/binding.pyx", line 1029, in pyjoulescope_driver.binding._on_cmd_publish_cbk
  File "C:\Users\cheluvagb\PycharmProjects\PythonProject\.venv\Lib\site-packages\joulescope\v1\device.py", line 461, in _on_stream
    if self.stream_buffer.is_duration_max or self.stream_buffer.is_contiguous_duration_max:
       ^^^^^^^^^^^^^^^^^^^^^^^^^^^^^^^^^^
AttributeError: 'NoneType' object has no attribute 'is_duration_max'
2025-09-24 17:13:57 - close
2025-09-24 17:13:57 - device_close(u/js220/003155)
2025-09-24 17:13:57 - bulk_in_finalize ep=0x82
2025-09-24 17:13:59 - device_remove_msg(u/js220/003155): \\?\usb#vid_16d0&pid_10ba#003155#{e27188c8-98ff-41de-be50-653324c6b19c}
2025-09-24 17:13:59 - USB device_thread closing u/js220/003155
2025-09-24 17:13:59 - device_close(u/js220/003155)
2025-09-24 17:13:59 - USB device_thread closed u/js220/003155
2025-09-24 17:13:59 - JS220 USB upper-level thread done u/js220/003155
2025-09-24 17:13:59 - API command u/js220/003155/@/!close invoked on jsdrv thread with timeout.  Forcing timeout=0.
2025-09-24 17:13:59 - u/js220/003155/@/!close but device already removed
2025-09-24 17:14:00 - device_add_msg u/js220/003155 : \\?\usb#vid_16d0&pid_10ba#003155#{e27188c8-98ff-41de-be50-653324c6b19c}
2025-09-24 17:14:00 - device add sn=u/js220/003155
2025-09-24 17:14:00 - on_sampling_frequency(2000000)
2025-09-24 17:14:00 - USB device_thread started u/js220/003155
2025-09-24 17:14:00 - JS220 USB upper-level thread started for u/js220/003155
2025-09-24 17:14:01 - tag1lkey3
2025-09-24 17:14:11 - {"Device Type": "Tag", "Tag ID": 17686527, "RSSI": "-50.00 dBm", "Monitor ID": 2615964, "CMD": 0, "Status Byte": "01000010", "Button 4": "0", "Button 3": "1", "Button 2": "0", "Button 1": "0", "Motion Flag": "0", "Retry Count": 1, "Reserved": "0", "IR ID": 5, "Version": 107, "Astar ID": 1, "LBI": 3289, "CMD3": "1a0014", "Timestamp": "2025-09-24 11:44:06", "EKEY": 4, "LF Flag": 2}
2025-09-24 17:14:11 - Validation successful!
2025-09-24 17:14:11 - open_ll(opt=0)
2025-09-24 17:14:11 - device_open(u/js220/003155) \\?\usb#vid_16d0&pid_10ba#003155#{e27188c8-98ff-41de-be50-653324c6b19c}
2025-09-24 17:14:11 - open(opt=0)
2025-09-24 17:14:11 - bulk_in_stream_open 130
2025-09-24 17:14:11 - bulk_in_initialize pipe_id=0x82
2025-09-24 17:14:11 - MAXIMUM_TRANSFER_SIZE pipe_id=0x82 bytes=2097152
2025-09-24 17:14:12 - port0 connect rsp
2025-09-24 17:14:12 - JS220 app_id=3, FW=1.3.0, HW=1.0.0, FPGA=1.3.3, protocol=1.0.0
2025-09-24 17:14:12 - open complete
2025-09-24 17:14:12 - read(duration=None, contiguous_duration=0.25, out_format=None)
2025-09-24 17:14:12 - received stop callback: pending stop
2025-09-24 17:14:12 - read available range 8697056, 8949056
2025-09-24 17:14:12 - read actual 8699056, 8949056
2025-09-24 17:14:12 - close
2025-09-24 17:14:12 - device_close(u/js220/003155)
2025-09-24 17:14:12 - bulk_in_finalize ep=0x82
2025-09-24 17:14:46 - open_ll(opt=0)
2025-09-24 17:14:46 - device_open(u/js220/003155) \\?\usb#vid_16d0&pid_10ba#003155#{e27188c8-98ff-41de-be50-653324c6b19c}
2025-09-24 17:14:46 - open(opt=0)
2025-09-24 17:14:46 - bulk_in_stream_open 130
2025-09-24 17:14:46 - bulk_in_initialize pipe_id=0x82
2025-09-24 17:14:46 - MAXIMUM_TRANSFER_SIZE pipe_id=0x82 bytes=2097152
2025-09-24 17:14:46 - port0 connect rsp
2025-09-24 17:14:46 - JS220 app_id=3, FW=1.3.0, HW=1.0.0, FPGA=1.3.3, protocol=1.0.0
2025-09-24 17:14:46 - open complete
2025-09-24 17:14:46 - read(duration=None, contiguous_duration=0.25, out_format=None)
2025-09-24 17:14:46 - received stop callback: pending stop
2025-09-24 17:14:46 - read available range 42654560, 42906560
2025-09-24 17:14:46 - read actual 42656560, 42906560
2025-09-24 17:14:46 - _on_cmd_publish_cbk(u/js220/003155/s/gpi/1/!data)
Traceback (most recent call last):
  File "pyjoulescope_driver/binding.pyx", line 1029, in pyjoulescope_driver.binding._on_cmd_publish_cbk
  File "C:\Users\cheluvagb\PycharmProjects\PythonProject\.venv\Lib\site-packages\joulescope\v1\device.py", line 461, in _on_stream
    if self.stream_buffer.is_duration_max or self.stream_buffer.is_contiguous_duration_max:
       ^^^^^^^^^^^^^^^^^^^^^^^^^^^^^^^^^^
AttributeError: 'NoneType' object has no attribute 'is_duration_max'
2025-09-24 17:14:46 - close
2025-09-24 17:14:46 - device_close(u/js220/003155)
2025-09-24 17:14:46 - bulk_in_finalize ep=0x82
2025-09-24 17:14:47 - Executing Battery test case : To validate tag LBI value 
  
2025-09-24 17:14:49 - device_remove_msg(u/js220/003155): \\?\usb#vid_16d0&pid_10ba#003155#{e27188c8-98ff-41de-be50-653324c6b19c}
2025-09-24 17:14:49 - USB device_thread closing u/js220/003155
2025-09-24 17:14:49 - device_close(u/js220/003155)
2025-09-24 17:14:49 - USB device_thread closed u/js220/003155
2025-09-24 17:14:49 - JS220 USB upper-level thread done u/js220/003155
2025-09-24 17:14:49 - API command u/js220/003155/@/!close invoked on jsdrv thread with timeout.  Forcing timeout=0.
2025-09-24 17:14:49 - u/js220/003155/@/!close but device already removed
2025-09-24 17:14:49 - device_add_msg u/js220/003155 : \\?\usb#vid_16d0&pid_10ba#003155#{e27188c8-98ff-41de-be50-653324c6b19c}
2025-09-24 17:14:49 - device add sn=u/js220/003155
2025-09-24 17:14:49 - on_sampling_frequency(2000000)
2025-09-24 17:14:49 - USB device_thread started u/js220/003155
2025-09-24 17:14:49 - JS220 USB upper-level thread started for u/js220/003155
2025-09-24 17:14:53 - tag1skey2
2025-09-24 17:15:02 - {"Device Type": "Tag", "Tag ID": 17686527, "RSSI": "-49.00 dBm", "Monitor ID": 2615964, "CMD": 0, "Status Byte": "00000010", "Button 4": "0", "Button 3": "0", "Button 2": "0", "Button 1": "0", "Motion Flag": "0", "Retry Count": 1, "Reserved": "0", "IR ID": 5, "Version": 107, "Astar ID": 1, "LBI": 3289, "CMD3": "6b0006", "Timestamp": "2025-09-24 11:44:54", "EKEY": 0, "LF Flag": 2}
2025-09-24 17:15:02 - Validation successful!
2025-09-24 17:15:03 - Executing Location : To validate Location packet 
 
2025-09-24 17:15:06 - servo1.start
2025-09-24 17:15:12 - servo1.stop
2025-09-24 17:15:14 - Executing Motion : To validate Motion flag 
2025-09-24 17:15:17 - servo1.start
2025-09-24 17:15:23 - servo1.stop
2025-09-24 17:15:25 - close
2025-09-24 17:15:25 - jsdrv_finalize 0000024BAAA757D0
2025-09-24 17:15:25 - USB backend finalize
2025-09-24 17:15:25 - JS220 USB upper-level thread done u/js220/003155
2025-09-24 17:15:25 - finalize usb backend
2025-09-24 17:15:25 - winusb backend finalize
2025-09-24 17:15:25 - USB backend_thread done
2025-09-24 17:15:25 - USB device_thread closing u/js220/003155
2025-09-24 17:15:25 - device_close(u/js220/003155)
2025-09-24 17:15:25 - USB device_thread closed u/js220/003155
2025-09-24 17:20:06 - open_ll(opt=0)
2025-09-24 17:20:06 - device_open(u/js220/003155) \\?\usb#vid_16d0&pid_10ba#003155#{e27188c8-98ff-41de-be50-653324c6b19c}
2025-09-24 17:20:06 - open(opt=0)
2025-09-24 17:20:06 - bulk_in_stream_open 130
2025-09-24 17:20:06 - bulk_in_initialize pipe_id=0x82
2025-09-24 17:20:06 - MAXIMUM_TRANSFER_SIZE pipe_id=0x82 bytes=2097152
2025-09-24 17:20:06 - port0 connect rsp
2025-09-24 17:20:06 - JS220 app_id=3, FW=1.3.0, HW=1.0.0, FPGA=1.3.3, protocol=1.0.0
2025-09-24 17:20:06 - open complete
2025-09-24 17:20:06 - on_sampling_frequency(2000000)
2025-09-24 17:20:06 - jsdrv_downsample_alloc signal_n=1, gpi_n=1
2025-09-24 17:20:06 - read(duration=None, contiguous_duration=0.25, out_format=None)
2025-09-24 17:20:07 - received stop callback: pending stop
2025-09-24 17:20:07 - read available range 8881520, 9133520
2025-09-24 17:20:07 - read actual 8883520, 9133520
2025-09-24 17:20:07 - close
2025-09-24 17:20:07 - device_close(u/js220/003155)
2025-09-24 17:20:07 - bulk_in_finalize ep=0x82
2025-09-24 17:20:07 - Executing Version : To validate tag FW version 
  
2025-09-24 17:20:10 - tag1skey1
2025-09-24 17:20:17 - {"Device Type": "Tag", "Tag ID": 17686527, "RSSI": "-48.00 dBm", "Monitor ID": 2615964, "CMD": 0, "Status Byte": "00010010", "Button 4": "0", "Button 3": "0", "Button 2": "0", "Button 1": "1", "Motion Flag": "0", "Retry Count": 1, "Reserved": "0", "IR ID": 5, "Version": 107, "Astar ID": 1, "LBI": 3289, "CMD3": "1a0014", "Timestamp": "2025-09-24 11:50:15", "EKEY": 1, "LF Flag": 2}
2025-09-24 17:20:17 - Validation successful!
2025-09-24 17:20:21 - tag1skey3
2025-09-24 17:20:27 - {"Device Type": "Tag", "Tag ID": 17686527, "RSSI": "-48.00 dBm", "Monitor ID": 2615964, "CMD": 0, "Status Byte": "01000010", "Button 4": "0", "Button 3": "1", "Button 2": "0", "Button 1": "0", "Motion Flag": "0", "Retry Count": 1, "Reserved": "0", "IR ID": 5, "Version": 107, "Astar ID": 1, "LBI": 3289, "CMD3": "6b0006", "Timestamp": "2025-09-24 11:50:26", "EKEY": 4, "LF Flag": 2}
2025-09-24 17:20:27 - Validation successful!
2025-09-24 17:20:31 - tag1skey3
2025-09-24 17:20:37 - open_ll(opt=0)
2025-09-24 17:20:37 - device_open(u/js220/003155) \\?\usb#vid_16d0&pid_10ba#003155#{e27188c8-98ff-41de-be50-653324c6b19c}
2025-09-24 17:20:37 - open(opt=0)
2025-09-24 17:20:37 - bulk_in_stream_open 130
2025-09-24 17:20:37 - bulk_in_initialize pipe_id=0x82
2025-09-24 17:20:37 - MAXIMUM_TRANSFER_SIZE pipe_id=0x82 bytes=2097152
2025-09-24 17:20:37 - port0 connect rsp
2025-09-24 17:20:37 - JS220 app_id=3, FW=1.3.0, HW=1.0.0, FPGA=1.3.3, protocol=1.0.0
2025-09-24 17:20:37 - open complete
2025-09-24 17:20:37 - read(duration=None, contiguous_duration=0.25, out_format=None)
2025-09-24 17:20:38 - received stop callback: pending stop
2025-09-24 17:20:38 - read available range 39887600, 40139600
2025-09-24 17:20:38 - read actual 39889600, 40139600
2025-09-24 17:20:38 - _on_cmd_publish_cbk(u/js220/003155/s/gpi/1/!data)
Traceback (most recent call last):
  File "pyjoulescope_driver/binding.pyx", line 1029, in pyjoulescope_driver.binding._on_cmd_publish_cbk
  File "C:\Users\cheluvagb\PycharmProjects\PythonProject\.venv\Lib\site-packages\joulescope\v1\device.py", line 461, in _on_stream
    if self.stream_buffer.is_duration_max or self.stream_buffer.is_contiguous_duration_max:
       ^^^^^^^^^^^^^^^^^^^^^^^^^^^^^^^^^^
AttributeError: 'NoneType' object has no attribute 'is_duration_max'
2025-09-24 17:20:38 - close
2025-09-24 17:20:38 - device_close(u/js220/003155)
2025-09-24 17:20:38 - bulk_in_finalize ep=0x82
2025-09-24 17:20:41 - device_remove_msg(u/js220/003155): \\?\usb#vid_16d0&pid_10ba#003155#{e27188c8-98ff-41de-be50-653324c6b19c}
2025-09-24 17:20:41 - USB device_thread closing u/js220/003155
2025-09-24 17:20:41 - device_close(u/js220/003155)
2025-09-24 17:20:41 - USB device_thread closed u/js220/003155
2025-09-24 17:20:41 - JS220 USB upper-level thread done u/js220/003155
2025-09-24 17:20:41 - API command u/js220/003155/@/!close invoked on jsdrv thread with timeout.  Forcing timeout=0.
2025-09-24 17:20:41 - u/js220/003155/@/!close but device already removed
2025-09-24 17:20:41 - device_add_msg u/js220/003155 : \\?\usb#vid_16d0&pid_10ba#003155#{e27188c8-98ff-41de-be50-653324c6b19c}
2025-09-24 17:20:41 - device add sn=u/js220/003155
2025-09-24 17:20:41 - on_sampling_frequency(2000000)
2025-09-24 17:20:41 - USB device_thread started u/js220/003155
2025-09-24 17:20:41 - JS220 USB upper-level thread started for u/js220/003155
2025-09-24 17:20:41 - tag1lkey3
2025-09-24 17:20:51 - {"Device Type": "Tag", "Tag ID": 17686527, "RSSI": "-50.00 dBm", "Monitor ID": 2615964, "CMD": 0, "Status Byte": "01000010", "Button 4": "0", "Button 3": "1", "Button 2": "0", "Button 1": "0", "Motion Flag": "0", "Retry Count": 1, "Reserved": "0", "IR ID": 5, "Version": 107, "Astar ID": 1, "LBI": 3289, "CMD3": "1a0014", "Timestamp": "2025-09-24 11:50:47", "EKEY": 4, "LF Flag": 2}
2025-09-24 17:20:51 - Validation successful!
2025-09-24 17:20:51 - open_ll(opt=0)
2025-09-24 17:20:51 - device_open(u/js220/003155) \\?\usb#vid_16d0&pid_10ba#003155#{e27188c8-98ff-41de-be50-653324c6b19c}
2025-09-24 17:20:51 - open(opt=0)
2025-09-24 17:20:51 - bulk_in_stream_open 130
2025-09-24 17:20:51 - bulk_in_initialize pipe_id=0x82
2025-09-24 17:20:51 - MAXIMUM_TRANSFER_SIZE pipe_id=0x82 bytes=2097152
2025-09-24 17:20:52 - port0 connect rsp
2025-09-24 17:20:52 - JS220 app_id=3, FW=1.3.0, HW=1.0.0, FPGA=1.3.3, protocol=1.0.0
2025-09-24 17:20:52 - open complete
2025-09-24 17:20:52 - read(duration=None, contiguous_duration=0.25, out_format=None)
2025-09-24 17:20:52 - received stop callback: pending stop
2025-09-24 17:20:52 - read available range 8744432, 8996432
2025-09-24 17:20:52 - read actual 8746432, 8996432
2025-09-24 17:20:52 - close
2025-09-24 17:20:52 - device_close(u/js220/003155)
2025-09-24 17:20:52 - bulk_in_finalize ep=0x82
2025-09-24 17:21:25 - open_ll(opt=0)
2025-09-24 17:21:25 - device_open(u/js220/003155) \\?\usb#vid_16d0&pid_10ba#003155#{e27188c8-98ff-41de-be50-653324c6b19c}
2025-09-24 17:21:25 - open(opt=0)
2025-09-24 17:21:25 - bulk_in_stream_open 130
2025-09-24 17:21:25 - bulk_in_initialize pipe_id=0x82
2025-09-24 17:21:25 - MAXIMUM_TRANSFER_SIZE pipe_id=0x82 bytes=2097152
2025-09-24 17:21:25 - port0 connect rsp
2025-09-24 17:21:25 - JS220 app_id=3, FW=1.3.0, HW=1.0.0, FPGA=1.3.3, protocol=1.0.0
2025-09-24 17:21:25 - open complete
2025-09-24 17:21:26 - read(duration=None, contiguous_duration=0.25, out_format=None)
2025-09-24 17:21:26 - received stop callback: pending stop
2025-09-24 17:21:26 - read available range 42552752, 42804752
2025-09-24 17:21:26 - read actual 42554752, 42804752
2025-09-24 17:21:26 - close
2025-09-24 17:21:26 - device_close(u/js220/003155)
2025-09-24 17:21:26 - bulk_in_finalize ep=0x82
2025-09-24 17:21:26 - Executing Battery test case : To validate tag LBI value 
  
2025-09-24 17:21:32 - tag1skey2
2025-09-24 17:21:43 - {"Device Type": "Tag", "Tag ID": 17686527, "RSSI": "-49.00 dBm", "Monitor ID": 2615964, "CMD": 0, "Status Byte": "00000010", "Button 4": "0", "Button 3": "0", "Button 2": "0", "Button 1": "0", "Motion Flag": "0", "Retry Count": 1, "Reserved": "0", "IR ID": 5, "Version": 107, "Astar ID": 1, "LBI": 3289, "CMD3": "6b0006", "Timestamp": "2025-09-24 11:51:35", "EKEY": 0, "LF Flag": 2}
2025-09-24 17:21:43 - Validation successful!
2025-09-24 17:21:43 - Executing Location : To validate Location packet 
 
2025-09-24 17:21:46 - servo1.start
2025-09-24 17:21:53 - servo1.stop
2025-09-24 17:21:54 - Executing Motion : To validate Motion flag 
2025-09-24 17:21:57 - servo1.start
2025-09-24 17:22:04 - servo1.stop
2025-09-24 17:22:05 - close
2025-09-24 17:22:05 - jsdrv_finalize 000001FB8313DD20
2025-09-24 17:22:05 - USB backend finalize
2025-09-24 17:22:05 - JS220 USB upper-level thread done u/js220/003155
2025-09-24 17:22:05 - finalize usb backend
2025-09-24 17:22:05 - winusb backend finalize
2025-09-24 17:22:05 - USB backend_thread done
2025-09-24 17:22:05 - USB device_thread closing u/js220/003155
2025-09-24 17:22:05 - device_close(u/js220/003155)
2025-09-24 17:22:05 - USB device_thread closed u/js220/003155
2025-09-24 17:25:01 - open_ll(opt=0)
2025-09-24 17:25:01 - device_open(u/js220/003155) \\?\usb#vid_16d0&pid_10ba#003155#{e27188c8-98ff-41de-be50-653324c6b19c}
2025-09-24 17:25:01 - open(opt=0)
2025-09-24 17:25:01 - bulk_in_stream_open 130
2025-09-24 17:25:01 - bulk_in_initialize pipe_id=0x82
2025-09-24 17:25:01 - MAXIMUM_TRANSFER_SIZE pipe_id=0x82 bytes=2097152
2025-09-24 17:25:01 - port0 connect rsp
2025-09-24 17:25:01 - JS220 app_id=3, FW=1.3.0, HW=1.0.0, FPGA=1.3.3, protocol=1.0.0
2025-09-24 17:25:01 - open complete
2025-09-24 17:25:01 - on_sampling_frequency(2000000)
2025-09-24 17:25:01 - jsdrv_downsample_alloc signal_n=1, gpi_n=1
2025-09-24 17:25:02 - read(duration=None, contiguous_duration=0.25, out_format=None)
2025-09-24 17:25:02 - received stop callback: pending stop
2025-09-24 17:25:02 - read available range 258488528, 258740528
2025-09-24 17:25:02 - read actual 258490528, 258740528
2025-09-24 17:25:02 - _on_cmd_publish_cbk(u/js220/003155/s/gpi/1/!data)
Traceback (most recent call last):
  File "pyjoulescope_driver/binding.pyx", line 1029, in pyjoulescope_driver.binding._on_cmd_publish_cbk
  File "C:\Users\cheluvagb\PycharmProjects\PythonProject\.venv\Lib\site-packages\joulescope\v1\device.py", line 461, in _on_stream
    if self.stream_buffer.is_duration_max or self.stream_buffer.is_contiguous_duration_max:
       ^^^^^^^^^^^^^^^^^^^^^^^^^^^^^^^^^^
AttributeError: 'NoneType' object has no attribute 'is_duration_max'
2025-09-24 17:25:02 - close
2025-09-24 17:25:02 - device_close(u/js220/003155)
2025-09-24 17:25:02 - bulk_in_finalize ep=0x82
2025-09-24 17:25:02 - Executing Version : To validate tag FW version 
  
2025-09-24 17:25:04 - device_remove_msg(u/js220/003155): \\?\usb#vid_16d0&pid_10ba#003155#{e27188c8-98ff-41de-be50-653324c6b19c}
2025-09-24 17:25:04 - USB device_thread closing u/js220/003155
2025-09-24 17:25:04 - device_close(u/js220/003155)
2025-09-24 17:25:04 - JS220 USB upper-level thread done u/js220/003155
2025-09-24 17:25:04 - USB device_thread closed u/js220/003155
2025-09-24 17:25:04 - API command u/js220/003155/@/!close invoked on jsdrv thread with timeout.  Forcing timeout=0.
2025-09-24 17:25:04 - u/js220/003155/@/!close but device already removed
2025-09-24 17:25:04 - device_add_msg u/js220/003155 : \\?\usb#vid_16d0&pid_10ba#003155#{e27188c8-98ff-41de-be50-653324c6b19c}
2025-09-24 17:25:04 - device add sn=u/js220/003155
2025-09-24 17:25:04 - on_sampling_frequency(2000000)
2025-09-24 17:25:04 - USB device_thread started u/js220/003155
2025-09-24 17:25:04 - JS220 USB upper-level thread started for u/js220/003155
2025-09-24 17:25:05 - tag1skey1
2025-09-24 17:25:16 - {"Device Type": "Tag", "Tag ID": 17686527, "RSSI": "-50.00 dBm", "Monitor ID": 2615964, "CMD": 0, "Status Byte": "00010010", "Button 4": "0", "Button 3": "0", "Button 2": "0", "Button 1": "1", "Motion Flag": "0", "Retry Count": 1, "Reserved": "0", "IR ID": 5, "Version": 107, "Astar ID": 1, "LBI": 3289, "CMD3": "1a0014", "Timestamp": "2025-09-24 11:55:11", "EKEY": 1, "LF Flag": 2}
2025-09-24 17:25:16 - Validation successful!
2025-09-24 17:25:19 - tag1skey3
2025-09-24 17:25:31 - {"Device Type": "Tag", "Tag ID": 17686527, "RSSI": "-50.00 dBm", "Monitor ID": 2615964, "CMD": 0, "Status Byte": "01000010", "Button 4": "0", "Button 3": "1", "Button 2": "0", "Button 1": "0", "Motion Flag": "0", "Retry Count": 1, "Reserved": "0", "IR ID": 5, "Version": 107, "Astar ID": 1, "LBI": 3289, "CMD3": "6b0006", "Timestamp": "2025-09-24 11:55:26", "EKEY": 4, "LF Flag": 2}
2025-09-24 17:25:31 - Validation successful!
2025-09-24 17:25:34 - tag1skey3
2025-09-24 17:25:44 - {"Device Type": "Tag", "Tag ID": 17686527, "RSSI": "-51.00 dBm", "Monitor ID": 2615964, "CMD": 0, "Status Byte": "01000010", "Button 4": "0", "Button 3": "1", "Button 2": "0", "Button 1": "0", "Motion Flag": "0", "Retry Count": 1, "Reserved": "0", "IR ID": 5, "Version": 107, "Astar ID": 1, "LBI": 3289, "CMD3": "d90c07", "Timestamp": "2025-09-24 11:55:39", "EKEY": 4, "LF Flag": 2}
2025-09-24 17:25:44 - Validation successful!
2025-09-24 17:25:44 - open_ll(opt=0)
2025-09-24 17:25:44 - device_open(u/js220/003155) \\?\usb#vid_16d0&pid_10ba#003155#{e27188c8-98ff-41de-be50-653324c6b19c}
2025-09-24 17:25:44 - open(opt=0)
2025-09-24 17:25:44 - bulk_in_stream_open 130
2025-09-24 17:25:44 - bulk_in_initialize pipe_id=0x82
2025-09-24 17:25:44 - MAXIMUM_TRANSFER_SIZE pipe_id=0x82 bytes=2097152
2025-09-24 17:25:45 - port0 connect rsp
2025-09-24 17:25:45 - JS220 app_id=3, FW=1.3.0, HW=1.0.0, FPGA=1.3.3, protocol=1.0.0
2025-09-24 17:25:45 - open complete
2025-09-24 17:25:45 - read(duration=None, contiguous_duration=0.25, out_format=None)
2025-09-24 17:25:45 - received stop callback: pending stop
2025-09-24 17:25:45 - read available range 8724272, 8976272
2025-09-24 17:25:45 - read actual 8726272, 8976272
2025-09-24 17:25:45 - close
2025-09-24 17:25:45 - device_close(u/js220/003155)
2025-09-24 17:25:45 - bulk_in_finalize ep=0x82
2025-09-24 17:25:48 - tag1lkey3
2025-09-24 17:25:59 - {"Device Type": "Tag", "Tag ID": 17686527, "RSSI": "-51.00 dBm", "Monitor ID": 2615964, "CMD": 0, "Status Byte": "01000010", "Button 4": "0", "Button 3": "1", "Button 2": "0", "Button 1": "0", "Motion Flag": "0", "Retry Count": 1, "Reserved": "0", "IR ID": 5, "Version": 107, "Astar ID": 1, "LBI": 3289, "CMD3": "1a0014", "Timestamp": "2025-09-24 11:55:54", "EKEY": 4, "LF Flag": 2}
2025-09-24 17:25:59 - Validation successful!
2025-09-24 17:25:59 - open_ll(opt=0)
2025-09-24 17:25:59 - device_open(u/js220/003155) \\?\usb#vid_16d0&pid_10ba#003155#{e27188c8-98ff-41de-be50-653324c6b19c}
2025-09-24 17:25:59 - open(opt=0)
2025-09-24 17:25:59 - bulk_in_stream_open 130
2025-09-24 17:25:59 - bulk_in_initialize pipe_id=0x82
2025-09-24 17:25:59 - MAXIMUM_TRANSFER_SIZE pipe_id=0x82 bytes=2097152
2025-09-24 17:25:59 - port0 connect rsp
2025-09-24 17:25:59 - JS220 app_id=3, FW=1.3.0, HW=1.0.0, FPGA=1.3.3, protocol=1.0.0
2025-09-24 17:25:59 - open complete
2025-09-24 17:26:00 - read(duration=None, contiguous_duration=0.25, out_format=None)
2025-09-24 17:26:00 - received stop callback: pending stop
2025-09-24 17:26:00 - read available range 23502560, 23754560
2025-09-24 17:26:00 - read actual 23504560, 23754560
2025-09-24 17:26:00 - close
2025-09-24 17:26:00 - device_close(u/js220/003155)
2025-09-24 17:26:00 - bulk_in_finalize ep=0x82
2025-09-24 17:26:33 - open_ll(opt=0)
2025-09-24 17:26:33 - device_open(u/js220/003155) \\?\usb#vid_16d0&pid_10ba#003155#{e27188c8-98ff-41de-be50-653324c6b19c}
2025-09-24 17:26:33 - open(opt=0)
2025-09-24 17:26:33 - bulk_in_stream_open 130
2025-09-24 17:26:33 - bulk_in_initialize pipe_id=0x82
2025-09-24 17:26:33 - MAXIMUM_TRANSFER_SIZE pipe_id=0x82 bytes=2097152
2025-09-24 17:26:33 - port0 connect rsp
2025-09-24 17:26:33 - JS220 app_id=3, FW=1.3.0, HW=1.0.0, FPGA=1.3.3, protocol=1.0.0
2025-09-24 17:26:33 - open complete
2025-09-24 17:26:33 - read(duration=None, contiguous_duration=0.25, out_format=None)
2025-09-24 17:26:34 - received stop callback: pending stop
2025-09-24 17:26:34 - read available range 57420752, 57672752
2025-09-24 17:26:34 - read actual 57422752, 57672752
2025-09-24 17:26:34 - close
2025-09-24 17:26:34 - device_close(u/js220/003155)
2025-09-24 17:26:34 - bulk_in_finalize ep=0x82
2025-09-24 17:26:34 - Executing Battery test case : To validate tag LBI value 
  
2025-09-24 17:26:40 - tag1skey2
2025-09-24 17:26:50 - {"Device Type": "Tag", "Tag ID": 17686527, "RSSI": "-50.00 dBm", "Monitor ID": 2615964, "CMD": 0, "Status Byte": "00000010", "Button 4": "0", "Button 3": "0", "Button 2": "0", "Button 1": "0", "Motion Flag": "0", "Retry Count": 1, "Reserved": "0", "IR ID": 5, "Version": 107, "Astar ID": 1, "LBI": 3289, "CMD3": "6b0006", "Timestamp": "2025-09-24 11:56:42", "EKEY": 0, "LF Flag": 2}
2025-09-24 17:26:50 - Validation successful!
2025-09-24 17:26:51 - Executing Location : To validate Location packet 
 
2025-09-24 17:26:54 - servo1.start
2025-09-24 17:27:00 - servo1.stop
2025-09-24 17:27:01 - Executing Motion : To validate Motion flag 
2025-09-24 17:27:04 - servo1.start
2025-09-24 17:27:11 - servo1.stop
2025-09-24 17:27:13 - close
2025-09-24 17:27:13 - jsdrv_finalize 000001942DE8D260
2025-09-24 17:27:13 - USB backend finalize
2025-09-24 17:27:13 - JS220 USB upper-level thread done u/js220/003155
2025-09-24 17:27:13 - finalize usb backend
2025-09-24 17:27:13 - winusb backend finalize
2025-09-24 17:27:13 - USB backend_thread done
2025-09-24 17:27:13 - USB device_thread closing u/js220/003155
2025-09-24 17:27:13 - device_close(u/js220/003155)
2025-09-24 17:27:13 - USB device_thread closed u/js220/003155
2025-09-24 17:31:20 - open_ll(opt=0)
2025-09-24 17:31:20 - device_open(u/js220/003155) \\?\usb#vid_16d0&pid_10ba#003155#{e27188c8-98ff-41de-be50-653324c6b19c}
2025-09-24 17:31:20 - open(opt=0)
2025-09-24 17:31:20 - bulk_in_stream_open 130
2025-09-24 17:31:20 - bulk_in_initialize pipe_id=0x82
2025-09-24 17:31:20 - MAXIMUM_TRANSFER_SIZE pipe_id=0x82 bytes=2097152
2025-09-24 17:31:20 - port0 connect rsp
2025-09-24 17:31:20 - JS220 app_id=3, FW=1.3.0, HW=1.0.0, FPGA=1.3.3, protocol=1.0.0
2025-09-24 17:31:20 - open complete
2025-09-24 17:31:20 - on_sampling_frequency(2000000)
2025-09-24 17:31:20 - jsdrv_downsample_alloc signal_n=1, gpi_n=1
2025-09-24 17:31:20 - read(duration=None, contiguous_duration=0.25, out_format=None)
2025-09-24 17:31:21 - received stop callback: pending stop
2025-09-24 17:31:21 - read available range 344325776, 344577776
2025-09-24 17:31:21 - read actual 344327776, 344577776
2025-09-24 17:31:21 - _on_cmd_publish_cbk(u/js220/003155/s/gpi/1/!data)
Traceback (most recent call last):
  File "pyjoulescope_driver/binding.pyx", line 1029, in pyjoulescope_driver.binding._on_cmd_publish_cbk
  File "C:\Users\cheluvagb\PycharmProjects\PythonProject\.venv\Lib\site-packages\joulescope\v1\device.py", line 461, in _on_stream
    if self.stream_buffer.is_duration_max or self.stream_buffer.is_contiguous_duration_max:
       ^^^^^^^^^^^^^^^^^^^^^^^^^^^^^^^^^^
AttributeError: 'NoneType' object has no attribute 'is_duration_max'
2025-09-24 17:31:21 - close
2025-09-24 17:31:21 - device_close(u/js220/003155)
2025-09-24 17:31:21 - bulk_in_finalize ep=0x82
2025-09-24 17:31:21 - Executing Version : To validate tag FW version 
  
2025-09-24 17:31:23 - device_remove_msg(u/js220/003155): \\?\usb#vid_16d0&pid_10ba#003155#{e27188c8-98ff-41de-be50-653324c6b19c}
2025-09-24 17:31:23 - USB device_thread closing u/js220/003155
2025-09-24 17:31:23 - device_close(u/js220/003155)
2025-09-24 17:31:23 - USB device_thread closed u/js220/003155
2025-09-24 17:31:23 - JS220 USB upper-level thread done u/js220/003155
2025-09-24 17:31:23 - API command u/js220/003155/@/!close invoked on jsdrv thread with timeout.  Forcing timeout=0.
2025-09-24 17:31:23 - u/js220/003155/@/!close but device already removed
2025-09-24 17:31:24 - device_add_msg u/js220/003155 : \\?\usb#vid_16d0&pid_10ba#003155#{e27188c8-98ff-41de-be50-653324c6b19c}
2025-09-24 17:31:24 - device add sn=u/js220/003155
2025-09-24 17:31:24 - on_sampling_frequency(2000000)
2025-09-24 17:31:24 - USB device_thread started u/js220/003155
2025-09-24 17:31:24 - JS220 USB upper-level thread started for u/js220/003155
2025-09-24 17:31:24 - tag1skey1
2025-09-24 17:31:34 - {"Device Type": "Tag", "Tag ID": 17686527, "RSSI": "-51.00 dBm", "Monitor ID": 2615964, "CMD": 0, "Status Byte": "00010010", "Button 4": "0", "Button 3": "0", "Button 2": "0", "Button 1": "1", "Motion Flag": "0", "Retry Count": 1, "Reserved": "0", "IR ID": 5, "Version": 107, "Astar ID": 1, "LBI": 3289, "CMD3": "1a0014", "Timestamp": "2025-09-24 12:01:29", "EKEY": 1, "LF Flag": 2}
2025-09-24 17:31:34 - Validation successful!
2025-09-24 17:31:37 - tag1skey3
2025-09-24 17:31:47 - {"Device Type": "Tag", "Tag ID": 17686527, "RSSI": "-51.00 dBm", "Monitor ID": 2615964, "CMD": 0, "Status Byte": "01000010", "Button 4": "0", "Button 3": "1", "Button 2": "0", "Button 1": "0", "Motion Flag": "0", "Retry Count": 1, "Reserved": "0", "IR ID": 5, "Version": 107, "Astar ID": 1, "LBI": 3289, "CMD3": "6b0006", "Timestamp": "2025-09-24 12:01:42", "EKEY": 4, "LF Flag": 2}
2025-09-24 17:31:47 - Validation successful!
2025-09-24 17:31:51 - tag1skey3
2025-09-24 17:32:01 - {"Device Type": "Tag", "Tag ID": 17686527, "RSSI": "-50.00 dBm", "Monitor ID": 2615964, "CMD": 0, "Status Byte": "01000010", "Button 4": "0", "Button 3": "1", "Button 2": "0", "Button 1": "0", "Motion Flag": "0", "Retry Count": 1, "Reserved": "0", "IR ID": 5, "Version": 107, "Astar ID": 1, "LBI": 3289, "CMD3": "d90c07", "Timestamp": "2025-09-24 12:01:56", "EKEY": 4, "LF Flag": 2}
2025-09-24 17:32:01 - Validation successful!
2025-09-24 17:32:01 - open_ll(opt=0)
2025-09-24 17:32:01 - device_open(u/js220/003155) \\?\usb#vid_16d0&pid_10ba#003155#{e27188c8-98ff-41de-be50-653324c6b19c}
2025-09-24 17:32:01 - open(opt=0)
2025-09-24 17:32:01 - bulk_in_stream_open 130
2025-09-24 17:32:01 - bulk_in_initialize pipe_id=0x82
2025-09-24 17:32:01 - MAXIMUM_TRANSFER_SIZE pipe_id=0x82 bytes=2097152
2025-09-24 17:32:01 - port0 connect rsp
2025-09-24 17:32:01 - JS220 app_id=3, FW=1.3.0, HW=1.0.0, FPGA=1.3.3, protocol=1.0.0
2025-09-24 17:32:01 - open complete
2025-09-24 17:32:01 - read(duration=None, contiguous_duration=0.25, out_format=None)
2025-09-24 17:32:02 - received stop callback: pending stop
2025-09-24 17:32:02 - read available range 8680928, 8932928
2025-09-24 17:32:02 - read actual 8682928, 8932928
2025-09-24 17:32:02 - close
2025-09-24 17:32:02 - device_close(u/js220/003155)
2025-09-24 17:32:02 - bulk_in_finalize ep=0x82
2025-09-24 17:32:05 - tag1lkey3
2025-09-24 17:32:16 - {"Device Type": "Tag", "Tag ID": 17686527, "RSSI": "-51.00 dBm", "Monitor ID": 2615964, "CMD": 0, "Status Byte": "01000010", "Button 4": "0", "Button 3": "1", "Button 2": "0", "Button 1": "0", "Motion Flag": "0", "Retry Count": 1, "Reserved": "0", "IR ID": 5, "Version": 107, "Astar ID": 1, "LBI": 3289, "CMD3": "1a0014", "Timestamp": "2025-09-24 12:02:11", "EKEY": 4, "LF Flag": 2}
2025-09-24 17:32:16 - Validation successful!
2025-09-24 17:32:16 - open_ll(opt=0)
2025-09-24 17:32:16 - device_open(u/js220/003155) \\?\usb#vid_16d0&pid_10ba#003155#{e27188c8-98ff-41de-be50-653324c6b19c}
2025-09-24 17:32:16 - open(opt=0)
2025-09-24 17:32:16 - bulk_in_stream_open 130
2025-09-24 17:32:16 - bulk_in_initialize pipe_id=0x82
2025-09-24 17:32:16 - MAXIMUM_TRANSFER_SIZE pipe_id=0x82 bytes=2097152
2025-09-24 17:32:16 - port0 connect rsp
2025-09-24 17:32:16 - JS220 app_id=3, FW=1.3.0, HW=1.0.0, FPGA=1.3.3, protocol=1.0.0
2025-09-24 17:32:16 - open complete
2025-09-24 17:32:16 - read(duration=None, contiguous_duration=0.25, out_format=None)
2025-09-24 17:32:17 - received stop callback: pending stop
2025-09-24 17:32:17 - read available range 23611424, 23863424
2025-09-24 17:32:17 - read actual 23613424, 23863424
2025-09-24 17:32:17 - close
2025-09-24 17:32:17 - device_close(u/js220/003155)
2025-09-24 17:32:17 - bulk_in_finalize ep=0x82
2025-09-24 17:32:50 - open_ll(opt=0)
2025-09-24 17:32:50 - device_open(u/js220/003155) \\?\usb#vid_16d0&pid_10ba#003155#{e27188c8-98ff-41de-be50-653324c6b19c}
2025-09-24 17:32:50 - open(opt=0)
2025-09-24 17:32:50 - bulk_in_stream_open 130
2025-09-24 17:32:50 - bulk_in_initialize pipe_id=0x82
2025-09-24 17:32:50 - MAXIMUM_TRANSFER_SIZE pipe_id=0x82 bytes=2097152
2025-09-24 17:32:50 - port0 connect rsp
2025-09-24 17:32:50 - JS220 app_id=3, FW=1.3.0, HW=1.0.0, FPGA=1.3.3, protocol=1.0.0
2025-09-24 17:32:50 - open complete
2025-09-24 17:32:50 - read(duration=None, contiguous_duration=0.25, out_format=None)
2025-09-24 17:32:50 - received stop callback: pending stop
2025-09-24 17:32:50 - read available range 57532640, 57784640
2025-09-24 17:32:50 - read actual 57534640, 57784640
2025-09-24 17:32:50 - _on_cmd_publish_cbk(u/js220/003155/s/gpi/1/!data)
Traceback (most recent call last):
  File "pyjoulescope_driver/binding.pyx", line 1029, in pyjoulescope_driver.binding._on_cmd_publish_cbk
  File "C:\Users\cheluvagb\PycharmProjects\PythonProject\.venv\Lib\site-packages\joulescope\v1\device.py", line 461, in _on_stream
    if self.stream_buffer.is_duration_max or self.stream_buffer.is_contiguous_duration_max:
       ^^^^^^^^^^^^^^^^^^^^^^^^^^^^^^^^^^
AttributeError: 'NoneType' object has no attribute 'is_duration_max'
2025-09-24 17:32:51 - close
2025-09-24 17:32:51 - device_close(u/js220/003155)
2025-09-24 17:32:51 - bulk_in_finalize ep=0x82
2025-09-24 17:32:51 - Executing Battery test case : To validate tag LBI value 
  
2025-09-24 17:32:53 - device_remove_msg(u/js220/003155): \\?\usb#vid_16d0&pid_10ba#003155#{e27188c8-98ff-41de-be50-653324c6b19c}
2025-09-24 17:32:53 - USB device_thread closing u/js220/003155
2025-09-24 17:32:53 - device_close(u/js220/003155)
2025-09-24 17:32:53 - USB device_thread closed u/js220/003155
2025-09-24 17:32:53 - JS220 USB upper-level thread done u/js220/003155
2025-09-24 17:32:53 - API command u/js220/003155/@/!close invoked on jsdrv thread with timeout.  Forcing timeout=0.
2025-09-24 17:32:53 - u/js220/003155/@/!close but device already removed
2025-09-24 17:32:53 - device_add_msg u/js220/003155 : \\?\usb#vid_16d0&pid_10ba#003155#{e27188c8-98ff-41de-be50-653324c6b19c}
2025-09-24 17:32:53 - device add sn=u/js220/003155
2025-09-24 17:32:53 - on_sampling_frequency(2000000)
2025-09-24 17:32:53 - USB device_thread started u/js220/003155
2025-09-24 17:32:53 - JS220 USB upper-level thread started for u/js220/003155
2025-09-24 17:32:57 - tag1skey2
2025-09-24 17:33:07 - {"Device Type": "Tag", "Tag ID": 17686527, "RSSI": "-51.00 dBm", "Monitor ID": 2615964, "CMD": 0, "Status Byte": "00000010", "Button 4": "0", "Button 3": "0", "Button 2": "0", "Button 1": "0", "Motion Flag": "0", "Retry Count": 1, "Reserved": "0", "IR ID": 5, "Version": 107, "Astar ID": 1, "LBI": 3289, "CMD3": "6b0006", "Timestamp": "2025-09-24 12:02:59", "EKEY": 0, "LF Flag": 2}
2025-09-24 17:33:07 - Validation successful!
2025-09-24 17:33:07 - Executing Location : To validate Location packet 
 
2025-09-24 17:33:10 - servo1.start
2025-09-24 17:33:16 - servo1.stop
2025-09-24 17:33:18 - Executing Motion : To validate Motion flag 
2025-09-24 17:33:21 - servo1.start
2025-09-24 17:33:27 - servo1.stop
2025-09-24 17:33:29 - close
2025-09-24 17:33:29 - jsdrv_finalize 0000027CC5237610
2025-09-24 17:33:29 - USB backend finalize
2025-09-24 17:33:29 - JS220 USB upper-level thread done u/js220/003155
2025-09-24 17:33:29 - finalize usb backend
2025-09-24 17:33:29 - winusb backend finalize
2025-09-24 17:33:29 - USB backend_thread done
2025-09-24 17:33:29 - USB device_thread closing u/js220/003155
2025-09-24 17:33:29 - device_close(u/js220/003155)
2025-09-24 17:33:29 - USB device_thread closed u/js220/003155
2025-09-24 17:43:22 - open_ll(opt=0)
2025-09-24 17:43:22 - device_open(u/js220/003155) \\?\usb#vid_16d0&pid_10ba#003155#{e27188c8-98ff-41de-be50-653324c6b19c}
2025-09-24 17:43:22 - open(opt=0)
2025-09-24 17:43:22 - bulk_in_stream_open 130
2025-09-24 17:43:22 - bulk_in_initialize pipe_id=0x82
2025-09-24 17:43:22 - MAXIMUM_TRANSFER_SIZE pipe_id=0x82 bytes=2097152
2025-09-24 17:43:22 - port0 connect rsp
2025-09-24 17:43:22 - JS220 app_id=3, FW=1.3.0, HW=1.0.0, FPGA=1.3.3, protocol=1.0.0
2025-09-24 17:43:22 - open complete
2025-09-24 17:43:22 - on_sampling_frequency(2000000)
2025-09-24 17:43:22 - jsdrv_downsample_alloc signal_n=1, gpi_n=1
2025-09-24 17:43:22 - read(duration=None, contiguous_duration=0.25, out_format=None)
2025-09-24 17:43:23 - received stop callback: pending stop
2025-09-24 17:43:23 - read available range 8851280, 9103280
2025-09-24 17:43:23 - read actual 8853280, 9103280
2025-09-24 17:43:23 - close
2025-09-24 17:43:23 - device_close(u/js220/003155)
2025-09-24 17:43:23 - bulk_in_finalize ep=0x82
2025-09-24 17:43:23 - Executing Version : To validate tag FW version 
  
2025-09-24 17:43:26 - tag1skey1
2025-09-24 17:43:37 - {"Device Type": "Tag", "Tag ID": 17686527, "RSSI": "-50.00 dBm", "Monitor ID": 2615964, "CMD": 0, "Status Byte": "00010010", "Button 4": "0", "Button 3": "0", "Button 2": "0", "Button 1": "1", "Motion Flag": "0", "Retry Count": 1, "Reserved": "0", "IR ID": 5, "Version": 107, "Astar ID": 1, "LBI": 3288, "CMD3": "6b0006", "Timestamp": "2025-09-24 12:13:32", "EKEY": 1, "LF Flag": 2}
2025-09-24 17:43:37 - Validation successful!
2025-09-24 17:43:40 - tag1skey3
2025-09-24 17:43:50 - {"Device Type": "Tag", "Tag ID": 17685218, "RSSI": "-63.00 dBm", "Monitor ID": 0, "CMD": 0, "Status Byte": "00000010", "Button 4": "0", "Button 3": "0", "Button 2": "0", "Button 1": "0", "Motion Flag": "0", "Retry Count": 1, "Reserved": "0", "IR ID": 0, "Version": 15, "Astar ID": 1, "LBI": 2593, "CMD3": "130014", "Timestamp": "2025-09-24 12:13:45", "EKEY": 0, "LF Flag": 2}
2025-09-24 17:43:50 - Mismatch for 'Tag ID': Expected 17686527, Got 17685218
2025-09-24 17:43:50 - Mismatch for 'Button 3': Expected 1, Got 0
2025-09-24 17:43:50 - Validation failed with mismatches:
2025-09-24 17:43:50 - Key: Tag ID, Expected: 17686527, Actual: 17685218
2025-09-24 17:43:50 - Key: Button 3, Expected: 1, Actual: 0
2025-09-24 17:43:50 - {"Device Type": "Tag", "Tag ID": 232448513, "RSSI": "-71.50 dBm", "Monitor ID": 32, "CMD": 0, "Status Byte": "00000000", "Button 4": "0", "Button 3": "0", "Button 2": "0", "Button 1": "0", "Motion Flag": "0", "Retry Count": 0, "Reserved": "0", "IR ID": 4, "Version": 0, "Astar ID": 271, "LBI": 8448, "CMD3": "0a1300", "Timestamp": "2082-08-23 09:40:36", "EKEY": 104, "LF Flag": 0}
2025-09-24 17:43:50 - Mismatch for 'Tag ID': Expected 17686527, Got 232448513
2025-09-24 17:43:50 - Mismatch for 'Button 3': Expected 1, Got 0
2025-09-24 17:43:50 - Validation failed with mismatches:
2025-09-24 17:43:50 - Key: Tag ID, Expected: 17686527, Actual: 232448513
2025-09-24 17:43:50 - Key: Button 3, Expected: 1, Actual: 0
2025-09-24 17:43:50 - {"Device Type": "Monitor", "Tag ID": 268370177, "RSSI": "-94.50 dBm", "Monitor ID": 10237965, "CMD": 234, "Status Byte": "00100111", "Button 4": "0", "Button 3": "0", "Button 2": "1", "Button 1": "0", "Motion Flag": "0", "Retry Count": 3, "Reserved": "1", "IR ID": 16896, "Version": 5, "Astar ID": 27392, "LBI": 1, "CMD3": "d80cd8", "Timestamp": "2089-05-04 06:54:04", "EKEY": 211, "LF Flag": 104}
2025-09-24 17:43:50 - Mismatch for 'Tag ID': Expected 17686527, Got 268370177
2025-09-24 17:43:50 - Mismatch for 'Button 3': Expected 1, Got 0
2025-09-24 17:43:50 - Mismatch for 'Button 2': Expected 0, Got 1
2025-09-24 17:43:50 - Validation failed with mismatches:
2025-09-24 17:43:50 - Key: Tag ID, Expected: 17686527, Actual: 268370177
2025-09-24 17:43:50 - Key: Button 3, Expected: 1, Actual: 0
2025-09-24 17:43:50 - Key: Button 2, Expected: 0, Actual: 1
2025-09-24 17:43:50 - {"Device Type": "Monitor", "Tag ID": 33620738, "RSSI": "-93.00 dBm", "Monitor ID": 1052122, "CMD": 0, "Status Byte": "00000000", "Button 4": "0", "Button 3": "0", "Button 2": "0", "Button 1": "0", "Motion Flag": "0", "Retry Count": 0, "Reserved": "0", "IR ID": 0, "Version": 6, "Astar ID": 0, "LBI": 271, "CMD3": "00210a", "Timestamp": "2034-05-16 00:57:55", "EKEY": 224, "LF Flag": 211}
2025-09-24 17:43:50 - Mismatch for 'Tag ID': Expected 17686527, Got 33620738
2025-09-24 17:43:50 - Mismatch for 'Button 3': Expected 1, Got 0
2025-09-24 17:43:50 - Validation failed with mismatches:
2025-09-24 17:43:50 - Key: Tag ID, Expected: 17686527, Actual: 33620738
2025-09-24 17:43:50 - Key: Button 3, Expected: 1, Actual: 0
2025-09-24 17:43:54 - tag1skey3
2025-09-24 17:44:00 - open_ll(opt=0)
2025-09-24 17:44:00 - device_open(u/js220/003155) \\?\usb#vid_16d0&pid_10ba#003155#{e27188c8-98ff-41de-be50-653324c6b19c}
2025-09-24 17:44:00 - open(opt=0)
2025-09-24 17:44:00 - bulk_in_stream_open 130
2025-09-24 17:44:00 - bulk_in_initialize pipe_id=0x82
2025-09-24 17:44:00 - MAXIMUM_TRANSFER_SIZE pipe_id=0x82 bytes=2097152
2025-09-24 17:44:00 - port0 connect rsp
2025-09-24 17:44:00 - JS220 app_id=3, FW=1.3.0, HW=1.0.0, FPGA=1.3.3, protocol=1.0.0
2025-09-24 17:44:00 - open complete
2025-09-24 17:44:01 - read(duration=None, contiguous_duration=0.25, out_format=None)
2025-09-24 17:44:01 - received stop callback: pending stop
2025-09-24 17:44:01 - read available range 47150240, 47402240
2025-09-24 17:44:01 - read actual 47152240, 47402240
2025-09-24 17:44:01 - close
2025-09-24 17:44:01 - device_close(u/js220/003155)
2025-09-24 17:44:01 - bulk_in_finalize ep=0x82
2025-09-24 17:44:04 - tag1lkey3
2025-09-24 17:44:14 - {"Device Type": "Tag", "Tag ID": 17685218, "RSSI": "-70.00 dBm", "Monitor ID": 0, "CMD": 0, "Status Byte": "00000010", "Button 4": "0", "Button 3": "0", "Button 2": "0", "Button 1": "0", "Motion Flag": "0", "Retry Count": 1, "Reserved": "0", "IR ID": 0, "Version": 15, "Astar ID": 1, "LBI": 2593, "CMD3": "0f0006", "Timestamp": "2025-09-24 12:14:09", "EKEY": 0, "LF Flag": 2}
2025-09-24 17:44:14 - Mismatch for 'Tag ID': Expected 17686527, Got 17685218
2025-09-24 17:44:14 - Mismatch for 'Button 3': Expected 1, Got 0
2025-09-24 17:44:14 - Validation failed with mismatches:
2025-09-24 17:44:14 - Key: Tag ID, Expected: 17686527, Actual: 17685218
2025-09-24 17:44:14 - Key: Button 3, Expected: 1, Actual: 0
2025-09-24 17:44:14 - open_ll(opt=0)
2025-09-24 17:44:14 - device_open(u/js220/003155) \\?\usb#vid_16d0&pid_10ba#003155#{e27188c8-98ff-41de-be50-653324c6b19c}
2025-09-24 17:44:14 - open(opt=0)
2025-09-24 17:44:14 - bulk_in_stream_open 130
2025-09-24 17:44:14 - bulk_in_initialize pipe_id=0x82
2025-09-24 17:44:14 - MAXIMUM_TRANSFER_SIZE pipe_id=0x82 bytes=2097152
2025-09-24 17:44:14 - port0 connect rsp
2025-09-24 17:44:14 - JS220 app_id=3, FW=1.3.0, HW=1.0.0, FPGA=1.3.3, protocol=1.0.0
2025-09-24 17:44:14 - open complete
2025-09-24 17:44:15 - read(duration=None, contiguous_duration=0.25, out_format=None)
2025-09-24 17:44:15 - received stop callback: pending stop
2025-09-24 17:44:15 - read available range 61251152, 61503152
2025-09-24 17:44:15 - read actual 61253152, 61503152
2025-09-24 17:44:15 - close
2025-09-24 17:44:15 - device_close(u/js220/003155)
2025-09-24 17:44:15 - bulk_in_finalize ep=0x82
2025-09-24 17:44:48 - open_ll(opt=0)
2025-09-24 17:44:48 - device_open(u/js220/003155) \\?\usb#vid_16d0&pid_10ba#003155#{e27188c8-98ff-41de-be50-653324c6b19c}
2025-09-24 17:44:48 - open(opt=0)
2025-09-24 17:44:48 - bulk_in_stream_open 130
2025-09-24 17:44:48 - bulk_in_initialize pipe_id=0x82
2025-09-24 17:44:48 - MAXIMUM_TRANSFER_SIZE pipe_id=0x82 bytes=2097152
2025-09-24 17:44:48 - port0 connect rsp
2025-09-24 17:44:48 - JS220 app_id=3, FW=1.3.0, HW=1.0.0, FPGA=1.3.3, protocol=1.0.0
2025-09-24 17:44:48 - open complete
2025-09-24 17:44:49 - read(duration=None, contiguous_duration=0.25, out_format=None)
2025-09-24 17:44:49 - received stop callback: pending stop
2025-09-24 17:44:49 - read available range 95269136, 95521136
2025-09-24 17:44:49 - read actual 95271136, 95521136
2025-09-24 17:44:49 - close
2025-09-24 17:44:49 - device_close(u/js220/003155)
2025-09-24 17:44:49 - bulk_in_finalize ep=0x82
2025-09-24 17:44:50 - Executing Battery test case : To validate tag LBI value 
  
2025-09-24 17:44:56 - tag1skey2
2025-09-24 17:45:07 - {"Device Type": "Tag", "Tag ID": 17686527, "RSSI": "-50.00 dBm", "Monitor ID": 2615964, "CMD": 0, "Status Byte": "00100010", "Button 4": "0", "Button 3": "0", "Button 2": "1", "Button 1": "0", "Motion Flag": "0", "Retry Count": 1, "Reserved": "0", "IR ID": 5, "Version": 107, "Astar ID": 1, "LBI": 3288, "CMD3": "490036", "Timestamp": "2025-09-24 12:15:02", "EKEY": 2, "LF Flag": 2}
2025-09-24 17:45:07 - Validation successful!
2025-09-24 17:45:07 - Executing Location : To validate Location packet 
 
2025-09-24 17:45:10 - servo1.start
2025-09-24 17:45:16 - servo1.stop
2025-09-24 17:45:18 - Executing Motion : To validate Motion flag 
2025-09-24 17:45:21 - servo1.start
2025-09-24 17:45:27 - servo1.stop
2025-09-24 17:45:29 - close
2025-09-24 17:45:29 - jsdrv_finalize 000001EA73696CA0
2025-09-24 17:45:29 - USB backend finalize
2025-09-24 17:45:29 - JS220 USB upper-level thread done u/js220/003155
2025-09-24 17:45:29 - finalize usb backend
2025-09-24 17:45:29 - winusb backend finalize
2025-09-24 17:45:29 - USB backend_thread done
2025-09-24 17:45:29 - USB device_thread closing u/js220/003155
2025-09-24 17:45:29 - device_close(u/js220/003155)
2025-09-24 17:45:29 - USB device_thread closed u/js220/003155
2025-09-24 17:50:02 - open_ll(opt=0)
2025-09-24 17:50:02 - device_open(u/js220/003155) \\?\usb#vid_16d0&pid_10ba#003155#{e27188c8-98ff-41de-be50-653324c6b19c}
2025-09-24 17:50:02 - open(opt=0)
2025-09-24 17:50:02 - bulk_in_stream_open 130
2025-09-24 17:50:02 - bulk_in_initialize pipe_id=0x82
2025-09-24 17:50:02 - MAXIMUM_TRANSFER_SIZE pipe_id=0x82 bytes=2097152
2025-09-24 17:50:02 - port0 connect rsp
2025-09-24 17:50:02 - JS220 app_id=3, FW=1.3.0, HW=1.0.0, FPGA=1.3.3, protocol=1.0.0
2025-09-24 17:50:02 - open complete
2025-09-24 17:50:02 - on_sampling_frequency(2000000)
2025-09-24 17:50:02 - jsdrv_downsample_alloc signal_n=1, gpi_n=1
2025-09-24 17:50:02 - read(duration=None, contiguous_duration=0.25, out_format=None)
2025-09-24 17:50:03 - received stop callback: pending stop
2025-09-24 17:50:03 - read available range 409018208, 409270208
2025-09-24 17:50:03 - read actual 409020208, 409270208
2025-09-24 17:50:03 - _on_cmd_publish_cbk(u/js220/003155/s/gpi/1/!data)
Traceback (most recent call last):
  File "pyjoulescope_driver/binding.pyx", line 1029, in pyjoulescope_driver.binding._on_cmd_publish_cbk
  File "C:\Users\cheluvagb\PycharmProjects\PythonProject\.venv\Lib\site-packages\joulescope\v1\device.py", line 461, in _on_stream
    if self.stream_buffer.is_duration_max or self.stream_buffer.is_contiguous_duration_max:
       ^^^^^^^^^^^^^^^^^^^^^^^^^^^^^^^^^^
AttributeError: 'NoneType' object has no attribute 'is_duration_max'
2025-09-24 17:50:03 - close
2025-09-24 17:50:03 - device_close(u/js220/003155)
2025-09-24 17:50:03 - bulk_in_finalize ep=0x82
2025-09-24 17:50:03 - Executing Version : To validate tag FW version 
  
2025-09-24 17:50:05 - device_remove_msg(u/js220/003155): \\?\usb#vid_16d0&pid_10ba#003155#{e27188c8-98ff-41de-be50-653324c6b19c}
2025-09-24 17:50:05 - USB device_thread closing u/js220/003155
2025-09-24 17:50:05 - device_close(u/js220/003155)
2025-09-24 17:50:05 - USB device_thread closed u/js220/003155
2025-09-24 17:50:05 - JS220 USB upper-level thread done u/js220/003155
2025-09-24 17:50:05 - API command u/js220/003155/@/!close invoked on jsdrv thread with timeout.  Forcing timeout=0.
2025-09-24 17:50:05 - u/js220/003155/@/!close but device already removed
2025-09-24 17:50:05 - device_add_msg u/js220/003155 : \\?\usb#vid_16d0&pid_10ba#003155#{e27188c8-98ff-41de-be50-653324c6b19c}
2025-09-24 17:50:05 - device add sn=u/js220/003155
2025-09-24 17:50:05 - on_sampling_frequency(2000000)
2025-09-24 17:50:05 - USB device_thread started u/js220/003155
2025-09-24 17:50:05 - JS220 USB upper-level thread started for u/js220/003155
2025-09-24 17:50:06 - tag1skey1
2025-09-24 17:50:14 - {"Device Type": "Tag", "Tag ID": 17686527, "RSSI": "-50.00 dBm", "Monitor ID": 2615964, "CMD": 0, "Status Byte": "00010010", "Button 4": "0", "Button 3": "0", "Button 2": "0", "Button 1": "1", "Motion Flag": "0", "Retry Count": 1, "Reserved": "0", "IR ID": 5, "Version": 107, "Astar ID": 1, "LBI": 3288, "CMD3": "1a0014", "Timestamp": "2025-09-24 12:20:11", "EKEY": 1, "LF Flag": 2}
2025-09-24 17:50:14 - Validation successful!
2025-09-24 17:50:17 - tag1skey3
2025-09-24 17:50:28 - {"Device Type": "Tag", "Tag ID": 17686527, "RSSI": "-51.00 dBm", "Monitor ID": 2615964, "CMD": 0, "Status Byte": "01000010", "Button 4": "0", "Button 3": "1", "Button 2": "0", "Button 1": "0", "Motion Flag": "0", "Retry Count": 1, "Reserved": "0", "IR ID": 5, "Version": 107, "Astar ID": 1, "LBI": 3288, "CMD3": "6b0006", "Timestamp": "2025-09-24 12:20:23", "EKEY": 4, "LF Flag": 2}
2025-09-24 17:50:28 - Validation successful!
2025-09-24 17:50:31 - tag1skey3
2025-09-24 17:50:43 - {"Device Type": "Tag", "Tag ID": 17685218, "RSSI": "-59.00 dBm", "Monitor ID": 0, "CMD": 0, "Status Byte": "00000010", "Button 4": "0", "Button 3": "0", "Button 2": "0", "Button 1": "0", "Motion Flag": "0", "Retry Count": 1, "Reserved": "0", "IR ID": 0, "Version": 15, "Astar ID": 1, "LBI": 2593, "CMD3": "210a07", "Timestamp": "2025-09-24 12:20:38", "EKEY": 0, "LF Flag": 2}
2025-09-24 17:50:43 - Mismatch for 'Tag ID': Expected 17686527, Got 17685218
2025-09-24 17:50:43 - Mismatch for 'Button 3': Expected 1, Got 0
2025-09-24 17:50:43 - Validation failed with mismatches:
2025-09-24 17:50:43 - Key: Tag ID, Expected: 17686527, Actual: 17685218
2025-09-24 17:50:43 - Key: Button 3, Expected: 1, Actual: 0
2025-09-24 17:50:43 - {"Device Type": "Tag", "Tag ID": 232783617, "RSSI": "-71.50 dBm", "Monitor ID": 15375416, "CMD": 39, "Status Byte": "00000000", "Button 4": "0", "Button 3": "0", "Button 2": "0", "Button 1": "0", "Motion Flag": "0", "Retry Count": 0, "Reserved": "0", "IR ID": 1346, "Version": 0, "Astar ID": 363, "LBI": 55296, "CMD3": "0cd80c", "Timestamp": "2082-08-24 15:02:31", "EKEY": 104, "LF Flag": 4}
2025-09-24 17:50:43 - Mismatch for 'Tag ID': Expected 17686527, Got 232783617
2025-09-24 17:50:43 - Mismatch for 'Button 3': Expected 1, Got 0
2025-09-24 17:50:43 - Validation failed with mismatches:
2025-09-24 17:50:43 - Key: Tag ID, Expected: 17686527, Actual: 232783617
2025-09-24 17:50:43 - Key: Button 3, Expected: 1, Actual: 0
2025-09-24 17:50:43 - {"Device Type": "Monitor", "Tag ID": 182583555, "RSSI": "-97.00 dBm", "Monitor ID": 9741, "CMD": 0, "Status Byte": "00000000", "Button 4": "0", "Button 3": "0", "Button 2": "0", "Button 1": "0", "Motion Flag": "0", "Retry Count": 0, "Reserved": "0", "IR ID": 1024, "Version": 0, "Astar ID": 3840, "LBI": 1, "CMD3": "210a21", "Timestamp": "2090-03-13 13:20:10", "EKEY": 211, "LF Flag": 104}
2025-09-24 17:50:43 - Mismatch for 'Tag ID': Expected 17686527, Got 182583555
2025-09-24 17:50:43 - Mismatch for 'Button 3': Expected 1, Got 0
2025-09-24 17:50:43 - Validation failed with mismatches:
2025-09-24 17:50:43 - Key: Tag ID, Expected: 17686527, Actual: 182583555
2025-09-24 17:50:43 - Key: Button 3, Expected: 1, Actual: 0
2025-09-24 17:50:43 - {"Device Type": "Monitor", "Tag ID": 33620226, "RSSI": "-93.00 dBm", "Monitor ID": 2493914, "CMD": 0, "Status Byte": "00000000", "Button 4": "0", "Button 3": "0", "Button 2": "0", "Button 1": "0", "Motion Flag": "0", "Retry Count": 0, "Reserved": "0", "IR ID": 0, "Version": 6, "Astar ID": 0, "LBI": 271, "CMD3": "00210a", "Timestamp": "1981-09-17 07:34:57", "EKEY": 226, "LF Flag": 211}
2025-09-24 17:50:43 - Mismatch for 'Tag ID': Expected 17686527, Got 33620226
2025-09-24 17:50:43 - Mismatch for 'Button 3': Expected 1, Got 0
2025-09-24 17:50:43 - Validation failed with mismatches:
2025-09-24 17:50:43 - Key: Tag ID, Expected: 17686527, Actual: 33620226
2025-09-24 17:50:43 - Key: Button 3, Expected: 1, Actual: 0
2025-09-24 17:50:43 - open_ll(opt=0)
2025-09-24 17:50:43 - device_open(u/js220/003155) \\?\usb#vid_16d0&pid_10ba#003155#{e27188c8-98ff-41de-be50-653324c6b19c}
2025-09-24 17:50:43 - open(opt=0)
2025-09-24 17:50:43 - bulk_in_stream_open 130
2025-09-24 17:50:43 - bulk_in_initialize pipe_id=0x82
2025-09-24 17:50:43 - MAXIMUM_TRANSFER_SIZE pipe_id=0x82 bytes=2097152
2025-09-24 17:50:43 - port0 connect rsp
2025-09-24 17:50:43 - JS220 app_id=3, FW=1.3.0, HW=1.0.0, FPGA=1.3.3, protocol=1.0.0
2025-09-24 17:50:43 - open complete
2025-09-24 17:50:43 - read(duration=None, contiguous_duration=0.25, out_format=None)
2025-09-24 17:50:43 - received stop callback: pending stop
2025-09-24 17:50:43 - read available range 8777696, 9029696
2025-09-24 17:50:43 - read actual 8779696, 9029696
2025-09-24 17:50:44 - close
2025-09-24 17:50:44 - device_close(u/js220/003155)
2025-09-24 17:50:44 - bulk_in_finalize ep=0x82
2025-09-24 17:50:47 - tag1lkey3
2025-09-24 17:50:56 - {"Device Type": "Tag", "Tag ID": 17686527, "RSSI": "-49.00 dBm", "Monitor ID": 2615964, "CMD": 0, "Status Byte": "01000010", "Button 4": "0", "Button 3": "1", "Button 2": "0", "Button 1": "0", "Motion Flag": "0", "Retry Count": 1, "Reserved": "0", "IR ID": 5, "Version": 107, "Astar ID": 1, "LBI": 3288, "CMD3": "1a0014", "Timestamp": "2025-09-24 12:20:51", "EKEY": 4, "LF Flag": 2}
2025-09-24 17:50:56 - Validation successful!
2025-09-24 17:50:56 - open_ll(opt=0)
2025-09-24 17:50:56 - device_open(u/js220/003155) \\?\usb#vid_16d0&pid_10ba#003155#{e27188c8-98ff-41de-be50-653324c6b19c}
2025-09-24 17:50:56 - open(opt=0)
2025-09-24 17:50:56 - bulk_in_stream_open 130
2025-09-24 17:50:56 - bulk_in_initialize pipe_id=0x82
2025-09-24 17:50:56 - MAXIMUM_TRANSFER_SIZE pipe_id=0x82 bytes=2097152
2025-09-24 17:50:56 - port0 connect rsp
2025-09-24 17:50:56 - JS220 app_id=3, FW=1.3.0, HW=1.0.0, FPGA=1.3.3, protocol=1.0.0
2025-09-24 17:50:56 - open complete
2025-09-24 17:50:57 - read(duration=None, contiguous_duration=0.25, out_format=None)
2025-09-24 17:50:57 - received stop callback: pending stop
2025-09-24 17:50:57 - read available range 22343360, 22595360
2025-09-24 17:50:57 - read actual 22345360, 22595360
2025-09-24 17:50:57 - close
2025-09-24 17:50:57 - device_close(u/js220/003155)
2025-09-24 17:50:57 - bulk_in_finalize ep=0x82
2025-09-24 17:51:30 - open_ll(opt=0)
2025-09-24 17:51:30 - device_open(u/js220/003155) \\?\usb#vid_16d0&pid_10ba#003155#{e27188c8-98ff-41de-be50-653324c6b19c}
2025-09-24 17:51:30 - open(opt=0)
2025-09-24 17:51:30 - bulk_in_stream_open 130
2025-09-24 17:51:30 - bulk_in_initialize pipe_id=0x82
2025-09-24 17:51:30 - MAXIMUM_TRANSFER_SIZE pipe_id=0x82 bytes=2097152
2025-09-24 17:51:30 - port0 connect rsp
2025-09-24 17:51:30 - JS220 app_id=3, FW=1.3.0, HW=1.0.0, FPGA=1.3.3, protocol=1.0.0
2025-09-24 17:51:30 - open complete
2025-09-24 17:51:31 - read(duration=None, contiguous_duration=0.25, out_format=None)
2025-09-24 17:51:31 - received stop callback: pending stop
2025-09-24 17:51:31 - read available range 56306912, 56558912
2025-09-24 17:51:31 - read actual 56308912, 56558912
2025-09-24 17:51:31 - close
2025-09-24 17:51:31 - device_close(u/js220/003155)
2025-09-24 17:51:31 - bulk_in_finalize ep=0x82
2025-09-24 17:51:31 - Executing Battery test case : To validate tag LBI value 
  
2025-09-24 17:51:37 - tag1skey2
2025-09-24 17:51:47 - {"Device Type": "Tag", "Tag ID": 17686527, "RSSI": "-51.00 dBm", "Monitor ID": 2615964, "CMD": 0, "Status Byte": "00000010", "Button 4": "0", "Button 3": "0", "Button 2": "0", "Button 1": "0", "Motion Flag": "0", "Retry Count": 1, "Reserved": "0", "IR ID": 5, "Version": 107, "Astar ID": 1, "LBI": 3288, "CMD3": "6b0006", "Timestamp": "2025-09-24 12:21:39", "EKEY": 0, "LF Flag": 2}
2025-09-24 17:51:47 - Validation successful!
2025-09-24 17:51:48 - Executing Location : To validate Location packet 
 
2025-09-24 17:51:51 - servo1.start
2025-09-24 17:51:57 - servo1.stop
2025-09-24 17:51:59 - Executing Motion : To validate Motion flag 
2025-09-24 17:52:02 - servo1.start
2025-09-24 17:52:08 - servo1.stop
2025-09-24 17:52:09 - close
2025-09-24 17:52:09 - jsdrv_finalize 0000024EFE35F330
2025-09-24 17:52:09 - USB backend finalize
2025-09-24 17:52:09 - JS220 USB upper-level thread done u/js220/003155
2025-09-24 17:52:09 - finalize usb backend
2025-09-24 17:52:09 - winusb backend finalize
2025-09-24 17:52:09 - USB backend_thread done
2025-09-24 17:52:09 - USB device_thread closing u/js220/003155
2025-09-24 17:52:09 - device_close(u/js220/003155)
2025-09-24 17:52:09 - USB device_thread closed u/js220/003155
2025-09-24 18:09:01 - open_ll(opt=0)
2025-09-24 18:09:01 - device_open(u/js220/003155) \\?\usb#vid_16d0&pid_10ba#003155#{e27188c8-98ff-41de-be50-653324c6b19c}
2025-09-24 18:09:01 - open(opt=0)
2025-09-24 18:09:01 - bulk_in_stream_open 130
2025-09-24 18:09:01 - bulk_in_initialize pipe_id=0x82
2025-09-24 18:09:01 - MAXIMUM_TRANSFER_SIZE pipe_id=0x82 bytes=2097152
2025-09-24 18:09:01 - port0 connect rsp
2025-09-24 18:09:01 - JS220 app_id=3, FW=1.3.0, HW=1.0.0, FPGA=1.3.3, protocol=1.0.0
2025-09-24 18:09:01 - open complete
2025-09-24 18:09:01 - on_sampling_frequency(2000000)
2025-09-24 18:09:01 - jsdrv_downsample_alloc signal_n=1, gpi_n=1
2025-09-24 18:09:01 - read(duration=None, contiguous_duration=0.25, out_format=None)
2025-09-24 18:09:01 - received stop callback: pending stop
2025-09-24 18:09:01 - read available range 1106420144, 1106672144
2025-09-24 18:09:01 - read actual 1106422144, 1106672144
2025-09-24 18:09:01 - close
2025-09-24 18:09:01 - device_close(u/js220/003155)
2025-09-24 18:09:01 - bulk_in_finalize ep=0x82
2025-09-24 18:09:01 - Executing Version : To validate tag FW version 
  
2025-09-24 18:09:04 - tag1skey1
2025-09-24 18:09:14 - tag1skey3
2025-09-24 18:09:24 - tag1skey3
2025-09-24 18:09:34 - {"Device Type": "Tag", "Tag ID": 17686527, "RSSI": "-49.00 dBm", "Monitor ID": 2615964, "CMD": 0, "Status Byte": "01000010", "Button 4": "0", "Button 3": "1", "Button 2": "0", "Button 1": "0", "Motion Flag": "0", "Retry Count": 1, "Reserved": "0", "IR ID": 5, "Version": 107, "Astar ID": 1, "LBI": 3289, "CMD3": "1a0014", "Timestamp": "2025-09-24 12:39:29", "EKEY": 4, "LF Flag": 2}
2025-09-24 18:09:34 - Validation successful!
2025-09-24 18:09:34 - open_ll(opt=0)
2025-09-24 18:09:34 - device_open(u/js220/003155) \\?\usb#vid_16d0&pid_10ba#003155#{e27188c8-98ff-41de-be50-653324c6b19c}
2025-09-24 18:09:34 - open(opt=0)
2025-09-24 18:09:34 - bulk_in_stream_open 130
2025-09-24 18:09:34 - bulk_in_initialize pipe_id=0x82
2025-09-24 18:09:34 - MAXIMUM_TRANSFER_SIZE pipe_id=0x82 bytes=2097152
2025-09-24 18:09:34 - port0 connect rsp
2025-09-24 18:09:34 - JS220 app_id=3, FW=1.3.0, HW=1.0.0, FPGA=1.3.3, protocol=1.0.0
2025-09-24 18:09:34 - open complete
2025-09-24 18:09:34 - read(duration=None, contiguous_duration=0.25, out_format=None)
2025-09-24 18:09:34 - received stop callback: pending stop
2025-09-24 18:09:34 - read available range 1139804096, 1140056096
2025-09-24 18:09:34 - read actual 1139806096, 1140056096
2025-09-24 18:09:35 - close
2025-09-24 18:09:35 - device_close(u/js220/003155)
2025-09-24 18:09:35 - bulk_in_finalize ep=0x82
2025-09-24 18:09:38 - tag1lkey3
2025-09-24 18:09:49 - {"Device Type": "Tag", "Tag ID": 17686527, "RSSI": "-50.00 dBm", "Monitor ID": 2615964, "CMD": 0, "Status Byte": "01000010", "Button 4": "0", "Button 3": "1", "Button 2": "0", "Button 1": "0", "Motion Flag": "0", "Retry Count": 1, "Reserved": "0", "IR ID": 5, "Version": 107, "Astar ID": 1, "LBI": 3289, "CMD3": "6b0006", "Timestamp": "2025-09-24 12:39:44", "EKEY": 4, "LF Flag": 2}
2025-09-24 18:09:49 - Validation successful!
2025-09-24 18:09:49 - open_ll(opt=0)
2025-09-24 18:09:49 - device_open(u/js220/003155) \\?\usb#vid_16d0&pid_10ba#003155#{e27188c8-98ff-41de-be50-653324c6b19c}
2025-09-24 18:09:49 - open(opt=0)
2025-09-24 18:09:49 - bulk_in_stream_open 130
2025-09-24 18:09:49 - bulk_in_initialize pipe_id=0x82
2025-09-24 18:09:49 - MAXIMUM_TRANSFER_SIZE pipe_id=0x82 bytes=2097152
2025-09-24 18:09:49 - port0 connect rsp
2025-09-24 18:09:49 - JS220 app_id=3, FW=1.3.0, HW=1.0.0, FPGA=1.3.3, protocol=1.0.0
2025-09-24 18:09:49 - open complete
2025-09-24 18:09:49 - read(duration=None, contiguous_duration=0.25, out_format=None)
2025-09-24 18:09:50 - received stop callback: pending stop
2025-09-24 18:09:50 - read available range 1154928128, 1155180128
2025-09-24 18:09:50 - read actual 1154930128, 1155180128
2025-09-24 18:09:50 - _on_cmd_publish_cbk(u/js220/003155/s/gpi/1/!data)
Traceback (most recent call last):
  File "pyjoulescope_driver/binding.pyx", line 1029, in pyjoulescope_driver.binding._on_cmd_publish_cbk
  File "C:\Users\cheluvagb\PycharmProjects\PythonProject\.venv\Lib\site-packages\joulescope\v1\device.py", line 461, in _on_stream
    if self.stream_buffer.is_duration_max or self.stream_buffer.is_contiguous_duration_max:
       ^^^^^^^^^^^^^^^^^^^^^^^^^^^^^^^^^^
AttributeError: 'NoneType' object has no attribute 'is_duration_max'
2025-09-24 18:09:50 - close
2025-09-24 18:09:50 - device_close(u/js220/003155)
2025-09-24 18:09:50 - bulk_in_finalize ep=0x82
2025-09-24 18:09:52 - device_remove_msg(u/js220/003155): \\?\usb#vid_16d0&pid_10ba#003155#{e27188c8-98ff-41de-be50-653324c6b19c}
2025-09-24 18:09:52 - USB device_thread closing u/js220/003155
2025-09-24 18:09:52 - device_close(u/js220/003155)
2025-09-24 18:09:52 - USB device_thread closed u/js220/003155
2025-09-24 18:09:52 - JS220 USB upper-level thread done u/js220/003155
2025-09-24 18:09:52 - API command u/js220/003155/@/!close invoked on jsdrv thread with timeout.  Forcing timeout=0.
2025-09-24 18:09:52 - u/js220/003155/@/!close but device already removed
2025-09-24 18:09:52 - device_add_msg u/js220/003155 : \\?\usb#vid_16d0&pid_10ba#003155#{e27188c8-98ff-41de-be50-653324c6b19c}
2025-09-24 18:09:52 - device add sn=u/js220/003155
2025-09-24 18:09:52 - on_sampling_frequency(2000000)
2025-09-24 18:09:52 - USB device_thread started u/js220/003155
2025-09-24 18:09:52 - JS220 USB upper-level thread started for u/js220/003155
2025-09-24 18:10:23 - open_ll(opt=0)
2025-09-24 18:10:23 - device_open(u/js220/003155) \\?\usb#vid_16d0&pid_10ba#003155#{e27188c8-98ff-41de-be50-653324c6b19c}
2025-09-24 18:10:23 - open(opt=0)
2025-09-24 18:10:23 - bulk_in_stream_open 130
2025-09-24 18:10:23 - bulk_in_initialize pipe_id=0x82
2025-09-24 18:10:23 - MAXIMUM_TRANSFER_SIZE pipe_id=0x82 bytes=2097152
2025-09-24 18:10:23 - port0 connect rsp
2025-09-24 18:10:23 - JS220 app_id=3, FW=1.3.0, HW=1.0.0, FPGA=1.3.3, protocol=1.0.0
2025-09-24 18:10:23 - open complete
2025-09-24 18:10:23 - read(duration=None, contiguous_duration=0.25, out_format=None)
2025-09-24 18:10:24 - received stop callback: pending stop
2025-09-24 18:10:24 - read available range 8734352, 8986352
2025-09-24 18:10:24 - read actual 8736352, 8986352
2025-09-24 18:10:24 - close
2025-09-24 18:10:24 - device_close(u/js220/003155)
2025-09-24 18:10:24 - bulk_in_finalize ep=0x82
2025-09-24 18:10:24 - Executing Battery test case : To validate tag LBI value 
  
2025-09-24 18:10:30 - tag1skey2
2025-09-24 18:10:40 - {"Device Type": "Tag", "Tag ID": 17686527, "RSSI": "-48.00 dBm", "Monitor ID": 2615964, "CMD": 0, "Status Byte": "00000010", "Button 4": "0", "Button 3": "0", "Button 2": "0", "Button 1": "0", "Motion Flag": "0", "Retry Count": 1, "Reserved": "0", "IR ID": 5, "Version": 107, "Astar ID": 1, "LBI": 3289, "CMD3": "d90c07", "Timestamp": "2025-09-24 12:40:32", "EKEY": 0, "LF Flag": 2}
2025-09-24 18:10:40 - Validation successful!
2025-09-24 18:10:40 - Executing Location : To validate Location packet 
 
2025-09-24 18:10:43 - servo1.start
2025-09-24 18:10:55 - servo1.stop
2025-09-24 18:10:56 - Executing Motion : To validate Motion flag 
2025-09-24 18:10:59 - servo1.start
2025-09-24 18:11:05 - servo1.stop
2025-09-24 18:11:07 - close
2025-09-24 18:11:07 - jsdrv_finalize 00000206CEA8C980
2025-09-24 18:11:07 - USB backend finalize
2025-09-24 18:11:07 - JS220 USB upper-level thread done u/js220/003155
2025-09-24 18:11:07 - finalize usb backend
2025-09-24 18:11:07 - winusb backend finalize
2025-09-24 18:11:07 - USB backend_thread done
2025-09-24 18:11:07 - USB device_thread closing u/js220/003155
2025-09-24 18:11:07 - device_close(u/js220/003155)
2025-09-24 18:11:07 - USB device_thread closed u/js220/003155
2025-09-24 18:23:12 - open_ll(opt=0)
2025-09-24 18:23:12 - device_open(u/js220/003155) \\?\usb#vid_16d0&pid_10ba#003155#{e27188c8-98ff-41de-be50-653324c6b19c}
2025-09-24 18:23:12 - open(opt=0)
2025-09-24 18:23:12 - bulk_in_stream_open 130
2025-09-24 18:23:12 - bulk_in_initialize pipe_id=0x82
2025-09-24 18:23:12 - MAXIMUM_TRANSFER_SIZE pipe_id=0x82 bytes=2097152
2025-09-24 18:23:12 - port0 connect rsp
2025-09-24 18:23:12 - JS220 app_id=3, FW=1.3.0, HW=1.0.0, FPGA=1.3.3, protocol=1.0.0
2025-09-24 18:23:12 - open complete
2025-09-24 18:23:12 - on_sampling_frequency(2000000)
2025-09-24 18:23:12 - jsdrv_downsample_alloc signal_n=1, gpi_n=1
2025-09-24 18:23:12 - read(duration=None, contiguous_duration=0.25, out_format=None)
2025-09-24 18:23:13 - received stop callback: pending stop
2025-09-24 18:23:13 - read available range 777521840, 777773840
2025-09-24 18:23:13 - read actual 777523840, 777773840
2025-09-24 18:23:13 - close
2025-09-24 18:23:13 - device_close(u/js220/003155)
2025-09-24 18:23:13 - bulk_in_finalize ep=0x82
2025-09-24 18:23:13 - Executing Version : To validate tag FW version 
  
2025-09-24 18:23:16 - tag1skey1
2025-09-24 18:23:26 - {"Device Type": "Tag", "Tag ID": 17686527, "RSSI": "-49.00 dBm", "Monitor ID": 2615964, "CMD": 0, "Status Byte": "00010010", "Button 4": "0", "Button 3": "0", "Button 2": "0", "Button 1": "1", "Motion Flag": "0", "Retry Count": 1, "Reserved": "0", "IR ID": 5, "Version": 107, "Astar ID": 1, "LBI": 3288, "CMD3": "1a0014", "Timestamp": "2025-09-24 12:53:21", "EKEY": 1, "LF Flag": 2}
2025-09-24 18:23:26 - Validation successful!
2025-09-24 18:23:30 - tag1skey3
2025-09-24 18:23:40 - {"Device Type": "Tag", "Tag ID": 17686527, "RSSI": "-49.00 dBm", "Monitor ID": 2615964, "CMD": 0, "Status Byte": "01000010", "Button 4": "0", "Button 3": "1", "Button 2": "0", "Button 1": "0", "Motion Flag": "0", "Retry Count": 1, "Reserved": "0", "IR ID": 5, "Version": 107, "Astar ID": 1, "LBI": 3288, "CMD3": "6b0006", "Timestamp": "2025-09-24 12:53:35", "EKEY": 4, "LF Flag": 2}
2025-09-24 18:23:40 - Validation successful!
2025-09-24 18:23:43 - tag1skey3
2025-09-24 18:23:55 - {"Device Type": "Tag", "Tag ID": 17686527, "RSSI": "-49.00 dBm", "Monitor ID": 2615964, "CMD": 0, "Status Byte": "01000010", "Button 4": "0", "Button 3": "1", "Button 2": "0", "Button 1": "0", "Motion Flag": "0", "Retry Count": 1, "Reserved": "0", "IR ID": 5, "Version": 107, "Astar ID": 1, "LBI": 3288, "CMD3": "d80c07", "Timestamp": "2025-09-24 12:53:50", "EKEY": 4, "LF Flag": 2}
2025-09-24 18:23:55 - Validation successful!
2025-09-24 18:23:55 - open_ll(opt=0)
2025-09-24 18:23:55 - device_open(u/js220/003155) \\?\usb#vid_16d0&pid_10ba#003155#{e27188c8-98ff-41de-be50-653324c6b19c}
2025-09-24 18:23:55 - open(opt=0)
2025-09-24 18:23:55 - bulk_in_stream_open 130
2025-09-24 18:23:55 - bulk_in_initialize pipe_id=0x82
2025-09-24 18:23:55 - MAXIMUM_TRANSFER_SIZE pipe_id=0x82 bytes=2097152
2025-09-24 18:23:55 - port0 connect rsp
2025-09-24 18:23:55 - JS220 app_id=3, FW=1.3.0, HW=1.0.0, FPGA=1.3.3, protocol=1.0.0
2025-09-24 18:23:55 - open complete
2025-09-24 18:23:55 - read(duration=None, contiguous_duration=0.25, out_format=None)
2025-09-24 18:23:55 - received stop callback: pending stop
2025-09-24 18:23:55 - read available range 820238864, 820490864
2025-09-24 18:23:55 - read actual 820240864, 820490864
2025-09-24 18:23:55 - _on_cmd_publish_cbk(u/js220/003155/s/gpi/1/!data)
Traceback (most recent call last):
  File "pyjoulescope_driver/binding.pyx", line 1029, in pyjoulescope_driver.binding._on_cmd_publish_cbk
  File "C:\Users\cheluvagb\PycharmProjects\PythonProject\.venv\Lib\site-packages\joulescope\v1\device.py", line 461, in _on_stream
    if self.stream_buffer.is_duration_max or self.stream_buffer.is_contiguous_duration_max:
       ^^^^^^^^^^^^^^^^^^^^^^^^^^^^^^^^^^
AttributeError: 'NoneType' object has no attribute 'is_duration_max'
2025-09-24 18:23:55 - close
2025-09-24 18:23:55 - device_close(u/js220/003155)
2025-09-24 18:23:55 - bulk_in_finalize ep=0x82
2025-09-24 18:23:57 - device_remove_msg(u/js220/003155): \\?\usb#vid_16d0&pid_10ba#003155#{e27188c8-98ff-41de-be50-653324c6b19c}
2025-09-24 18:23:57 - USB device_thread closing u/js220/003155
2025-09-24 18:23:57 - device_close(u/js220/003155)
2025-09-24 18:23:57 - JS220 USB upper-level thread done u/js220/003155
2025-09-24 18:23:57 - USB device_thread closed u/js220/003155
2025-09-24 18:23:57 - API command u/js220/003155/@/!close invoked on jsdrv thread with timeout.  Forcing timeout=0.
2025-09-24 18:23:57 - u/js220/003155/@/!close but device already removed
2025-09-24 18:23:58 - device_add_msg u/js220/003155 : \\?\usb#vid_16d0&pid_10ba#003155#{e27188c8-98ff-41de-be50-653324c6b19c}
2025-09-24 18:23:58 - device add sn=u/js220/003155
2025-09-24 18:23:58 - on_sampling_frequency(2000000)
2025-09-24 18:23:58 - USB device_thread started u/js220/003155
2025-09-24 18:23:58 - JS220 USB upper-level thread started for u/js220/003155
2025-09-24 18:23:59 - tag1lkey3
2025-09-24 18:24:10 - {"Device Type": "Tag", "Tag ID": 17686527, "RSSI": "-49.00 dBm", "Monitor ID": 2615964, "CMD": 0, "Status Byte": "01000010", "Button 4": "0", "Button 3": "1", "Button 2": "0", "Button 1": "0", "Motion Flag": "0", "Retry Count": 1, "Reserved": "0", "IR ID": 5, "Version": 107, "Astar ID": 1, "LBI": 3288, "CMD3": "180014", "Timestamp": "2025-09-24 12:54:05", "EKEY": 4, "LF Flag": 2}
2025-09-24 18:24:10 - Validation successful!
2025-09-24 18:24:10 - open_ll(opt=0)
2025-09-24 18:24:10 - device_open(u/js220/003155) \\?\usb#vid_16d0&pid_10ba#003155#{e27188c8-98ff-41de-be50-653324c6b19c}
2025-09-24 18:24:10 - open(opt=0)
2025-09-24 18:24:10 - bulk_in_stream_open 130
2025-09-24 18:24:10 - bulk_in_initialize pipe_id=0x82
2025-09-24 18:24:10 - MAXIMUM_TRANSFER_SIZE pipe_id=0x82 bytes=2097152
2025-09-24 18:24:10 - port0 connect rsp
2025-09-24 18:24:10 - JS220 app_id=3, FW=1.3.0, HW=1.0.0, FPGA=1.3.3, protocol=1.0.0
2025-09-24 18:24:10 - open complete
2025-09-24 18:24:10 - read(duration=None, contiguous_duration=0.25, out_format=None)
2025-09-24 18:24:11 - received stop callback: pending stop
2025-09-24 18:24:11 - read available range 8848256, 9100256
2025-09-24 18:24:11 - read actual 8850256, 9100256
2025-09-24 18:24:11 - close
2025-09-24 18:24:11 - device_close(u/js220/003155)
2025-09-24 18:24:11 - bulk_in_finalize ep=0x82
2025-09-24 18:24:44 - open_ll(opt=0)
2025-09-24 18:24:44 - device_open(u/js220/003155) \\?\usb#vid_16d0&pid_10ba#003155#{e27188c8-98ff-41de-be50-653324c6b19c}
2025-09-24 18:24:44 - open(opt=0)
2025-09-24 18:24:44 - bulk_in_stream_open 130
2025-09-24 18:24:44 - bulk_in_initialize pipe_id=0x82
2025-09-24 18:24:44 - MAXIMUM_TRANSFER_SIZE pipe_id=0x82 bytes=2097152
2025-09-24 18:24:44 - port0 connect rsp
2025-09-24 18:24:44 - JS220 app_id=3, FW=1.3.0, HW=1.0.0, FPGA=1.3.3, protocol=1.0.0
2025-09-24 18:24:44 - open complete
2025-09-24 18:24:45 - read(duration=None, contiguous_duration=0.25, out_format=None)
2025-09-24 18:24:45 - received stop callback: pending stop
2025-09-24 18:24:45 - read available range 43033568, 43285568
2025-09-24 18:24:45 - read actual 43035568, 43285568
2025-09-24 18:24:45 - _on_cmd_publish_cbk(u/js220/003155/s/gpi/1/!data)
Traceback (most recent call last):
  File "pyjoulescope_driver/binding.pyx", line 1029, in pyjoulescope_driver.binding._on_cmd_publish_cbk
  File "C:\Users\cheluvagb\PycharmProjects\PythonProject\.venv\Lib\site-packages\joulescope\v1\device.py", line 461, in _on_stream
    if self.stream_buffer.is_duration_max or self.stream_buffer.is_contiguous_duration_max:
       ^^^^^^^^^^^^^^^^^^^^^^^^^^^^^^^^^^
AttributeError: 'NoneType' object has no attribute 'is_duration_max'
2025-09-24 18:24:45 - close
2025-09-24 18:24:45 - device_close(u/js220/003155)
2025-09-24 18:24:45 - bulk_in_finalize ep=0x82
2025-09-24 18:24:45 - Executing Battery test case : To validate tag LBI value 
  
2025-09-24 18:24:48 - device_remove_msg(u/js220/003155): \\?\usb#vid_16d0&pid_10ba#003155#{e27188c8-98ff-41de-be50-653324c6b19c}
2025-09-24 18:24:48 - USB device_thread closing u/js220/003155
2025-09-24 18:24:48 - device_close(u/js220/003155)
2025-09-24 18:24:48 - USB device_thread closed u/js220/003155
2025-09-24 18:24:48 - JS220 USB upper-level thread done u/js220/003155
2025-09-24 18:24:48 - API command u/js220/003155/@/!close invoked on jsdrv thread with timeout.  Forcing timeout=0.
2025-09-24 18:24:48 - u/js220/003155/@/!close but device already removed
2025-09-24 18:24:48 - device_add_msg u/js220/003155 : \\?\usb#vid_16d0&pid_10ba#003155#{e27188c8-98ff-41de-be50-653324c6b19c}
2025-09-24 18:24:48 - device add sn=u/js220/003155
2025-09-24 18:24:48 - on_sampling_frequency(2000000)
2025-09-24 18:24:48 - USB device_thread started u/js220/003155
2025-09-24 18:24:48 - JS220 USB upper-level thread started for u/js220/003155
2025-09-24 18:24:51 - tag1skey2
2025-09-24 18:25:02 - {"Device Type": "Tag", "Tag ID": 17686527, "RSSI": "-49.00 dBm", "Monitor ID": 2615964, "CMD": 0, "Status Byte": "00100010", "Button 4": "0", "Button 3": "0", "Button 2": "1", "Button 1": "0", "Motion Flag": "0", "Retry Count": 1, "Reserved": "0", "IR ID": 5, "Version": 107, "Astar ID": 1, "LBI": 3288, "CMD3": "d80c07", "Timestamp": "2025-09-24 12:54:57", "EKEY": 2, "LF Flag": 2}
2025-09-24 18:25:02 - Validation successful!
2025-09-24 18:25:03 - Executing Location : To validate Location packet 
 
2025-09-24 18:25:06 - servo1.start
2025-09-24 18:25:12 - servo1.stop
2025-09-24 18:25:14 - Executing Motion : To validate Motion flag 
2025-09-24 18:25:17 - servo1.start
2025-09-24 18:25:23 - servo1.stop
2025-09-24 18:25:25 - close
2025-09-24 18:25:25 - jsdrv_finalize 000002366D4CCE10
2025-09-24 18:25:25 - USB backend finalize
2025-09-24 18:25:25 - JS220 USB upper-level thread done u/js220/003155
2025-09-24 18:25:25 - finalize usb backend
2025-09-24 18:25:25 - winusb backend finalize
2025-09-24 18:25:25 - USB backend_thread done
2025-09-24 18:25:25 - USB device_thread closing u/js220/003155
2025-09-24 18:25:25 - device_close(u/js220/003155)
2025-09-24 18:25:25 - USB device_thread closed u/js220/003155
2025-09-24 18:38:17 - open_ll(opt=0)
2025-09-24 18:38:17 - device_open(u/js220/003155) \\?\usb#vid_16d0&pid_10ba#003155#{e27188c8-98ff-41de-be50-653324c6b19c}
2025-09-24 18:38:17 - open(opt=0)
2025-09-24 18:38:17 - bulk_in_stream_open 130
2025-09-24 18:38:17 - bulk_in_initialize pipe_id=0x82
2025-09-24 18:38:17 - MAXIMUM_TRANSFER_SIZE pipe_id=0x82 bytes=2097152
2025-09-24 18:38:17 - port0 connect rsp
2025-09-24 18:38:17 - JS220 app_id=3, FW=1.3.0, HW=1.0.0, FPGA=1.3.3, protocol=1.0.0
2025-09-24 18:38:17 - open complete
2025-09-24 18:38:17 - on_sampling_frequency(2000000)
2025-09-24 18:38:17 - jsdrv_downsample_alloc signal_n=1, gpi_n=1
2025-09-24 18:38:17 - read(duration=None, contiguous_duration=0.25, out_format=None)
2025-09-24 18:38:18 - received stop callback: pending stop
2025-09-24 18:38:18 - read available range 9116384, 9368384
2025-09-24 18:38:18 - read actual 9118384, 9368384
2025-09-24 18:38:18 - _on_cmd_publish_cbk(u/js220/003155/s/gpi/1/!data)
Traceback (most recent call last):
  File "pyjoulescope_driver/binding.pyx", line 1029, in pyjoulescope_driver.binding._on_cmd_publish_cbk
  File "C:\Users\cheluvagb\PycharmProjects\PythonProject\.venv\Lib\site-packages\joulescope\v1\device.py", line 461, in _on_stream
    if self.stream_buffer.is_duration_max or self.stream_buffer.is_contiguous_duration_max:
       ^^^^^^^^^^^^^^^^^^^^^^^^^^^^^^^^^^
AttributeError: 'NoneType' object has no attribute 'is_duration_max'
2025-09-24 18:38:18 - close
2025-09-24 18:38:18 - device_close(u/js220/003155)
2025-09-24 18:38:18 - bulk_in_finalize ep=0x82
2025-09-24 18:38:18 - Executing Version : To validate tag FW version 
  
2025-09-24 18:38:20 - device_remove_msg(u/js220/003155): \\?\usb#vid_16d0&pid_10ba#003155#{e27188c8-98ff-41de-be50-653324c6b19c}
2025-09-24 18:38:20 - USB device_thread closing u/js220/003155
2025-09-24 18:38:20 - device_close(u/js220/003155)
2025-09-24 18:38:20 - USB device_thread closed u/js220/003155
2025-09-24 18:38:20 - JS220 USB upper-level thread done u/js220/003155
2025-09-24 18:38:20 - API command u/js220/003155/@/!close invoked on jsdrv thread with timeout.  Forcing timeout=0.
2025-09-24 18:38:20 - u/js220/003155/@/!close but device already removed
2025-09-24 18:38:21 - device_add_msg u/js220/003155 : \\?\usb#vid_16d0&pid_10ba#003155#{e27188c8-98ff-41de-be50-653324c6b19c}
2025-09-24 18:38:21 - device add sn=u/js220/003155
2025-09-24 18:38:21 - on_sampling_frequency(2000000)
2025-09-24 18:38:21 - USB device_thread started u/js220/003155
2025-09-24 18:38:21 - JS220 USB upper-level thread started for u/js220/003155
2025-09-24 18:38:21 - tag1skey1
2025-09-24 18:38:32 - {"Device Type": "Tag", "Tag ID": 17686527, "RSSI": "-50.00 dBm", "Monitor ID": 2615964, "CMD": 0, "Status Byte": "00010010", "Button 4": "0", "Button 3": "0", "Button 2": "0", "Button 1": "1", "Motion Flag": "0", "Retry Count": 1, "Reserved": "0", "IR ID": 5, "Version": 107, "Astar ID": 1, "LBI": 3288, "CMD3": "1a0014", "Timestamp": "2025-09-24 13:08:27", "EKEY": 1, "LF Flag": 2}
2025-09-24 18:38:32 - Validation successful!
2025-09-24 18:38:36 - tag1skey3
2025-09-24 18:38:46 - {"Device Type": "Tag", "Tag ID": 17686527, "RSSI": "-50.00 dBm", "Monitor ID": 2615964, "CMD": 0, "Status Byte": "01000010", "Button 4": "0", "Button 3": "1", "Button 2": "0", "Button 1": "0", "Motion Flag": "0", "Retry Count": 1, "Reserved": "0", "IR ID": 5, "Version": 107, "Astar ID": 1, "LBI": 3288, "CMD3": "6b0006", "Timestamp": "2025-09-24 13:08:41", "EKEY": 4, "LF Flag": 2}
2025-09-24 18:38:46 - Validation successful!
2025-09-24 18:38:49 - tag1skey3
2025-09-24 18:38:59 - {"Device Type": "Tag", "Tag ID": 17686527, "RSSI": "-50.00 dBm", "Monitor ID": 2615964, "CMD": 0, "Status Byte": "01000010", "Button 4": "0", "Button 3": "1", "Button 2": "0", "Button 1": "0", "Motion Flag": "0", "Retry Count": 1, "Reserved": "0", "IR ID": 5, "Version": 107, "Astar ID": 1, "LBI": 3288, "CMD3": "d80c07", "Timestamp": "2025-09-24 13:08:54", "EKEY": 4, "LF Flag": 2}
2025-09-24 18:38:59 - Validation successful!
2025-09-24 18:38:59 - open_ll(opt=0)
2025-09-24 18:38:59 - device_open(u/js220/003155) \\?\usb#vid_16d0&pid_10ba#003155#{e27188c8-98ff-41de-be50-653324c6b19c}
2025-09-24 18:38:59 - open(opt=0)
2025-09-24 18:38:59 - bulk_in_stream_open 130
2025-09-24 18:38:59 - bulk_in_initialize pipe_id=0x82
2025-09-24 18:38:59 - MAXIMUM_TRANSFER_SIZE pipe_id=0x82 bytes=2097152
2025-09-24 18:39:00 - port0 connect rsp
2025-09-24 18:39:00 - JS220 app_id=3, FW=1.3.0, HW=1.0.0, FPGA=1.3.3, protocol=1.0.0
2025-09-24 18:39:00 - open complete
2025-09-24 18:39:00 - read(duration=None, contiguous_duration=0.25, out_format=None)
2025-09-24 18:39:00 - received stop callback: pending stop
2025-09-24 18:39:00 - read available range 8738384, 8990384
2025-09-24 18:39:00 - read actual 8740384, 8990384
2025-09-24 18:39:00 - _on_cmd_publish_cbk(u/js220/003155/s/gpi/1/!data)
Traceback (most recent call last):
  File "pyjoulescope_driver/binding.pyx", line 1029, in pyjoulescope_driver.binding._on_cmd_publish_cbk
  File "C:\Users\cheluvagb\PycharmProjects\PythonProject\.venv\Lib\site-packages\joulescope\v1\device.py", line 461, in _on_stream
    if self.stream_buffer.is_duration_max or self.stream_buffer.is_contiguous_duration_max:
       ^^^^^^^^^^^^^^^^^^^^^^^^^^^^^^^^^^
AttributeError: 'NoneType' object has no attribute 'is_duration_max'
2025-09-24 18:39:00 - close
2025-09-24 18:39:00 - device_close(u/js220/003155)
2025-09-24 18:39:00 - bulk_in_finalize ep=0x82
2025-09-24 18:39:03 - device_remove_msg(u/js220/003155): \\?\usb#vid_16d0&pid_10ba#003155#{e27188c8-98ff-41de-be50-653324c6b19c}
2025-09-24 18:39:03 - USB device_thread closing u/js220/003155
2025-09-24 18:39:03 - device_close(u/js220/003155)
2025-09-24 18:39:03 - USB device_thread closed u/js220/003155
2025-09-24 18:39:03 - JS220 USB upper-level thread done u/js220/003155
2025-09-24 18:39:03 - API command u/js220/003155/@/!close invoked on jsdrv thread with timeout.  Forcing timeout=0.
2025-09-24 18:39:03 - u/js220/003155/@/!close but device already removed
2025-09-24 18:39:03 - device_add_msg u/js220/003155 : \\?\usb#vid_16d0&pid_10ba#003155#{e27188c8-98ff-41de-be50-653324c6b19c}
2025-09-24 18:39:03 - device add sn=u/js220/003155
2025-09-24 18:39:03 - on_sampling_frequency(2000000)
2025-09-24 18:39:03 - USB device_thread started u/js220/003155
2025-09-24 18:39:03 - JS220 USB upper-level thread started for u/js220/003155
2025-09-24 18:39:04 - tag1lkey3
2025-09-24 18:39:14 - {"Device Type": "Tag", "Tag ID": 17686527, "RSSI": "-49.00 dBm", "Monitor ID": 2615964, "CMD": 0, "Status Byte": "01000010", "Button 4": "0", "Button 3": "1", "Button 2": "0", "Button 1": "0", "Motion Flag": "0", "Retry Count": 1, "Reserved": "0", "IR ID": 5, "Version": 107, "Astar ID": 1, "LBI": 3288, "CMD3": "1a0014", "Timestamp": "2025-09-24 13:09:09", "EKEY": 4, "LF Flag": 2}
2025-09-24 18:39:14 - Validation successful!
2025-09-24 18:39:14 - open_ll(opt=0)
2025-09-24 18:39:14 - device_open(u/js220/003155) \\?\usb#vid_16d0&pid_10ba#003155#{e27188c8-98ff-41de-be50-653324c6b19c}
2025-09-24 18:39:14 - open(opt=0)
2025-09-24 18:39:14 - bulk_in_stream_open 130
2025-09-24 18:39:14 - bulk_in_initialize pipe_id=0x82
2025-09-24 18:39:14 - MAXIMUM_TRANSFER_SIZE pipe_id=0x82 bytes=2097152
2025-09-24 18:39:15 - port0 connect rsp
2025-09-24 18:39:15 - JS220 app_id=3, FW=1.3.0, HW=1.0.0, FPGA=1.3.3, protocol=1.0.0
2025-09-24 18:39:15 - open complete
2025-09-24 18:39:15 - read(duration=None, contiguous_duration=0.25, out_format=None)
2025-09-24 18:39:15 - received stop callback: pending stop
2025-09-24 18:39:15 - read available range 8799872, 9051872
2025-09-24 18:39:15 - read actual 8801872, 9051872
2025-09-24 18:39:15 - close
2025-09-24 18:39:15 - device_close(u/js220/003155)
2025-09-24 18:39:15 - bulk_in_finalize ep=0x82
2025-09-24 18:39:49 - open_ll(opt=0)
2025-09-24 18:39:49 - device_open(u/js220/003155) \\?\usb#vid_16d0&pid_10ba#003155#{e27188c8-98ff-41de-be50-653324c6b19c}
2025-09-24 18:39:49 - open(opt=0)
2025-09-24 18:39:49 - bulk_in_stream_open 130
2025-09-24 18:39:49 - bulk_in_initialize pipe_id=0x82
2025-09-24 18:39:49 - MAXIMUM_TRANSFER_SIZE pipe_id=0x82 bytes=2097152
2025-09-24 18:39:49 - port0 connect rsp
2025-09-24 18:39:49 - JS220 app_id=3, FW=1.3.0, HW=1.0.0, FPGA=1.3.3, protocol=1.0.0
2025-09-24 18:39:49 - open complete
2025-09-24 18:39:49 - read(duration=None, contiguous_duration=0.25, out_format=None)
2025-09-24 18:39:49 - received stop callback: pending stop
2025-09-24 18:39:49 - read available range 42949904, 43201904
2025-09-24 18:39:49 - read actual 42951904, 43201904
2025-09-24 18:39:49 - close
2025-09-24 18:39:49 - device_close(u/js220/003155)
2025-09-24 18:39:49 - bulk_in_finalize ep=0x82
2025-09-24 18:39:50 - Executing Battery test case : To validate tag LBI value 
  
2025-09-24 18:39:56 - tag1skey2
2025-09-24 18:40:07 - {"Device Type": "Tag", "Tag ID": 17686527, "RSSI": "-51.00 dBm", "Monitor ID": 2615964, "CMD": 0, "Status Byte": "00000010", "Button 4": "0", "Button 3": "0", "Button 2": "0", "Button 1": "0", "Motion Flag": "0", "Retry Count": 1, "Reserved": "0", "IR ID": 5, "Version": 107, "Astar ID": 1, "LBI": 3288, "CMD3": "6b0006", "Timestamp": "2025-09-24 13:09:57", "EKEY": 0, "LF Flag": 2}
2025-09-24 18:40:07 - Validation successful!
2025-09-24 18:40:07 - Executing Location : To validate Location packet 
 
2025-09-24 18:40:10 - servo1.start
2025-09-24 18:40:17 - servo1.stop
2025-09-24 18:40:18 - Executing Motion : To validate Motion flag 
2025-09-24 18:40:21 - servo1.start
2025-09-24 18:40:28 - servo1.stop
2025-09-24 18:40:30 - close
2025-09-24 18:40:30 - jsdrv_finalize 000002090D4FDDE0
2025-09-24 18:40:30 - USB backend finalize
2025-09-24 18:40:30 - JS220 USB upper-level thread done u/js220/003155
2025-09-24 18:40:30 - finalize usb backend
2025-09-24 18:40:30 - winusb backend finalize
2025-09-24 18:40:30 - USB backend_thread done
2025-09-24 18:40:30 - USB device_thread closing u/js220/003155
2025-09-24 18:40:30 - device_close(u/js220/003155)
2025-09-24 18:40:30 - USB device_thread closed u/js220/003155
